name,species_id,temperament,origin,country_code,description,breed_group,history,image,weight_min_kg,weight_max_kg,weight_avg_kg,height_min_cm,height_max_cm,height_mid_cm,life_span_min_years,life_span_max_years,life_span_mid_years
Affenpinscher,2,"confident, alert, playful, loyal, courageous",Germany,DE,"Small, sturdy toy breed with a distinctive monkey-like expression and shaggy, wiry coat. Known for its confident, terrier-like personality despite its small size.",Toy,"Originating in 17th-century Germany, bred down from larger terriers to be skilled ratters in homes, kitchens and stables. Refined in Munich and Berlin, recognized by AKC in 1936. Name translates to 'monkey-like terrier'.","{'id': '0LJiOVlxp', 'url': 'https://cdn2.thedogapi.com/images/0LJiOVlxp.jpg', 'width': 2048, 'height': 1880}",3.2,4.5,3.85,23.0,29.0,26.0,12.0,15.0,13.5
Afghan Hound,2,"independent, dignified, aloof, loyal, confident",Afghanistan,AF,"Ancient, elegant sighthound with dramatic, flowing silky coat and aristocratic bearing, bred for hunting large prey in mountainous terrain",Hound,"Ancient sighthound originating in the mountainous regions of Afghanistan, where they were prized for hunting large prey like gazelles and leopards. Valued for their speed, stamina, and problem-solving intelligence over rugged terrain. Introduced to the Western world by British officers in the early 20th century.","{'id': 'tChrH8dDJ', 'url': 'https://cdn2.thedogapi.com/images/tChrH8dDJ.jpg', 'width': 2400, 'height': 2487}",20.0,30.0,25.0,63.0,74.0,68.5,12.0,15.0,13.5
Africanis,2,"intelligent, loyal, alert, adaptable, independent",Southern Africa,ZA,"Medium-sized, athletic landrace dog indigenous to Southern Africa with variable appearance and short coat, naturally evolved through centuries of selection by African communities and adapted to harsh environments",Primitive,"Ancient landrace breed indigenous to Southern Africa, naturally developed by African communities over thousands of years through natural selection rather than deliberate breeding. Recognized by the Kennel Union of Southern Africa as an emerging breed but not by major international kennel clubs.","{'id': 'OAr3CJcw9i', 'url': 'https://cdn4.thedogapi.com/optimized/OAr3CJcw9i.jpg', 'width': 1056, 'height': 1008}",20.0,34.0,27.0,48.0,60.0,54.0,10.0,15.0,12.5
Aidi,2,"alert, protective, independent, loyal, courageous, intelligent, energetic","Atlas Mountains, Morocco",MA,"Medium to large, powerful and muscular Moroccan mountain dog with thick, weather-resistant double coat bred as a livestock guardian and protector in the rugged Atlas Mountains",Working,"Ancient Berber breed from the Atlas Mountains of Morocco, used for centuries by Berber tribes as a livestock guardian protecting herds of sheep and goats from predators. Valued for its courage, adaptability, and keen senses in protecting property and tents.","{'id': 'dK6eTCqT2i', 'url': 'https://storage.googleapis.com/dog-api-uploads-prod/originals/fce08255-a9d4-4d01-81b7-0062500915f2.jpeg', 'width': 1408, 'height': 768}",23.0,25.0,24.0,46.0,62.0,54.0,10.0,12.0,11.0
Airedale Terrier,2,"confident, intelligent, courageous, alert, energetic, outgoing","Yorkshire, England",GB,"The largest of all terrier breeds, the Airedale is a large, athletic dog with a distinctive wiry black and tan coat and confident, alert demeanor. Known as the 'King of Terriers', this highly intelligent and versatile breed combines courage with an outgoing temperament.",Terrier,"Developed in the Aire Valley of Yorkshire, England, by crossing Otterhounds with various terrier breeds. Originally bred by working-class fanciers to hunt otters and rats, their intelligence and courage led to their use as police dogs, war dogs, and all-around companions.","{'id': 'QWRBrrIvB', 'url': 'https://cdn2.thedogapi.com/images/QWRBrrIvB.jpg', 'width': 1600, 'height': 1200}",18.0,32.0,25.0,56.0,61.0,58.5,11.0,14.0,12.5
Airedoodle,2,"intelligent, energetic, courageous, loyal, friendly, alert",United States,US,"Large, intelligent crossbreed resulting from crossing an Airedale Terrier with a Standard Poodle, combining the terrier's confident, courageous nature with the Poodle's intelligence and low-shedding coat qualities",Mixed,"Modern designer crossbreed developed in the US by crossing the versatile, courageous Airedale Terrier with the intelligent Standard Poodle. The goal was to combine the Poodle's intelligence and low-shedding coat with the Airedale's confidence and sturdiness. Not recognized by major kennel clubs","{'id': 'Y66aU7llPX', 'url': 'https://cdn4.thedogapi.com/optimized/Y66aU7llPX.jpg', 'width': 1408, 'height': 768}",18.0,32.0,25.0,53.0,69.0,61.0,10.0,15.0,12.5
Akbash,2,"independent, protective, calm, alert, loyal, intelligent",Western Turkey,TR,"Large, powerful, all-white livestock guardian dog from Turkey with lean athletic build, known for its independent nature and strong protective instincts. The distinctive white coat helped shepherds distinguish it from predators at a distance.",Guardian,"Ancient breed developed over 3,000 years ago in western Turkey for guarding livestock, particularly in the Akbash region. The white coat helped shepherds distinguish the dogs from predators. Introduced to North America in the 1970s for predator control programs.","{'id': 'w1Cal_vrT', 'url': 'https://cdn2.thedogapi.com/images/w1Cal_vrT.jpg', 'width': 1600, 'height': 1200}",34.0,64.0,49.0,69.0,86.0,77.5,10.0,12.0,11.0
Akita,2,"courageous, loyal, dignified, independent, protective, alert",Japan,JP,"A large, powerful spitz-type dog of Japanese origin with a bear-like head, dense double coat, and full curled tail. Known for its dignified presence, imposing stature, and courageous, loyal temperament.",Working,"Ancient Japanese breed developed in the mountainous Akita prefecture for hunting large game including wild boar and bear. Revered in Japanese culture as a symbol of health, happiness, and good fortune. The breed was nearly lost after World War II but was preserved by dedicated breeders and designated as a national treasure in Japan.","{'id': 'iNX25KsSX', 'url': 'https://cdn2.thedogapi.com/images/iNX25KsSX.jpg', 'width': 2362, 'height': 2355}",32.0,59.0,45.5,61.0,71.0,66.0,10.0,13.0,11.5
Aksaray Malaklisi,2,"protective, loyal, independent, calm, alert, courageous, intelligent","Aksaray Province, Central Anatolia, Turkey",TR,"A giant and powerful livestock guardian dog from the Aksaray region of Turkey, characterized by its massive frame, muscular build, and pendulous lips from which it gets its name ('Malakli' meaning 'with lips'). Known for exceptional size and protective instincts.",Working,"Ancient Turkish breed developed as a landrace in the Aksaray region of central Turkey for livestock protection against large predators such as wolves and bears. Closely related to Turkish mastiff and guardian breeds, recognized by Turkish cynology organizations as distinct from the Kangal Shepherd Dog","{'id': 'JeEa01pVeW', 'url': 'https://cdn4.thedogapi.com/optimized/JeEa01pVeW.jpg', 'width': 1200, 'height': 896}",50.0,90.0,70.0,70.0,86.0,78.0,8.0,12.0,10.0
Alano Español,2,"loyal, courageous, protective, intelligent, confident",Spain,ES,"A large, athletic Molosser-type dog with a powerful, agile build and brachycephalic head. This robust Spanish breed has a short coat, serious expression, and strong working instincts, historically used as a catch dog for large game and cattle work.",Working,"Ancient Spanish Molosser breed tied to dogs brought by Alani tribes in 5th century. Traditionally used for hunting large game, cattle herding, and guard work. Nearly extinct but recovered in late 20th century from remaining specimens in rural Spain.","{'id': 'lgmZxkDwTH', 'url': 'https://cdn4.thedogapi.com/optimized/lgmZxkDwTH.jpg', 'width': 1184, 'height': 896}",30.0,40.0,35.0,55.0,65.0,60.0,10.0,14.0,12.0
Alapaha Blue Blood Bulldog,2,"loyal, protective, intelligent, confident, alert","Alapaha River region of southern Georgia, United States",US,"A powerful, athletic bulldog breed with distinctive blue merle or patched coat patterns and muscular build. Originally developed as a 'catch dog' for farm work, livestock protection, and family guardian with strong protective instincts.",Working,"Developed in the Alapaha River region of southern Georgia as a multi-purpose catch dog for working cattle and hogs, and as a family guardian. Descended from Old English Bulldogs and recreated the original plantation bulldogs of the 1800s, maintained by the Lane family.","{'id': '33mJ-V3RX', 'url': 'https://cdn2.thedogapi.com/images/33mJ-V3RX.jpg', 'width': 1828, 'height': 2065}",25.0,41.0,33.0,46.0,61.0,53.5,12.0,13.0,12.5
Alaskan Husky,2,"energetic, intelligent, work-focused, athletic, friendly, independent","Alaska, United States",US,"Medium-sized athletic sled dog bred for performance rather than appearance, with variable coat colors and exceptional endurance. Built for speed and arctic conditions, this working dog represents a blend of various Northern breeds and pointers optimized for sled racing.",Mixed,"Developed in Alaska as a purpose-bred sled dog through selective breeding of various northern breeds (Siberian Husky, Alaskan Malamute, Inuit dogs) with European breeds like Pointers, Greyhounds, and Salukis to create the ideal combination of speed, endurance, and work ethic for sled racing","{'id': 'Nk8cSr_aj', 'url': 'https://cdn2.thedogapi.com/images/Nk8cSr_aj.jpg', 'width': 1350, 'height': 869}",16.0,27.0,21.5,51.0,66.0,58.5,10.0,15.0,12.5
Alaskan Klee Kai,2,"alert, intelligent, energetic, loyal, curious, playful","Wasilla, Alaska, United States",US,"Small to medium spitz-type dog resembling a miniature Alaskan Husky with striking masked face, erect ears, curled tail, and lively, alert personality",Non-Sporting,"Developed in the 1970s by Linda S. Spurlin in Alaska to create a companion-sized version of the Alaskan Husky. Foundation stock included Siberian and Alaskan Huskies, with potential crosses of Schipperke and American Eskimo Dog to reduce size. Recognized by UKC but not currently AKC recognized.","{'id': '4xSi03c0uC', 'url': 'https://cdn4.thedogapi.com/optimized/4xSi03c0uC.jpg', 'width': 1104, 'height': 960}",4.5,10.4,7.45,33.0,43.0,38.0,,,
Alaskan Malamute,2,"affectionate, friendly, loyal, playful, intelligent, energetic, outgoing","Alaska, United States",US,"An immensely strong, heavy-duty freighting dog of spitz type, the Alaskan Malamute is a large, powerful Arctic sled dog with a thick double coat, deep chest, well-muscled body, wolf-like appearance, and characteristically plumed tail carried over the back",Working,"One of the oldest Arctic sled dogs, developed by the native Mahlemut Inuit tribe of northwestern Alaska. Essential for survival, used for hauling heavy freight across Arctic terrain, hunting large predators like seals and polar bears","{'id': 'GhtSdrW29', 'url': 'https://cdn2.thedogapi.com/images/GhtSdrW29.jpg', 'width': 3888, 'height': 2592}",32.0,41.0,36.5,56.0,66.0,61.0,10.0,14.0,12.0
Alopekis,2,"intelligent, alert, loyal, adaptable, energetic, playful",Greece,GR,"Small, fox-like Greek primitive landrace breed with wedge-shaped head and agile build, historically used as an all-purpose farm dog for companionship, watching, and vermin control",Primitive,"Ancient Greek landrace breed with depictions found on ancient pottery, traditionally used as versatile farm companion for vermin control and watchdog duties. Kept for thousands of years in rural Greek communities, with current preservation and standardization efforts ongoing for official recognition.","{'id': 'aaYs2IPh2L', 'url': 'https://storage.googleapis.com/dog-api-uploads-prod/originals/f486f51f-73fb-4e75-b79d-45aeaaa0f471.jpeg', 'width': 1408, 'height': 768}",3.0,7.0,5.0,20.0,32.0,26.0,,,
Alpine Dachsbracke,2,"intelligent, courageous, loyal, work-focused, energetic",Austria,AT,"Sturdy, short-legged Austrian scent hound with dense double coat, originally bred for tracking wounded game in high-altitude Alpine terrain. Built low-to-the-ground with a robust, weather-resistant build designed for rugged mountainous conditions.",Hound,"Developed in the Austrian Alps during the mid-19th century as a durable scent hound for tracking wounded deer, boar, and hare over rugged terrain. Descended from larger Austrian hounds crossed with Dachshunds, it was a favorite of Crown Prince Rudolf of Habsburg and is officially recognized by the FCI.","{'id': 'CDaBctcuIR', 'url': 'https://cdn4.thedogapi.com/optimized/CDaBctcuIR.jpg', 'width': 1360, 'height': 784}",15.0,18.0,16.5,34.0,42.0,38.0,12.0,14.0,13.0
American Bulldog,2,"confident, loyal, protective, energetic, affectionate, courageous",United States,US,"A powerful, athletic, short-coated dog of the molosser type with a broad head and muscular build, known for its confidence, strength, and loyalty as a family companion and guardian. Originally bred for farm work and protection.",Working,"Descended from Old English Bulldogs brought by working-class immigrants to the American South. Developed as versatile all-around farm utility dogs for guarding property, catching livestock, and protection. The breed was preserved from near extinction after WWII by breeders John D. Johnson and Alan Scott.","{'id': 'jDnFo8MXy', 'url': 'https://cdn2.thedogapi.com/images/jDnFo8MXy.jpg', 'width': 2560, 'height': 1920}",27.0,45.0,36.0,51.0,64.0,57.5,10.0,12.0,11.0
American Bully,2,"confident, gentle, loyal, affectionate, outgoing, eager to please",United States,US,"A compact, muscular companion breed with a powerfully built body, broad head, and confident demeanor. Known for its gentle, affectionate nature and loyalty to family, the American Bully was developed from American Pit Bull Terriers and other bully breeds to create an excellent companion dog with a stable temperament.",Companion,"Developed in the United States between the 1980s and 1990s as a companion breed through selective breeding of American Pit Bull Terriers, American Staffordshire Terriers, and other bulldog-type breeds to produce a dog with a gentler temperament and more muscular, 'bullier' physique. Recognized by the United Kennel Club in 2013.","{'id': 'KcUu-6YV0', 'url': 'https://cdn2.thedogapi.com/images/KcUu-6YV0.jpg', 'width': 2048, 'height': 1365}",25.0,54.0,39.5,41.0,51.0,46.0,8.0,13.0,10.5
American Cocker Spaniel,2,"gentle, smart, happy, outgoing, affectionate",United States,US,"The smallest member of the Sporting Group, the American Cocker Spaniel is a medium-sized sporting dog with a beautifully chiseled head, long flowing silky coat, long ears, and gentle expression",Sporting,"Developed in the United States from English Cocker Spaniels brought over in the late 1800s. American breeders selected for smaller size, more refined head, and heavier coat for woodcock hunting, leading to recognition as a separate breed by the AKC in 1946","{'id': 'IKwhmJWCwN', 'url': 'https://cdn4.thedogapi.com/optimized/IKwhmJWCwN.jpg', 'width': 1200, 'height': 880}",9.0,14.0,11.5,34.0,39.0,36.5,10.0,14.0,12.0
American English Coonhound,2,"energetic, friendly, intelligent, alert, work-focused",United States,US,"Athletic medium to large scent hound with excellent tracking ability, swift and powerful build, and a hard, protective short coat. Bred for treeing raccoons and fox, known for speed, endurance, and distinctive melodious baying.",Hound,"Descended from English Foxhounds brought to American colonies in the 17th and 18th centuries. Developed by breeders in the American South for hunting raccoons and foxes in rougher terrain, recognized by AKC in 2011","{'id': 'QZZXQl1UXs', 'url': 'https://cdn4.thedogapi.com/optimized/QZZXQl1UXs.jpg', 'width': 1392, 'height': 768}",18.0,30.0,24.0,58.0,66.0,62.0,11.0,12.0,11.5
American Eskimo Dog,2,"intelligent, alert, friendly, playful, energetic, eager to please",United States,US,"Compact spitz-type companion dog with distinctive dense white double coat, black points on lips, nose, and eye rims, wedge-shaped head, and plumed tail carried over the back. Available in three sizes (toy, miniature, standard) with an alert expression and striking appearance.",Non-Sporting,"Descended from white German Spitz dogs brought to America by German immigrants. Name changed from German Spitz to American Eskimo Dog during World War I due to anti-German sentiment. Became popular circus performers in the 19th and early 20th centuries, recognized by AKC in 1994","{'id': 'EB8A5HQHX', 'url': 'https://cdn2.thedogapi.com/images/EB8A5HQHX.jpg', 'width': 1920, 'height': 1631}",3.0,16.0,9.5,23.0,48.0,35.5,,,
American Foxhound,2,"independent, friendly, gentle, energetic, intelligent",United States,US,"A sleek, powerful scenthound with a long, fine-boned body and athletic build, known for incredible stamina, speed, and melodious baying voice. One of the oldest American-bred dogs, developed for endurance and pack hunting.",Hound,"Developed from English Foxhounds imported to Colonial America in the 1650s, refined for American terrain and fox hunting. George Washington was a key figure in the breed's development, breeding them to be lighter, taller, and faster for hunting American red fox over varied terrain.","{'id': 'S14n1x9NQ', 'url': 'https://cdn2.thedogapi.com/images/S14n1x9NQ_1280.jpg', 'width': 3000, 'height': 2400}",27.0,32.0,29.5,53.0,64.0,58.5,11.0,13.0,12.0
American Hairless Terrier,2,"alert, energetic, intelligent, friendly, playful, curious",United States,US,"Small to medium-sized, active and inquisitive terrier that comes in both hairless and coated varieties, notable for its alert expression, compact build, and friendly, intelligent nature",Terrier,"Originated in Louisiana in 1972 when a hairless puppy named Josephine was born in a litter of Rat Terriers. Developed by Edwin and Willie Scott, recognized by UKC in 1999 and AKC in 2016","{'id': 'ah0OKUinZL', 'url': 'https://cdn4.thedogapi.com/optimized/ah0OKUinZL.jpg', 'width': 848, 'height': 1264}",5.0,7.0,6.0,30.0,41.0,35.5,,,
American Leopard Hound,2,"intelligent, energetic, loyal, work-focused, protective, athletic",United States,US,"Medium to large athletic scent hound known for its distinctive leopard-spotted or patched coat pattern and exceptional tracking ability. A tough, powerful, and driven American tree and trailing hound with strong hunting instincts and versatile hunting capabilities.",Hound,"One of the oldest American tree hound breeds, developed in North Carolina from dogs brought by Spanish conquistadors crossed with other scent hounds. Officially recognized by United Kennel Club in 1960s, bred for exceptional trailing and treeing abilities on variety of game.","{'id': 'CoV6SyP6Hk', 'url': 'https://cdn4.thedogapi.com/optimized/CoV6SyP6Hk.jpg', 'width': 1200, 'height': 896}",16.0,34.0,25.0,53.0,69.0,61.0,12.0,15.0,13.5
American Pit Bull Terrier,2,"confident, intelligent, loyal, affectionate, eager to please, energetic",United States,US,"Medium-sized, muscular terrier with athletic build and short coat, known for its strength, confidence, intelligence, and affectionate nature towards people. Possesses great strength for its size and is both athletic and agile.",Terrier,Developed in the late 19th century from English bull-and-terrier breeds brought to America. Originally bred for bull-baiting and later refined as all-around farm dogs and loyal family companions. First recognized by the United Kennel Club in 1898.,"{'id': 'oFvaQYx899', 'url': 'https://storage.googleapis.com/dog-api-uploads-prod/originals/a728c8bc-2a50-4d54-a903-91e5ab416294.jpeg', 'width': 1312, 'height': 816}",14.0,27.0,20.5,43.0,53.0,48.0,12.0,16.0,14.0
American Staffordshire Terrier,2,"confident, courageous, loyal, intelligent, smart",United States,US,"A muscular, stocky, but agile medium-sized terrier of remarkable strength with a broad head, strong build, smooth coat and confident, good-natured personality",Terrier,"Developed in the 19th century from crosses of bulldogs and terriers brought to America in the 1800s. Originally bred for bull-baiting and pit fighting, later refined to be larger than English Staffordshire Bull Terriers and developed into all-purpose farm dogs and family companions. Recognized by the AKC in 1936.","{'id': '1AXCw6rj56', 'url': 'https://storage.googleapis.com/dog-api-uploads-prod/originals/fae232c8-6b6a-4b93-9f8a-09d0339b2a48.jpeg', 'width': 1008, 'height': 1056}",18.0,32.0,25.0,43.0,48.0,45.5,12.0,16.0,14.0
American Water Spaniel,2,"eager to please, intelligent, energetic, alert, happy","Wisconsin, United States",US,"Medium-sized versatile sporting dog with distinctive curly or wavy chocolate or liver coat, bred for hunting waterfowl in the icy waters and marshy banks of the Great Lakes region",Sporting,"Developed in the 19th century in the Fox and Wolf River valleys of Wisconsin as a compact, versatile hunter that could work from a skiff or boat. Ancestry likely includes Irish Water Spaniel and Curly-Coated Retriever. Named the state dog of Wisconsin in 1985 and foundation breed for the Boykin Spaniel, recognized by AKC in 1940.","{'id': 'SkmRJl9VQ', 'url': 'https://cdn2.thedogapi.com/images/SkmRJl9VQ_1280.jpg', 'width': 1600, 'height': 1264}",11.0,20.0,15.5,38.0,46.0,42.0,10.0,14.0,12.0
Andalusian Terrier,2,"intelligent, energetic, alert, loyal, courageous, playful","Andalusia, Spain",ES,"A slender, medium-sized Spanish working terrier with a predominantly white coat and characteristic head markings, known for its lively, athletic nature and energetic, alert temperament",Terrier,"Developed in the late 19th and early 20th centuries in the Andalusia region of Spain, particularly in the province of Cádiz. Originated from crosses between Fox Terriers brought by English wine merchants and local ratter dogs used to control vermin in wineries (bodegas). Traditional Spanish working terrier developed for vermin control, hunting, and farm work; recognized by regional and national breed clubs in Spain though not by AKC or FCI","{'id': 'CsraIMHSeT', 'url': 'https://cdn4.thedogapi.com/optimized/CsraIMHSeT.jpg', 'width': 928, 'height': 1152}",8.0,12.0,10.0,36.0,43.0,39.5,12.0,15.0,13.5
Anglo-Français de Petite Vénerie,2,"energetic, intelligent, alert, loyal, work-focused, devoted",France,FR,"Medium-sized, elegant and well-balanced French scenthound with a short tricolor coat, bred for hunting small game in packs with excellent scenting ability and strong pack hunting instincts",Hound,Developed in France by crossing English Foxhounds and Harriers with various French scenthound breeds like the Poitevin and Porcelaine to create efficient pack hounds suited for 'petite vénerie' - the hunting of small game,"{'id': 'FXEdpvJhEP', 'url': 'https://storage.googleapis.com/dog-api-uploads-prod/originals/882efc4d-12ea-4da2-ac75-90a116e8c86b.jpeg', 'width': 1408, 'height': 768}",16.0,20.0,18.0,48.0,56.0,52.0,12.0,14.0,13.0
Appenzeller Sennenhund,2,"energetic, intelligent, confident, loyal, alert, work-focused","Appenzell region, Switzerland",CH,"Medium-sized, muscular and agile Swiss mountain dog with distinctive tricolor coat and tightly curled tail carried over the back. Known for their lively, self-assured expression and work-focused temperament, this ancient breed combines herding instincts with guarding abilities.",Working,"One of the four Swiss Sennenhund breeds, this ancient breed from the Appenzell region was used for centuries as an all-purpose farm dog for herding cattle, guarding property, and pulling carts. Formally established in the late 19th century through the efforts of forester Max Siber and Professor Albert Heim.","{'id': 'lIYQQfaDwr', 'url': 'https://storage.googleapis.com/dog-api-uploads-prod/originals/2d8c642c-6f86-4275-bbba-a7f0a1c088f5.jpeg', 'width': 864, 'height': 1216}",20.0,32.0,26.0,48.0,56.0,52.0,12.0,15.0,13.5
Argentine Pila,2,"affectionate, alert, playful, gentle, intelligent",Argentina,AR,"An elegant and slender hairless dog native to Argentina, known for its soft, warm skin and lively, alert temperament. The breed comes in three size varieties and is prized as a companion dog.",Spitz and Primitive Types,"An ancient hairless breed native to Argentina, believed to have descended from dogs brought by pre-Incan peoples. Related to other South American hairless breeds and traditionally kept as a companion for perceived therapeutic warmth among indigenous peoples.","{'id': '4SKqYWkRnW', 'url': 'https://cdn4.thedogapi.com/optimized/4SKqYWkRnW.jpg', 'width': 1312, 'height': 816}",4.0,25.0,14.5,25.0,51.0,38.0,12.0,15.0,13.5
Ariégeois,2,"gentle, calm, intelligent, loyal, affectionate, friendly","Ariège, France",FR,"Medium-sized, elegant French scenthound with distinctive tricolor coat, lean body, long ears, and light limbs. Bred for pack-hunting hare and deer, known for keen nose, stamina, and scent-tracking abilities.",Hound,Developed in the Ariège region of southern France in the early 20th century by crossing local briquet hounds with Grand Bleu de Gascogne and Grand Gascon-Saintongeois to create a versatile and durable pack hound for hunting hare,"{'id': 'hmOHpgNB1H', 'url': 'https://cdn4.thedogapi.com/optimized/hmOHpgNB1H.jpg', 'width': 1056, 'height': 1008}",22.0,30.0,26.0,50.0,61.0,55.5,10.0,14.0,12.0
Ariège Pointer,2,"intelligent, gentle, docile, loyal, work-focused, adaptable","Ariège, France",FR,"Medium to large, elegant and muscular French pointing dog with distinctive orange and white coat pattern and fine nose, known for its endurance, docile nature, and versatile hunting abilities",Sporting,"Originated in the Ariège region of southern France in the 19th century, descended from old French pointing breeds crossed with Spanish Pointer and other southern pointing breeds. Faced near extinction after World War II but was revived by passionate breeders in the 1990s.","{'id': 'gl5sDwrqvg', 'url': 'https://cdn4.thedogapi.com/optimized/gl5sDwrqvg.jpg', 'width': 1136, 'height': 944}",22.0,30.0,26.0,56.0,67.0,61.5,12.0,14.0,13.0
Armant,2,"loyal, courageous, intelligent, protective, alert",Egypt,EG,"Medium-sized Egyptian herding dog with a sturdy, well-muscled build and distinctive shaggy, wiry coat. Known for being courageous, protective, and alert with an intelligent expression.",Herding,"Named after the town of Armant along the Nile in Egypt, believed to have descended from European herding dogs, possibly Briards, brought by Napoleon's armies and crossed with native Egyptian dogs. Developed as versatile livestock guardians and herding dogs, officially recognized in Egypt as the national herding breed.","{'id': 'QwT4EBPJLg', 'url': 'https://cdn4.thedogapi.com/optimized/QwT4EBPJLg.jpg', 'width': 1200, 'height': 896}",23.0,29.0,26.0,53.0,58.0,55.5,12.0,14.0,13.0
Armenian Gampr,2,"protective, independent, loyal, calm, intelligent",Armenian Highlands,AM,"Large, powerful ancient livestock guardian dog from the Armenian Highlands, known for its thick double coat, formidable protective instincts, and independent temperament developed through millennia of natural selection",Working,"Ancient landrace breed native to the Armenian Highlands, used for millennia as livestock and home guardian protecting against predators and intruders, developed through natural selection rather than selective breeding for appearance","{'id': 'PnA50DsXJt', 'url': 'https://storage.googleapis.com/dog-api-uploads-prod/originals/45445836-56d0-4d66-9f9d-2f8140cf4b6c.jpeg', 'width': 1408, 'height': 768}",41.0,68.0,54.5,58.0,71.0,64.5,12.0,14.0,13.0
Artois Hound,2,"energetic, loyal, alert, courageous, calm, affectionate","Artois, France",FR,"Medium-sized French scent hound with distinctive short, dense tricolor coat and powerful build. Known for its endurance, strong hunting instincts, and calm yet energetic temperament.",Hound,"Ancient French scenthound from the Artois region dating back to the 15th century, descended from the St. Hubert Hound. Used by nobility for hunting, the breed faced near extinction after World War II but was revived in the 1970s by dedicated breeders following historical standards","{'id': 'tK427WKY9r', 'url': 'https://cdn4.thedogapi.com/optimized/tK427WKY9r.jpg', 'width': 1232, 'height': 864}",23.0,30.0,26.5,51.0,61.0,56.0,12.0,15.0,13.5
Aussiedoodle,2,"intelligent, energetic, friendly, loyal, affectionate, playful",United States,US,"Designer crossbreed combining Australian Shepherd and Poodle traits, known for high intelligence, energetic nature, and often a low-shedding coat with varied coat types",Mixed,Modern designer crossbreed developed in the late 20th century/1990s in the United States by crossing Australian Shepherd and Poodle to create a highly intelligent low-shedding companion dog,"{'id': '3NmiFCb8cr', 'url': 'https://cdn4.thedogapi.com/optimized/3NmiFCb8cr.jpg', 'width': 1408, 'height': 768}",16.0,32.0,24.0,46.0,64.0,55.0,10.0,15.0,12.5
Australian Cattle Dog,2,"intelligent, alert, loyal, energetic, courageous",Australia,AU,"Compact, muscular working dog with distinctive coat markings and exceptional endurance for cattle herding; known as the Heeler",Herding,"Developed in 19th century Australia by crossing British herding dogs including blue merle Collies with native Dingo, with later infusions of Dalmatian and Black and Tan Kelpie to create a hardy cattle herding dog for harsh Australian conditions","{'id': 'ZxP-viFTK', 'url': 'https://cdn2.thedogapi.com/images/ZxP-viFTK.jpg', 'width': 1080, 'height': 1350}",16.0,23.0,19.5,43.0,51.0,47.0,12.0,16.0,14.0
Australian Kelpie,2,"intelligent, energetic, loyal, work-focused, alert",Australia,AU,"Medium-sized athletic herding dog with exceptional energy and intelligence, developed for working sheep over vast distances in harsh Australian conditions. Known for their lithe, agile build and inexhaustible work ethic.",Herding,Developed in Australia during the late 19th century from crosses of imported Scottish Collies with Dingoes and other working dogs to create the ultimate sheep herding dog capable of working independently over vast distances in harsh climates,"{'id': '2pZrCf0DNu', 'url': 'https://storage.googleapis.com/dog-api-uploads-prod/originals/e4eea683-60f7-4095-9dc1-d35458f1d9ac.jpeg', 'width': 1216, 'height': 880}",12.0,21.0,16.5,41.0,51.0,46.0,12.0,16.0,14.0
Australian Shepherd,2,"intelligent, energetic, work-focused, loyal, devoted, athletic",Western United States,US,"Medium-sized, agile herding dog with striking multicolored coat, expressive eyes, and keen herding instincts. Known for their intense work drive and weather-resistant double coat.",Herding,"Despite its name, the Australian Shepherd was developed in the American West in the 19th century from Basque shepherd dogs brought by immigrants from the Pyrenees region. The breed's intelligence and versatility made it popular on the rodeo circuit and for ranching work.","{'id': 'G0k1fak65p', 'url': 'https://storage.googleapis.com/dog-api-uploads-prod/originals/941d27a3-a346-4b56-bfed-a76d4ec745cd.jpeg', 'width': 1264, 'height': 848}",18.0,29.0,23.5,46.0,58.0,52.0,12.0,15.0,13.5
Australian Silky Terrier,2,"friendly, intelligent, alert, energetic, confident",Australia,AU,"A small, spirited toy terrier with a refined but substantial build, characterized by its long, straight, glossy blue-and-tan silky coat that is parted down the middle and lively, alert demeanor",Toy,"Developed in Australia in the late 19th century by crossing Yorkshire Terriers with Australian Terriers to create a small companion dog with a long, silky coat, combining hardiness with refined features and vermin hunting ability","{'id': 'ByzGsl5Nm', 'url': 'https://cdn2.thedogapi.com/images/ByzGsl5Nm_1280.jpg', 'width': 1599, 'height': 1142}",3.5,5.0,4.25,23.0,25.0,24.0,,,
Australian Stumpy Tail Cattle Dog,2,"loyal, alert, energetic, intelligent, courageous, independent, work-focused",Australia,AU,"Medium-sized, rugged working dog with naturally short tail, bred for herding cattle in harsh Australian conditions. This compact, athletic breed combines intelligence, stamina, and exceptional herding prowess.",Herding,"Developed in the early-to-mid 1800s by Australian cattlemen crossing British herding dogs (such as the Smithfield) with native Australian dingo-type dogs. Bred specifically for working ability and natural bob-tail, developing parallel to the Australian Cattle Dog as an independent herding breed.","{'id': 'wgwRfjm7ZK', 'url': 'https://cdn4.thedogapi.com/optimized/wgwRfjm7ZK.jpg', 'width': 1264, 'height': 832}",14.5,23.0,18.75,43.0,51.0,47.0,12.0,15.0,13.5
Australian Terrier,2,"courageous, alert, friendly, loyal, intelligent",Australia,AU,"Small, sturdy terrier with harsh double coat and distinctive topknot, known for its spirited, alert expression and courageous personality",Terrier,"Developed in Australia during the 19th century from British terrier breeds including Cairn, Skye, and Yorkshire Terriers. Bred as all-purpose exterminators of rodents and snakes, as well as loyal watchdogs and companions. Recognized by AKC in 1960.","{'id': 'WjazcxuOMh', 'url': 'https://storage.googleapis.com/dog-api-uploads-prod/originals/f264d025-4b87-4be4-bf4d-8c7fbb327773.jpeg', 'width': 1120, 'height': 944}",7.0,9.0,8.0,25.0,28.0,26.5,11.0,15.0,13.0
Austrian Black and Tan Hound,2,"intelligent, friendly, energetic, work-focused, independent, loyal",Austria,AT,"Medium-sized, athletic scent hound with a smooth black coat and distinctive rich tan markings, renowned for its stamina, keen sense of smell, and elegant build. Developed specifically for tracking game in mountainous Alpine terrain.",Hound,"Descended from ancient Celtic Hounds (Keltenbracke), developed over centuries in Austria from Celtic Hounds and local hunting breeds. Modern form established in mid-19th century as a versatile and durable scenthound for tracking wounded game, primarily hare and fox, in high-altitude Alpine terrain.","{'id': 'iLdspBzjpF', 'url': 'https://cdn4.thedogapi.com/optimized/iLdspBzjpF.jpg', 'width': 912, 'height': 1168}",20.0,27.0,23.5,48.0,56.0,52.0,12.0,14.0,13.0
Austrian Pinscher,2,"alert, protective, loyal, energetic, confident, intelligent",Austria,AT,"Medium-sized, sturdy farm dog with robust build, distinctive pear-shaped head, and dense double coat, originally developed as a versatile guardian and ratter with strong protective instincts",Working,"Descended from old Austrian farm dogs of the 18th century, developed as versatile all-purpose farm dog for guarding livestock and controlling vermin. Systematic breeding began in 1921 with official recognition in 1928. Nearly extinct post-WWII and by the 1970s, saved through dedicated breeding programs using remaining bloodlines.","{'id': 'ox50ZwWo3v', 'url': 'https://cdn4.thedogapi.com/optimized/ox50ZwWo3v.jpg', 'width': 1264, 'height': 848}",12.0,18.0,15.0,40.0,50.0,45.0,12.0,14.0,13.0
Azawakh,2,"independent, loyal, alert, protective, affectionate, aloof","West Africa (Sahel region: Mali, Niger, Burkina Faso)",ML,"Elegant, tall sighthound from West Africa with a lean, muscular build, fine coat, and long legs built for speed and endurance in desert conditions of the Sahel region",Hound,"Ancient sighthound breed developed by nomadic Tuareg peoples of the Sahel region for hunting gazelle and other game, protecting livestock, and serving as companions. Bred for speed and stamina in Saharan and Sahelian conditions","{'id': 'kDnvvUI63Z', 'url': 'https://cdn4.thedogapi.com/optimized/kDnvvUI63Z.jpg', 'width': 1024, 'height': 1024}",15.0,25.0,20.0,60.0,74.0,67.0,12.0,15.0,13.5
Bắc Hà,2,"alert, loyal, intelligent, protective, independent","Bắc Hà District, Lào Cai Province, northern Vietnam",VN,"Medium-sized spitz-type dog from the mountainous regions of northern Vietnam, known for its dense double coat, wedge-shaped head, and distinctive lion-like mane. Alert and loyal breed adapted to cold mountain climates.",Spitz and Primitive Types,"Indigenous spitz-type breed developed by ethnic minority groups, particularly the Hmong people, in the mountainous Bắc Hà region of northern Vietnam. Traditionally used for hunting, guarding, and companionship. Officially recognized by the Vietnam Kennel Association in 2019.","{'id': 'AqtPMouV8k', 'url': 'https://cdn4.thedogapi.com/optimized/AqtPMouV8k.jpg', 'width': 1200, 'height': 896}",16.0,25.0,20.5,41.0,56.0,48.5,12.0,15.0,13.5
Bakharwal Dog,2,"loyal, protective, intelligent, courageous, independent","Jammu and Kashmir, India",IN,"Large, powerful mountain dog bred for guarding livestock in the Himalayas, featuring a dense double coat and strong protective instincts",Working,"Ancient livestock guardian of the Bakharwal and Gujjar tribes, used for centuries in the Himalayas for flock protection","{'id': '5ErDzjIiOU', 'url': 'https://cdn4.thedogapi.com/optimized/5ErDzjIiOU.jpg', 'width': 1200, 'height': 896}",35.0,60.0,47.5,56.0,76.0,66.0,9.0,13.0,11.0
Banjara Hound,2,"independent, loyal, alert, intelligent, courageous",India,IN,"Ancient, lean athletic sighthound landrace native to India, traditionally used by nomadic Banjara people for hunting game over harsh terrain. Known for endurance, loyalty, and speed, bred for function over form.",Hound,"Ancient landrace sighthound developed by the Banjara nomadic tribes of India, primarily in the Maharashtra region. For centuries bred for hunting deer, hare, and medium game over open terrain, also serving as flock guardian and family protector. Not recognized by major international kennel clubs but established in regional registries.","{'id': 'MY32nvFaii', 'url': 'https://cdn4.thedogapi.com/optimized/MY32nvFaii.jpg', 'width': 1184, 'height': 896}",22.0,35.0,28.5,61.0,76.0,68.5,10.0,14.0,12.0
Bankhar Dog,2,"protective, independent, loyal, calm, alert, intelligent",Mongolia,MN,"Large, powerful ancient livestock guardian dog from Mongolia with thick double coat and independent, protective temperament. This landrace breed is adapted to survive and work in harsh climates.",Working,"Ancient landrace livestock guardian breed developed by nomadic Mongolian herders for over 15,000 years to protect livestock from wolves snow leopards and other predators. Modern conservation efforts by organizations like the Mongolian Bankhar Dog Project work to preserve and reintroduce the breed to traditional working roles.","{'id': 'sPWW5PnLDM', 'url': 'https://cdn4.thedogapi.com/optimized/sPWW5PnLDM.jpg', 'width': 896, 'height': 1184}",32.0,57.0,44.5,61.0,76.0,68.5,12.0,15.0,13.5
Barak Hound,2,"energetic, intelligent, alert, independent, courageous",Bosnia and Herzegovina,BA,"Medium-sized rough-coated scent hound with distinctive tricolor coat, bred for hunting in mountainous terrain across the Balkans",Hound,"Descended from local hounds in the Balkans, developed for hunting wild boar and game in mountainous terrain. Recognized by FCI as the Bosnian Coarse-haired Hound (Bosanski Oštrodlaki Gonič – Barak)","{'id': 'EXPG7YlvxK', 'url': 'https://cdn4.thedogapi.com/optimized/EXPG7YlvxK.jpg', 'width': 1264, 'height': 848}",17.0,25.0,21.0,48.0,56.0,52.0,12.0,14.0,13.0
Barbado da Terceira,2,"intelligent, loyal, energetic, docile, playful, courageous, alert","Terceira Island, Azores, Portugal",PT,"Medium-sized, rugged Portuguese herding dog from the Azores with a distinctive long wavy coat and beard, known for its intelligence, docile nature, and lively disposition developed for cattle herding",Herding,Ancient indigenous breed developed on Terceira Island in the Azores by Portuguese settlers for herding and guarding cattle. Nearly faced extinction in the 20th century before conservation and revival efforts in the 1990s led to its preservation and recognition,"{'id': '924UxpK2AE', 'url': 'https://cdn4.thedogapi.com/optimized/924UxpK2AE.jpg', 'width': 1152, 'height': 928}",21.0,30.0,25.5,48.0,56.0,52.0,12.0,14.0,13.0
Barbet,2,"friendly, intelligent, loyal, playful, athletic, devoted",France,FR,"Medium-sized French water dog with distinctive long, dense, curly coat and webbed feet, bred for waterfowl retrieval. Known for its rustic, athletic build and joyful, intelligent disposition.",Sporting,"Ancient French water dog dating to 16th century, used for centuries to locate, flush and retrieve waterfowl in marshes and rivers. The breed's name derives from 'barbe' meaning beard. Nearly extinct after WWI but revived through dedicated breeding programs. Considered ancestor to several modern breeds including the Poodle and Briard. Officially recognized by the AKC in 2020.","{'id': 'HyWGexcVQ', 'url': 'https://cdn2.thedogapi.com/images/HyWGexcVQ_1280.jpg', 'width': 853, 'height': 1280}",17.0,28.0,22.5,51.0,65.0,58.0,12.0,14.0,13.0
Basenji,2,"independent, intelligent, alert, energetic, curious, affectionate",Central Africa,CD,"Small, elegant sighthound from Central Africa with a tightly curled tail, wrinkled forehead, and smooth coat. Known as the 'barkless dog' for its unique yodel-like vocalizations instead of traditional barking.",Hound,"Ancient breed originating in Central Africa, depicted in Egyptian and Babylonian art. Prized by Pygmy tribes and Congo region tribes as versatile hunters for their speed and silence. Brought to England in the 1930s and established in the West.","{'id': '1mYNTc1R6H', 'url': 'https://cdn4.thedogapi.com/optimized/1mYNTc1R6H.jpg', 'width': 1072, 'height': 992}",9.0,12.0,10.5,38.0,44.5,41.25,,,
Basque Shepherd Dog,2,"intelligent, loyal, energetic, alert, work-focused, devoted",Basque Country (Spain and France),ES,"An ancient medium-sized herding dog from the Basque Country, known for its rustic double coat, agility, and intelligence. Comes in two coat varieties: the rough-coated Iletsua and the smoother-coated Gorbeikoa, bred for working livestock in mountainous terrain.",Herding,"An ancient landrace breed developed by shepherds in the Basque region for herding and protecting livestock in mountainous terrain. Faced near extinction in the 20th century but was revived by dedicated breeders, leading to official recognition by the Real Sociedad Canina de España in 1995 and inclusion in AKC's Foundation Stock Service.","{'id': 'MnViD92bmV', 'url': 'https://cdn4.thedogapi.com/optimized/MnViD92bmV.jpg', 'width': 848, 'height': 1264}",17.0,36.0,26.5,43.0,61.0,52.0,12.0,15.0,13.5
Bassador,2,"friendly, loyal, gentle, intelligent, outgoing",United States,US,"Medium-to-large crossbreed with a long, sturdy body, short legs, and distinctive droopy ears of the Basset Hound combined with the friendly face and temperament of a Labrador Retriever",Mixed,Modern designer crossbreed developed in recent decades in North America by crossing Basset Hound and Labrador Retriever to combine friendly family-oriented traits with unique appearance and scenting abilities,"{'id': 'iQ5RXl4UOA', 'url': 'https://cdn4.thedogapi.com/optimized/iQ5RXl4UOA.jpg', 'width': 1344, 'height': 784}",20.0,34.0,27.0,33.0,51.0,42.0,10.0,13.0,11.5
Basset Artésien Normand,2,"affectionate, calm, gentle, intelligent, friendly","Artois and Normandy regions, France",FR,"A French short-legged scenthound with a long back, noble head, very long ears, and tricolour or bicolour coat, known for its tenacity on the trail and affectionate nature at home",Hound,"Developed in France from the older Basset d'Artois and Basset Normand breeds, standardized around 1924 by Léon Verrier for hunting small game like rabbit and hare either alone or in packs","{'id': 'BM9TUihIbe', 'url': 'https://cdn4.thedogapi.com/optimized/BM9TUihIbe.jpg', 'width': 1264, 'height': 848}",15.0,20.0,17.5,30.0,36.0,33.0,12.0,15.0,13.5
Basset Bleu de Gascogne,2,"gentle, friendly, alert, loyal, independent","Gascony, France",FR,"Medium-sized, low-slung French scent hound with distinctive blue-mottled coat, long drooping ears, and exceptional tracking abilities. Known for its noble expression and remarkable sense of smell.",Hound,Descended from the larger Grand Bleu de Gascogne developed in medieval Gascony region for hunting small game. Nearly extinct but revived in early 20th century by breeder Alain Bourbon,"{'id': 'BkMQll94X', 'url': 'https://cdn2.thedogapi.com/images/BkMQll94X_1280.jpg', 'width': 1280, 'height': 853}",16.0,18.0,17.0,33.0,38.0,35.5,10.0,14.0,12.0
Basset Fauve de Bretagne,2,"friendly, energetic, intelligent, courageous, alert, happy, outgoing, loyal, affectionate","Brittany, France",FR,"Small, compact scent hound with harsh, wiry fawn to golden-red coat and sturdy build. Known for its energetic, happy disposition and lively temperament, originally bred for hunting small game in Brittany.",Hound,"Developed in Brittany, France as a downsized version of the larger Grand Fauve de Bretagne (Griffon Fauve de Bretagne). Used for hunting small game like rabbit and hare. Nearly extinct after WWII but restored by crossing remaining dogs with breeds like Basset Griffon Vendeen.","{'id': 'zG2TentNGH', 'url': 'https://cdn4.thedogapi.com/optimized/zG2TentNGH.jpg', 'width': 1264, 'height': 848}",12.0,18.0,15.0,32.0,39.0,35.5,11.0,15.0,13.0
Basset Hound,2,"friendly, calm, gentle, loyal, independent, devoted",France,FR,"Low-slung, heavy-boned scent hound with distinctive long, velvety ears, mournful expression, and loose skin. Known for powerful tracking ability and calm demeanor.",Hound,"Developed by French aristocrats from hounds bred at the Abbey of St. Hubert for hunting small game in dense cover. Low-slung body perfected for trailing rabbits and hare, later refined in England for pack hunting.","{'id': 's0vseNSFBF', 'url': 'https://storage.googleapis.com/dog-api-uploads-prod/originals/74b9e98d-60c5-484d-ad62-4db57a0bc47e.jpeg', 'width': 1264, 'height': 848}",18.0,30.0,24.0,33.0,38.0,35.5,12.0,13.0,12.5
Bassettoodle,2,"friendly, intelligent, gentle, playful, loyal",United States,US,"Medium-sized mixed breed with long ears, short legs, and a wavy or curly coat, combining the Basset Hound's laid-back nature with Poodle intelligence and low-shedding coat",Mixed,"Modern designer crossbreed developed in the United States by combining Basset Hound and Standard Poodle, aiming to create a companion dog with the Poodle's intelligence and hypoallergenic coat combined with the Basset's friendly, easygoing temperament","{'id': '1BFUu5GZHt', 'url': 'https://cdn4.thedogapi.com/optimized/1BFUu5GZHt.jpg', 'width': 1408, 'height': 768}",9.0,32.0,20.5,30.0,41.0,35.5,10.0,14.0,12.0
Bavarian Mountain Hound,2,"calm, loyal, intelligent, devoted, courageous, work-focused","Bavaria, Germany",DE,"Medium-sized, lean and muscular scent hound with exceptional tracking abilities and endurance, developed for following wounded game in mountainous terrain. Known for its calm and poised demeanor combined with courage and devotion.",Hound,"Developed in 19th century Bavaria by crossing Hanoverian Scenthounds with Alpine hunting dogs and local mountain dogs to create a lighter, more agile dog capable of tracking wounded game on cold trails through difficult mountainous terrain","{'id': 'T4g4ZPPgnP', 'url': 'https://cdn4.thedogapi.com/optimized/T4g4ZPPgnP.jpg', 'width': 1280, 'height': 832}",17.0,25.0,21.0,43.0,52.0,47.5,12.0,15.0,13.5
Beagle,2,"friendly, gentle, alert, outgoing, curious, energetic",England,GB,"Compact, merry scent hound with sturdy build, distinctive tri-color or bi-color coat pattern, and cheerful disposition. Originally bred for hunting hare in packs with a distinctive baying voice.",Hound,"The modern Beagle was developed in Great Britain around the 1830s from various English hounds. Bred as 'foot hounds' for hare hunting, with hunters following on foot rather than horseback.","{'id': '5HQ3ZEO0IV', 'url': 'https://storage.googleapis.com/dog-api-uploads-prod/originals/076906f8-69d2-41be-957b-9542e1e36bbc.jpeg', 'width': 1152, 'height': 928}",9.0,14.0,11.5,33.0,41.0,37.0,10.0,15.0,12.5
Beagle-Harrier,2,"energetic, intelligent, friendly, courageous, devoted",France,FR,"Medium-sized, sturdily built French scent hound created by crossing Beagles and Harriers, known for its balanced build, short dense coat, and energetic disposition with a passion for hunting",Hound,"Developed in 19th century France by Baron Gérard, crossing English Beagles with French Harriers to create a medium-sized pack hound for hunting hare and other small game. Recognized by the FCI.","{'id': '1FY1GHrpt6', 'url': 'https://cdn4.thedogapi.com/optimized/1FY1GHrpt6.jpg', 'width': 1200, 'height': 896}",19.0,27.0,23.0,45.0,50.0,47.5,12.0,14.0,13.0
Bearded Collie,2,"intelligent, energetic, playful, affectionate, alert, confident, outgoing",Scotland,GB,"Medium-sized herding dog with long, shaggy double coat and animated expression, known for its boisterous, charismatic personality and distinctive bouncing gait",Herding,"Ancient Scottish herding breed developed to drive sheep and cattle in harsh Highland conditions, bred for hardiness, intelligence, and ability to work independently. Nearly extinct after World War II but revived through careful breeding programs. Recognized by Kennel Club in 1959 and AKC in 1977.","{'id': 'BjFmVohkU', 'url': 'https://cdn2.thedogapi.com/images/BjFmVohkU.jpg', 'width': 1280, 'height': 1707}",20.0,25.0,22.5,51.0,56.0,53.5,12.0,14.0,13.0
Beauceron,2,"intelligent, loyal, protective, courageous, confident",France,FR,"Large, powerful French herding dog with distinctive double dewclaws, short double coat, and black and tan markings. Known for its self-assured demeanor and versatility as both guardian and companion.",Herding,"Ancient French herding breed also known as Berger de Beauce, developed in plains surrounding Paris for herding and protecting sheep and cattle. Shares ancestry with the Briard, nearly extinct after World War II but saved by dedicated breeders. Also used for military and police work.","{'id': 'oPmW0UoJdM', 'url': 'https://storage.googleapis.com/dog-api-uploads-prod/originals/088fe40b-4fac-4bf7-a875-26a1738e744d.jpeg', 'width': 1168, 'height': 912}",32.0,50.0,41.0,61.0,70.0,65.5,10.0,12.0,11.0
Bedlington Terrier,2,"intelligent, affectionate, energetic, playful, courageous, alert",England (Northumberland),GB,"Distinctive lamb-like terrier with graceful, lithe build, arched back, pear-shaped head, and crisp curly coat that gives it a unique appearance among terrier breeds",Terrier,"Developed in Bedlington, Northumberland in the early 19th century for hunting vermin in mines and farms. Known as the 'Gypsy Dog' due to use by poachers. Lineage includes Dandie Dinmont Terrier, Whippet, and Otterhound crosses. Recognized by The Kennel Club in 1877 and AKC in 1886.","{'id': 'NxHnoTkC1h', 'url': 'https://storage.googleapis.com/dog-api-uploads-prod/originals/3c9deb26-4c93-4dd0-86db-17e45ba11de3.jpeg', 'width': 1200, 'height': 896}",8.0,10.0,9.0,38.0,44.0,41.0,11.0,16.0,13.5
Belgian Laekenois,2,"alert, intelligent, protective, loyal, energetic, affectionate",Belgium,BE,"Medium-sized herding dog with distinctive rough, wiry, tousled coat and alert, intelligent expression. The oldest and rarest of the four Belgian Shepherd varieties, known for its unique fawn-colored wire coat.",Herding,"One of four Belgian Shepherd varieties and the rarest, developed in late 1800s around Laeken near the Royal Castle of Laeken. Originally bred to guard flocks and the drying linen fields near Antwerp. Nearly extinct after WWII but preserved by dedicated breeders.","{'id': 'NYg8TXWLR7', 'url': 'https://cdn4.thedogapi.com/optimized/NYg8TXWLR7.jpg', 'width': 992, 'height': 1088}",20.0,30.0,25.0,56.0,66.0,61.0,10.0,14.0,12.0
Belgian Malinois,2,"intelligent, confident, energetic, loyal, alert, work-focused, protective",Belgium,BE,"Medium-sized, athletic herding dog that is squarely built with a proud carriage. Known for its intense intelligence and strong work ethic, particularly suited for police and military roles. Features a short fawn-to-mahogany coat with distinctive black mask and ears.",Herding,"Developed in the area around Malines, Belgium, in the late 19th century as one of four varieties of Belgian Shepherd dogs. Originally bred for herding ability and strong work ethic, quickly adopted by police forces and militaries worldwide. AKC recognized as distinct breed in 1959.","{'id': 'r1f_ll5VX', 'url': 'https://cdn2.thedogapi.com/images/r1f_ll5VX_1280.jpg', 'width': 604, 'height': 453}",18.0,36.0,27.0,56.0,66.0,61.0,,,
Belgian Shepherd,2,"intelligent, loyal, energetic, alert, protective, work-focused",Belgium,BE,"Versatile medium to large herding dog from Belgium known for intelligence, athleticism, and strong work ethic. The FCI recognizes four distinct varieties based on coat type and color: Groenendael (long-haired, black), Tervuren (long-haired, fawn/mahogany), Malinois (short-haired, fawn/mahogany), and Laekenois (rough-haired, fawn).",Herding,"Developed in late 1800s in Belgium as all-purpose herding and guard dogs. Professor Adolphe Reul of the Belgian School of Veterinary Science established the breed type in 1891, categorizing native dogs into four distinct varieties based on coat type and color","{'id': 'uaTKe09GQE', 'url': 'https://storage.googleapis.com/dog-api-uploads-prod/originals/d89e0a0e-63c9-469e-a8a8-6a1cece13140.jpeg', 'width': 1360, 'height': 784}",20.0,34.0,27.0,56.0,66.0,61.0,12.0,14.0,13.0
Belgian Tervuren,2,"intelligent, courageous, alert, loyal, energetic",Belgium,BE,"Elegant, athletic medium-sized herding dog with a long double coat ranging from rich fawn to mahogany with black overlay, known for intelligence, versatility and strong work drive",Herding,"One of four distinct Belgian sheepdog varieties developed in the late 1800s, named after the village of Tervuren. Originally used as a versatile herding and guard dog for flocks, prized for intelligence, trainability and work ethic","{'id': 'UiWT3Z6SNY', 'url': 'https://storage.googleapis.com/dog-api-uploads-prod/originals/0c0410c2-7267-4734-a076-e152a1b8d396.jpeg', 'width': 1408, 'height': 768}",20.0,34.0,27.0,56.0,66.0,61.0,12.0,14.0,13.0
Bergamasco Sheepdog,2,"intelligent, independent, loyal, alert, gentle, calm",Italian Alps,IT,"Medium-large herding dog with a distinctive matted coat consisting of natural 'flocks' that provide protection from weather and predators, combined with an intelligent, independent temperament rooted in ancient pastoral heritage",Herding,"Ancient shepherding breed from the Italian Alps near Bergamo, valued for intelligence and protective flocked coat that developed to shield from harsh mountain weather and predators while herding sheep, recognized by AKC in 2015","{'id': '7zB6o8wFyF', 'url': 'https://storage.googleapis.com/dog-api-uploads-prod/originals/cb9eac17-18f3-4d4f-8101-bd619bae1335.jpeg', 'width': 1136, 'height': 944}",26.0,38.0,32.0,56.0,62.0,59.0,,,
Berger Picard,2,"intelligent, loyal, energetic, alert, affectionate","Picardy, France",FR,"Medium-sized herding dog with distinctive shaggy fawn or brindle coat, expressive upright ears, and lively expression. An ancient French breed known for its rustic appearance and intelligent, observant nature.",Herding,"Ancient French herding breed from Picardy region, considered one of the oldest French sheepdogs. Nearly extinct after World Wars but restored by dedicated breeders.","{'id': '7NAFmBZdTP', 'url': 'https://cdn4.thedogapi.com/optimized/7NAFmBZdTP.jpg', 'width': 1216, 'height': 880}",23.0,32.0,27.5,55.0,65.0,60.0,12.0,13.0,12.5
Bernedoodle,2,"intelligent, friendly, gentle, playful, affectionate, loyal",Canada,CA,"A crossbreed between a Bernese Mountain Dog and a Standard Poodle, resulting in a medium to large-sized intelligent companion with a wavy or curly low-shedding coat and friendly disposition. Size and appearance can vary significantly depending on the generation and the Poodle parent's size.",Mixed,"Developed in Canada in 2003, the Bernedoodle is a recent designer crossbreed created by crossing Bernese Mountain Dogs with Standard Poodles to combine the calm, loyal nature of the Bernese Mountain Dog with the high intelligence and low-shedding coat of the Poodle","{'id': 'OL0tjoAlCL', 'url': 'https://cdn4.thedogapi.com/optimized/OL0tjoAlCL.jpg', 'width': 1408, 'height': 768}",27.0,41.0,34.0,53.0,74.0,63.5,10.0,15.0,12.5
Bernese Mountain Dog,2,"calm, gentle, loyal, intelligent, affectionate, good-natured",Switzerland,CH,"Large, strong, and sturdy working dog with a distinctive long tricolored coat and calm, gentle temperament. One of four types of Swiss Mountain Dogs, known for being good-natured, loyal, and an excellent family companion.",Working,"One of four types of Swiss Mountain Dogs originating in the canton of Bern. Served as all-purpose farm dogs for droving cattle, pulling carts to market, and watchdogs. Nearly extinct by early 1900s but revived through careful breeding programs","{'id': 'givys4YtVB', 'url': 'https://cdn4.thedogapi.com/optimized/givys4YtVB.jpg', 'width': 896, 'height': 1184}",32.0,52.0,42.0,58.0,70.0,64.0,7.0,10.0,8.5
Bichon Frisé,2,"happy, playful, affectionate, intelligent, gentle, energetic",France / Belgium,FR,"A small, sturdy, and cheerful companion dog with a soft, curly white double coat, black eyes, and a lively, playful disposition",Non-Sporting,"Descended from the Barbet, a Mediterranean water spaniel. The breed was developed in France and became a popular companion dog for European nobility. The modern breed standard was established in France after World War I.","{'id': 'vxwDW0oGgi', 'url': 'https://storage.googleapis.com/dog-api-uploads-prod/originals/35738179-7493-4377-b52e-3b8387e1a532.jpeg', 'width': 1216, 'height': 880}",5.0,8.0,6.5,24.0,29.0,26.5,,,
Biewer Terrier,2,"friendly, intelligent, playful, devoted, affectionate","Hunsruck, Germany",DE,"Small, elegant toy terrier with long, silky tri-colored coat and compact build. Known for their whimsical, lively personality and charming attitude that persists well into adulthood.",Toy,"Developed in Germany in 1984 by Werner and Gertrud Biewer from a piebald genetic mutation in their Yorkshire Terrier breeding program. Through selective breeding, they established this distinct tri-colored toy breed. AKC recognized in 2021.","{'id': '4YsMuwo9Qm', 'url': 'https://cdn4.thedogapi.com/optimized/4YsMuwo9Qm.jpg', 'width': 1104, 'height': 976}",1.8,3.6,2.7,18.0,28.0,23.0,,,
Billy,2,"energetic, intelligent, courageous, gentle, independent","Haut-Poitou, France",FR,"Large, elegant French scent hound with a predominantly white coat and orange or lemon markings, known for speed, stamina and light-framed build bred for pack hunting",Hound,"Developed in 19th century France by Gaston Hublot du Rivault at Château de Billy by crossing Montaimboeuf, Céris, and Larye breeds (now extinct). Nearly vanished after World War II but was revived by du Rivault's son. Recognized by FCI in Group 6.","{'id': 'wub0n7BRev', 'url': 'https://cdn4.thedogapi.com/optimized/wub0n7BRev.jpg', 'width': 1408, 'height': 768}",23.0,33.0,28.0,58.0,70.0,64.0,10.0,12.0,11.0
Black and Tan Coonhound,2,"friendly, outgoing, intelligent, alert, adaptable, easygoing",United States,US,"Large, powerful American-bred scent hound with distinctive black and tan coat pattern and long ears, known for its cold nose, loud bawling bark, and determined trailing ability",Hound,"Developed in the American South by frontiersmen in the 18th century, descending from English Foxhound, Bloodhound, and Talbot Hound crosses for raccoon hunting and tracking over rugged Appalachian terrain","{'id': 'G90Jx1n9YM', 'url': 'https://storage.googleapis.com/dog-api-uploads-prod/originals/67602199-27c1-4ccb-8b7b-fc724809c63b.jpeg', 'width': 1088, 'height': 992}",29.0,50.0,39.5,58.0,69.0,63.5,10.0,12.0,11.0
Black Mouth Cur,2,"loyal, courageous, intelligent, energetic, protective, work-focused",Southern United States,US,"Medium to large rugged, well-muscled working and hunting dog from the American South, known for its versatility, courage, intelligence, and characteristic black-pigmented muzzle and lips",Hound,Developed in the southern United States as versatile pioneer and farm dog for herding cattle and hogs protecting homestead and hunting variety of game from squirrels to bears valued for stamina and reliability,"{'id': 'P2jvbdJMS8', 'url': 'https://cdn4.thedogapi.com/optimized/P2jvbdJMS8.jpg', 'width': 1312, 'height': 816}",16.0,43.0,29.5,41.0,64.0,52.5,12.0,16.0,14.0
Black Norwegian Elkhound,2,"energetic, courageous, alert, independent, loyal, confident",Norway,NO,"Medium-sized spitz-type hunting dog with solid black double coat and robust, compact build. A bold, energetic breed smaller than its grey counterpart, built for endurance and agility as an all-purpose hunter with alert expression and confident demeanor.",Hound,"Ancient Norwegian spitz breed developed over centuries as a versatile hunter of large game such as elk, moose, and bear in rugged Scandinavian terrain. Smaller and less common than the Gray Norwegian Elkhound, also served as a watchdog. Recognized by the FCI but not the AKC as of 2024.","{'id': 'tguXtE1cca', 'url': 'https://cdn4.thedogapi.com/optimized/tguXtE1cca.jpg', 'width': 1072, 'height': 992}",18.0,25.0,21.5,43.0,50.0,46.5,12.0,15.0,13.5
Black Russian Terrier,2,"confident, courageous, intelligent, protective, calm, loyal",Russia,RU,"Large, powerful, and robust working dog with a distinctive dense black double coat and confident demeanor. Bred for military and guard work, this hardy breed combines courage with intelligence.",Working,"Developed in the Soviet Union in the late 1940s by the state-run Red Star Kennel for military use. Created by crossing Giant Schnauzer, Airedale Terrier, Rottweiler, and other breeds to produce a large, trainable, and hardy guard dog.","{'id': 'nYmx0fLmIr', 'url': 'https://cdn4.thedogapi.com/optimized/nYmx0fLmIr.jpg', 'width': 1232, 'height': 864}",36.0,59.0,47.5,66.0,76.0,71.0,10.0,12.0,11.0
Bloodhound,2,"gentle, friendly, independent, alert, devoted, affectionate",Belgium,BE,"Large, substantial scent hound with a noble, dignified expression, characterized by exceptional tracking ability, distinctive wrinkled face, long drooping ears, loose skin, and pendulous jowls. Renowned for its extraordinary sense of smell and unparalleled tracking abilities.",Hound,"Ancient breed developed by monks at the Abbey of Saint-Hubert in Belgium and France during medieval times. Later refined in England and valued for centuries for tracking game and people, eventually imported to the US for search and rescue work.","{'id': 'w4pWqWA1v1', 'url': 'https://storage.googleapis.com/dog-api-uploads-prod/originals/2f5d5e94-a9ae-4d58-a781-ed685181997a.jpeg', 'width': 1232, 'height': 864}",36.0,50.0,43.0,58.0,69.0,63.5,10.0,12.0,11.0
Blue Picardy Spaniel,2,"gentle, intelligent, calm, devoted, affectionate","Picardy, France",FR,"Medium-sized, strongly built gundog with distinctive blue-gray roan speckled coat that gives it a bluish appearance. Known for its gentle hunting temperament and versatile field abilities.",Sporting,"Developed in the Picardy region of France in the early 20th century by crossing Picardy Spaniels with English Setters (likely Gordon Setters) to produce a versatile, hardy pointing dog with the distinctive blue-speckled coat. Recognized by the FCI.","{'id': 'BGHyOKMirG', 'url': 'https://storage.googleapis.com/dog-api-uploads-prod/originals/98095e37-d630-47be-add0-0a310af4e3ac.jpeg', 'width': 1040, 'height': 1024}",19.5,22.7,21.1,55.0,61.0,58.0,10.0,14.0,12.0
Bluetick Coonhound,2,"friendly, intelligent, loyal, devoted, work-focused",United States,US,"Large, athletic, and muscular scenthound with distinctive blue-ticked coat pattern and renowned 'cold nose' trailing ability, bred specifically for tracking and treeing raccoons",Hound,"Developed in Louisiana from French Grand Bleu de Gascogne hounds crossed with English Foxhounds, American Foxhounds, and other local coonhound breeds, perfected for raccoon hunting in American terrain","{'id': 'rJxieg9VQ', 'url': 'https://cdn2.thedogapi.com/images/rJxieg9VQ_1280.jpg', 'width': 731, 'height': 599}",20.0,36.0,28.0,53.0,69.0,61.0,11.0,12.0,11.5
Boerboel,2,"confident, intelligent, loyal, protective, calm",South Africa,ZA,"Large, powerful mastiff-type guardian breed from South Africa with a muscular build, short dense coat, and confident temperament. Known as a family guardian, the name 'Boerboel' translates to 'farmer's dog' in Afrikaans.",Working,Developed by Dutch and other European settlers in South Africa starting in the 1600s from European mastiff breeds and native dogs. Bred as all-purpose farm dogs for protecting homesteads from predators.,"{'id': 'RIFlrU0fUA', 'url': 'https://cdn4.thedogapi.com/optimized/RIFlrU0fUA.jpg', 'width': 1488, 'height': 720}",50.0,91.0,70.5,56.0,69.0,62.5,9.0,11.0,10.0
Bohemian Shepherd,2,"intelligent, loyal, calm, confident, eager to please, energetic, gentle, adaptable",Czech Republic,CZ,"Medium-sized, multi-purpose herding dog of rectangular frame with a long, thick black-and-tan coat and noble, elegant appearance. Known for their versatility, gentle nature, and distinctive tan markings.",Herding,"Ancient herding breed from the Chodsko region of Bohemia, also known as Chodský pes, dating back to the 14th century. Bred as herding and guard dogs by the Chodové people, nearly extinct after WWII but revived in the 1980s. Received provisional FCI recognition in 2019 and is part of the AKC Foundation Stock Service.","{'id': 'G7Ja3j7xAo', 'url': 'https://cdn4.thedogapi.com/optimized/G7Ja3j7xAo.jpg', 'width': 1264, 'height': 832}",17.0,27.0,22.0,49.0,57.0,53.0,12.0,14.0,13.0
Bohemian Spotted Dog,2,"friendly, intelligent, adaptable, gentle, energetic",Czech Republic,CZ,"Medium-sized spotted companion dog known for its distinctive tricolor coat pattern and gentle, friendly nature. Officially known as Český strakatý pes, this adaptable breed combines intelligence with a calm temperament.",Companion,"Created in the 1950s in Prague by cynologist František Horák for laboratory purposes. The breed's stable temperament and manageable size made them ideal subjects. After the research concluded, the dogs were made available to the public and developed into a beloved companion breed.","{'id': 'CoY2vOo3q0', 'url': 'https://cdn4.thedogapi.com/optimized/CoY2vOo3q0.jpg', 'width': 1024, 'height': 1024}",15.0,20.0,17.5,43.0,53.0,48.0,12.0,15.0,13.5
Bolognese,2,"calm, devoted, intelligent, playful, gentle, loyal","Bologna, Italy",IT,"A small, stocky, and compact white toy breed with a long, fluffy, pure-white cotton-like coat, belonging to the Bichon family. Known for its calm, devoted temperament and affectionate nature as a companion dog.",Toy,"An ancient noble breed of the Bichon family, originating in Bologna, Italy, dating to 11th-12th centuries. Prized companions to royalty and aristocracy from the Roman era through the Renaissance, favored as palace companions.","{'id': 'z4fwjZ2AXf', 'url': 'https://cdn4.thedogapi.com/optimized/z4fwjZ2AXf.jpg', 'width': 1264, 'height': 848}",2.5,4.0,3.25,25.0,30.0,27.5,12.0,14.0,13.0
Border Collie,2,"intelligent, energetic, alert, work-focused, loyal, eager to please",Anglo-Scottish border region,GB,"Medium-sized, highly intelligent, and athletic herding dog with keen expression and intense work drive, renowned for its instinctual ability to control livestock with its signature stare",Herding,"Developed by shepherds on the border of England and Scotland for herding sheep in hilly terrain, refined through selective breeding for working ability. The breed's lineage can be traced back to a single dog named Old Hemp, born in 1893.","{'id': '38KoA9gGB', 'url': 'https://cdn2.thedogapi.com/images/38KoA9gGB.jpg', 'width': 1080, 'height': 1350}",14.0,25.0,19.5,46.0,56.0,51.0,12.0,15.0,13.5
Border Terrier,2,"affectionate, intelligent, alert, energetic, courageous, adaptable",Border regions between England and Scotland,GB,"Small, sturdy working terrier with weather-resistant wiry coat and distinctive otter-like head, bred for fox hunting with a plucky and affectionate nature",Terrier,Developed in the 18th century in the Cheviot Hills along the English-Scottish border by farmers and shepherds to hunt fox alongside foxhounds. Needed to be small enough to follow quarry into dens and burrows but tough enough to keep up with horses and work independently.,"{'id': 'QfZBKCfJ1v', 'url': 'https://storage.googleapis.com/dog-api-uploads-prod/originals/6fcf6ce9-b2df-45c0-b154-1317df7b6c2c.jpeg', 'width': 1152, 'height': 928}",5.0,7.0,6.0,28.0,41.0,34.5,12.0,15.0,13.5
Bordoodle,2,"intelligent, energetic, loyal, playful, eager to please",United States,US,"An intelligent and energetic medium-to-large crossbreed combining the herding instincts and work ethic of the Border Collie with the low-shedding coat and athleticism of the Poodle, creating a highly trainable companion",Mixed,"Developed in the late 20th/early 21st century by crossing Border Collies with Standard Poodles to create a highly intelligent, low-shedding companion. Part of the popular 'doodle' designer breed trend","{'id': 'cnQ0w2sveh', 'url': 'https://cdn4.thedogapi.com/optimized/cnQ0w2sveh.jpg', 'width': 1408, 'height': 768}",14.0,29.0,21.5,43.0,64.0,53.5,12.0,15.0,13.5
Borzoi,2,"gentle, independent, calm, intelligent, affectionate",Russia,RU,"Large, elegant sighthound with long, silky flowing coat and aristocratic bearing, known for grace, speed, and gentle nature. Originally bred by Russian nobility for coursing wolves and game.",Hound,Developed by Russian aristocracy in the 17th century for coursing wolves and other game. Also known as Russian Wolfhound until 1936. Numbers dwindled after the Russian Revolution but were preserved by fanciers outside Russia.,"{'id': 'DDaDUnRHoR', 'url': 'https://cdn4.thedogapi.com/optimized/DDaDUnRHoR.jpg', 'width': 1104, 'height': 960}",27.0,48.0,37.5,66.0,81.0,73.5,9.0,14.0,11.5
Boston Terrier,2,"friendly, intelligent, outgoing, playful","Boston, Massachusetts, United States",US,"Compact, short-tailed dog with distinctive flat face, erect ears, and smooth 'tuxedo' coat markings. Known as 'The American Gentleman' for its friendly and intelligent demeanor.",Non-Sporting,Developed in Boston in the 1870s from crossing English Bulldog with the now-extinct White English Terrier. Refined in the late 19th century and became one of the first American-developed breeds recognized by the AKC.,"{'id': '0JqHiVXBhZ', 'url': 'https://cdn4.thedogapi.com/optimized/0JqHiVXBhZ.jpg', 'width': 1200, 'height': 896}",5.0,11.0,8.0,38.0,43.0,40.5,11.0,13.0,12.0
Bouvier des Ardennes,2,"courageous, loyal, intelligent, energetic, work-focused, adaptable","Ardennes region, Belgium",BE,"Medium-sized, hardy and rustic herding dog from the Belgian Ardennes, characterized by a harsh, shaggy double coat, robust build, and impressive endurance with a courageous temperament",Herding,"Ancient Belgian herding breed from the Ardennes region, traditionally used to drove cattle and pigs. Nearly extinct after the World Wars due to mechanization of farming but successfully revived by enthusiasts in the late 1980s","{'id': 'phOpJXO5HO', 'url': 'https://cdn4.thedogapi.com/optimized/phOpJXO5HO.jpg', 'width': 1200, 'height': 896}",23.0,34.0,28.5,52.0,61.0,56.5,10.0,12.0,11.0
Bouvier des Flandres,2,"loyal, intelligent, protective, courageous, calm, gentle",Belgium (Flanders region),BE,"Large, powerfully built herding dog with a rugged appearance and rough, tousled double coat. This compact breed gives the impression of great strength without heaviness and has a dense weather-resistant coat suited for farm work.",Herding,"Developed by monks in the Flanders region of medieval Europe as cattle herding and all-purpose farm dog. Used to drive cattle, pull carts, and serve as a watchdog. Nearly extinct after World War I but revived by dedicated breeders.","{'id': 'Yd6NY6nY6u', 'url': 'https://cdn4.thedogapi.com/optimized/Yd6NY6nY6u.jpg', 'width': 1408, 'height': 768}",32.0,50.0,41.0,60.0,70.0,65.0,10.0,12.0,11.0
Boxer,2,"playful, energetic, loyal, intelligent, friendly, alert",Germany,DE,"Medium to large, powerful and athletic working dog with a distinctive short-muzzled, flat face and short coat. Known for their fun-loving, bright temperament and expressive face, combining energy with loyalty.",Working,"Developed in late 19th century Germany from the now-extinct German Bullenbeisser (used for hunting large game like boar and bear) and English Bulldog, originally for bull-baiting and hunting, later refined for working and companion roles","{'id': 'hTA7aPcu9S', 'url': 'https://storage.googleapis.com/dog-api-uploads-prod/originals/25802549-e31b-457c-89d9-062e6d47469e.jpeg', 'width': 1232, 'height': 864}",23.0,36.0,29.5,55.0,64.0,59.5,10.0,12.0,11.0
Boxerdoodle,2,"intelligent, playful, energetic, loyal, friendly, affectionate",United States,US,Athletic medium-to-large crossbreed combining the playful energy and loyalty of the Boxer with the intelligence and low-shedding coat of the Poodle. Physical characteristics can vary significantly based on genetic inheritance from parent breeds.,Mixed,"Modern designer crossbreed first intentionally bred in the United States in recent decades. Developed to combine the Boxer's athleticism, loyalty and playful temperament with the Poodle's intelligence and low-shedding coat qualities. Not recognized by major kennel clubs.","{'id': 'AhvrKXUcjk', 'url': 'https://cdn4.thedogapi.com/optimized/AhvrKXUcjk.jpg', 'width': 1408, 'height': 768}",20.0,36.0,28.0,51.0,64.0,57.5,10.0,14.0,12.0
Boykin Spaniel,2,"friendly, energetic, eager to please, intelligent, adaptable","South Carolina, United States",US,"Medium-sized, energetic, and versatile flushing and retrieving spaniel with rich liver or chocolate brown coat and enthusiastic work ethic, especially in water. Known for their amiable disposition and compact build ideal for hunting from small boats.",Sporting,"Developed in early 1900s in South Carolina by L. Whitaker Boykin. Foundation sire was a small stray spaniel-type dog named 'Dumpy' who showed great hunting aptitude. Bred by crossing Chesapeake Bay Retrievers, Springer Spaniels, Cocker Spaniels, and American Water Spaniels for hunting in South Carolina swamps, particularly the Wateree River Swamp. Recognized as the state dog of South Carolina.","{'id': 'hqsLm5c5HI', 'url': 'https://cdn4.thedogapi.com/optimized/hqsLm5c5HI.jpg', 'width': 1264, 'height': 848}",11.0,18.0,14.5,36.0,46.0,41.0,10.0,15.0,12.5
Bracco Italiano,2,"gentle, intelligent, affectionate, loyal, calm, docile, adaptable",Italy,IT,"Large, noble Italian pointing breed with sculpted head, distinctive orange and white or chestnut and white coat, and pendulous ears. A powerful and athletic dog of ancient Italian lineage, known for its endurance and gentle, intelligent nature.",Sporting,"One of the oldest pointing breeds in Europe with ancient origins dating back to the 4th-5th century BC. Developed as a versatile hunting dog for bird hunting in Italian terrain, adept at pointing and retrieving. The modern breed is thought to be a cross of the Piedmontese Pointer and the Lombard Pointer.","{'id': 'S13yZg5VQ', 'url': 'https://cdn2.thedogapi.com/images/S13yZg5VQ_1280.jpg', 'width': 750, 'height': 505}",25.0,40.0,32.5,55.0,67.0,61.0,10.0,14.0,12.0
Braque d'Auvergne,2,"gentle, intelligent, affectionate, devoted, work-focused","Auvergne region, France",FR,"Medium-sized French pointing breed with distinctive black and white ticked coat marked with patches and speckles, noble head, and athletic build",Sporting,"Ancient French pointing breed from Auvergne region with history predating the French Revolution, refined in 18th-19th centuries with modern standard established in 20th century, recognized by FCI","{'id': 'C20Hp2Rk58', 'url': 'https://cdn4.thedogapi.com/optimized/C20Hp2Rk58.jpg', 'width': 1104, 'height': 960}",20.0,30.0,25.0,53.0,63.0,58.0,12.0,15.0,13.5
Braque du Bourbonnais,2,"gentle, intelligent, loyal, calm, affectionate, adaptable","Bourbonnais region, France",FR,"Ancient, medium-sized French pointing dog with compact, agile build, distinctive ticked speckled coat, naturally short tail, and expressive face. Known for natural hunting instincts and athletic ability.",Sporting,"One of the most ancient French pointing breeds, documented since the 16th century. Nearly extinct after World War II but successfully restored in the 1970s by dedicated breeders from remaining bloodlines following French and FCI standards.","{'id': 'd5dxpy8AUR', 'url': 'https://cdn4.thedogapi.com/optimized/d5dxpy8AUR.jpg', 'width': 1104, 'height': 960}",16.0,26.0,21.0,47.0,57.0,52.0,12.0,15.0,13.5
Braque Français,2,"gentle, intelligent, loyal, affectionate, adaptable",France,FR,"An ancient French pointing breed coming in two types: the larger Gascogne and the smaller, more popular Pyrenean. This gentle, athletic, and highly trainable gundog features a distinctive brown and white coat and versatile hunting abilities.",Sporting,Ancient French pointing breed dating to 15th century with two distinct varieties: the larger Gascogne and smaller Pyrenean. Descended from one of the oldest pointing-type dogs prized as versatile and biddable hunting companion,"{'id': 'scLvpgahV9', 'url': 'https://cdn4.thedogapi.com/optimized/scLvpgahV9.jpg', 'width': 1120, 'height': 960}",18.0,25.0,21.5,47.0,58.0,52.5,12.0,15.0,13.5
Braque Saint-Germain,2,"gentle, intelligent, affectionate, eager to please, loyal",France,FR,"Elegant and athletic medium-sized French pointing dog with distinctive white coat and orange markings, known for its gentle temperament and versatile hunting abilities",Sporting,"Developed in the 1830s at the royal kennels of Compiègne, France, from crossings between English Pointers and French Braque breeds, believed to involve an English Pointer gifted to King Charles X. Named after the Saint-Germain-en-Laye region and recognized by the FCI as a versatile gundog","{'id': 'jwJk8jyWx5', 'url': 'https://cdn4.thedogapi.com/optimized/jwJk8jyWx5.jpg', 'width': 1088, 'height': 976}",18.0,26.0,22.0,53.0,61.0,57.0,12.0,14.0,13.0
Brazilian Terrier,2,"alert, friendly, energetic, intelligent, playful, loyal",Brazil,BR,"Small, compact, and agile terrier with a short, smooth tri-color coat, known for intelligence, alertness, and energetic spirit, native to Brazil",Terrier,"Developed in the 19th and early 20th centuries from various European terriers, such as the Jack Russell and Fox Terrier, brought to Brazil by immigrants. These dogs were crossed with local Brazilian farm dogs, creating a unique breed adapted to the country's environment and standardized as a farm and small game terrier, recognized by the FCI.","{'id': 'fBy723sXWl', 'url': 'https://cdn4.thedogapi.com/optimized/fBy723sXWl.jpg', 'width': 1120, 'height': 944}",6.0,10.0,8.0,33.0,40.0,36.5,12.0,14.0,13.0
Briard,2,"loyal, intelligent, protective, confident, courageous, devoted",France,FR,"Large, powerful French herding dog with a luxurious long wavy double coat, distinctive beard and eyebrows creating a peek-a-boo hairdo, and a loyal, intelligent disposition",Herding,"Ancient French herding breed developed for centuries to herd and guard flocks. Served as sentries, messengers, and pack animals for the French army during World War I. Nearly extinct after World War II but successfully revived. Recognized by the AKC in 1928.","{'id': 'QHeak9hrOm', 'url': 'https://cdn4.thedogapi.com/optimized/QHeak9hrOm.jpg', 'width': 1200, 'height': 896}",23.0,45.0,34.0,56.0,69.0,62.5,10.0,12.0,11.0
Briquet de Provence,2,"gentle, intelligent, alert, friendly, devoted, adaptable","Provence, France",FR,"Medium-sized, elegant French scent hound with short coat and distinctive tri-color markings, well-proportioned with lean muscle built for endurance and hunting small game in Mediterranean terrain",Hound,"Ancient French scent hound from Provence region developed for hunting hare and small game. Faced near extinction after World War II but was reconstructed by M. Le Comte de Ravel and others, leading to breed club establishment in 1983 and official FCI recognition","{'id': 'kLf2bScaW6', 'url': 'https://cdn4.thedogapi.com/optimized/kLf2bScaW6.jpg', 'width': 1216, 'height': 880}",18.0,25.0,21.5,47.0,56.0,51.5,11.0,14.0,12.5
Briquet Griffon Vendéen,2,"courageous, energetic, independent, friendly, alert, intelligent","Vendée, France",FR,"Medium-sized rough-coated French scenthound known for its courage, determination, and stamina in the hunt, with a sturdy build designed for hunting in dense terrain and a friendly, energetic disposition",Hound,Developed in the Vendée region of France before World War I from the larger Grand Griffon Vendéen. Selectively bred down in size by the Comte d'Elva to create a smaller faster hound for hunting medium game like hare and fox. Nearly decimated by World Wars but carefully restored,"{'id': 'J848NEufGe', 'url': 'https://cdn4.thedogapi.com/optimized/J848NEufGe.jpg', 'width': 1264, 'height': 848}",22.0,24.0,23.0,48.0,56.0,52.0,12.0,14.0,13.0
Brittany,2,"intelligent, energetic, eager to please, friendly, athletic, happy","Brittany (Bretagne), France",FR,"Medium-sized, compact and leggy sporting dog with an athletic build and distinctive orange and white feathered coat. Known for its versatility in pointing and retrieving, this agile gundog combines high energy for hunting and field work with an intelligent and happy-go-lucky disposition.",Sporting,Developed in the 17th-18th century in the Brittany province of France as a versatile hunting dog capable of pointing and retrieving on various terrain. Refined through crosses with English Setters and recognized by AKC in 1934.,"{'id': 'UXwmDN19MK', 'url': 'https://storage.googleapis.com/dog-api-uploads-prod/originals/7d55f697-6879-4616-af9d-668aa3226289.jpeg', 'width': 1200, 'height': 880}",14.0,18.0,16.0,44.0,52.0,48.0,12.0,15.0,13.5
Brittanydoodle,2,"energetic, intelligent, friendly, eager to please, loyal",United States,US,"Medium to large crossbreed combining the athletic bird-dog instincts of the Brittany with the intelligence and low-shedding coat of the Standard Poodle, typically featuring a wavy or curly coat",Mixed,Modern crossbreed developed in the United States as part of the 'doodle' trend. Created by crossing athletic Brittany sporting dogs with Standard Poodles to produce a versatile family and sporting companion with reduced shedding. Not recognized by major kennel clubs; standards vary by breeder.,"{'id': 'Hdrq2i0Mxq', 'url': 'https://cdn4.thedogapi.com/optimized/Hdrq2i0Mxq.jpg', 'width': 1408, 'height': 768}",14.0,30.0,22.0,44.0,64.0,54.0,11.0,16.0,13.5
Broholmer,2,"calm, friendly, confident, protective, loyal, gentle",Denmark,DK,"Large, powerful mastiff-type dog with distinctive rectangular build and calm, confident demeanor. Known for its imposing presence and steady, powerful gait, this Danish guardian breed combines strength with a gentle nature.",Working,"Ancient Danish breed descended from mastiffs of the Middle Ages, originally used for stag hunting and later as estate guardian for large farms and manors. Standardized and named in 18th century by Count Sehested of Broholm. Nearly extinct after WWII but revived in 1970s through dedicated effort by Danish enthusiasts.","{'id': 'XNWthe9ZOc', 'url': 'https://cdn4.thedogapi.com/optimized/XNWthe9ZOc.jpg', 'width': 1200, 'height': 896}",41.0,68.0,54.5,70.0,76.0,73.0,8.0,10.0,9.0
Bruno Jura Hound,2,"independent, alert, intelligent, gentle, work-focused","Jura Mountains, Switzerland",CH,"Medium-sized, noble Swiss scent hound with tan to black coat and distinctive black saddle, known for its keen nose, endurance, and strong tracking instincts. Features long, dropped ears and a gentle, sometimes melancholic expression, bred for hunting in mountainous terrain.",Hound,"Ancient Swiss breed and variety of the Schweizer Laufhund, developed over centuries in the Jura Mountains for hunting hare, roe deer, and fox in challenging terrain. One of four Swiss running hound varieties recognized by FCI, with modern standard established in early 20th century.","{'id': 'l74W8L2h5e', 'url': 'https://cdn4.thedogapi.com/optimized/l74W8L2h5e.jpg', 'width': 1200, 'height': 896}",15.0,22.0,18.5,43.0,59.0,51.0,12.0,14.0,13.0
Bucovina Shepherd Dog,2,"calm, protective, courageous, loyal, independent, devoted","Bucovina region, Carpathian Mountains, Romania",RO,"Large, powerful livestock guardian dog from the Carpathian Mountains with a thick, dense weather-resistant double coat. Known for its calm demeanor, courage, and devotion to family and flock.",Working,"Ancient natural breed developed over centuries in the Carpathian Mountains of Romania by shepherds to guard livestock and property against large predators like bears and wolves. First breed standard written in 1982, officially recognized by FCI in 2019.","{'id': 'uyzCltwcbd', 'url': 'https://cdn4.thedogapi.com/optimized/uyzCltwcbd.jpg', 'width': 1168, 'height': 912}",45.0,70.0,57.5,64.0,78.0,71.0,10.0,14.0,12.0
Bugg,2,"friendly, playful, affectionate, alert, intelligent",United States,US,"Small, sturdy crossbreed combining Boston Terrier athleticism with Pug charm, featuring a compact build, expressive short-muzzled face, and friendly disposition",Mixed,Designer crossbreed developed in the late 20th/early 21st century by crossing Boston Terrier and Pug to create a compact companion dog combining the friendly alertness of the Boston Terrier with the charming affectionate personality of the Pug,"{'id': 'QR7m1AQjl9', 'url': 'https://cdn4.thedogapi.com/optimized/QR7m1AQjl9.jpg', 'width': 1408, 'height': 768}",6.0,11.0,8.5,25.0,43.0,34.0,10.0,15.0,12.5
Bulgarian Hound,2,"alert, energetic, intelligent, loyal, independent, work-focused",Bulgaria,BG,"Medium-sized scent hound of balanced and elegant conformation with strong hunting instincts and sturdy build. Features a tricolor or black-and-tan short, dense coat with well-developed undercoat, developed for tracking both small and large game in Bulgarian terrain.",Hound,"Traditional Bulgarian scent hound, known locally as 'Barak' or 'Bulgarsko Gonche', descended from scenthounds brought to the Balkan region by the Slavs who interbred them with local hounds. Developed and bred for centuries for hunting wild boar and other game in the Balkans, the breed has been preserved in its current form and is highly valued for its hunting abilities in Bulgaria.","{'id': 'lODv98e5Ju', 'url': 'https://cdn4.thedogapi.com/optimized/lODv98e5Ju.jpg', 'width': 1168, 'height': 912}",16.0,25.0,20.5,46.0,58.0,52.0,12.0,14.0,13.0
Bulgarian Scenthound,2,"intelligent, loyal, alert, energetic, work-focused",Bulgaria,BG,"Medium-sized, well-proportioned scent hound with a strong, elegant build and short, dense coat. Developed for hunting in Bulgarian mountainous terrain, this robust breed has exceptional scenting ability and is traditionally used for trailing both small and large game including wild boar, deer, and hare.",Hound,"An ancient breed from the Balkans, believed brought to the region by the Slavs. Developed in Bulgaria for hunting in mountainous terrain, it's the most popular hunting dog in Bulgaria, prized for exceptional scent capabilities and endurance. Recognized by FCI as 'Bulgarian Hound (Barak)'","{'id': '0BsBdRukER', 'url': 'https://cdn4.thedogapi.com/optimized/0BsBdRukER.jpg', 'width': 1200, 'height': 896}",18.0,25.0,21.5,48.0,58.0,53.0,12.0,14.0,13.0
Bull Arab,2,"loyal, intelligent, protective, courageous, energetic",Australia,AU,"Large, powerful, and athletic Australian hunting dog specifically developed for tracking and catching feral pigs. Known for its muscular build, strength, speed, and resilience with a short coat.",Mixed,"Developed in Australia in the 1970s by Mike Hodgens crossing Bull Terrier for tenacity, Greyhound for speed, and German Shorthaired Pointer for scenting ability and endurance to create the ultimate pig-hunting dog","{'id': 'uZkwvX8TJW', 'url': 'https://cdn4.thedogapi.com/optimized/uZkwvX8TJW.jpg', 'width': 912, 'height': 1168}",27.0,43.0,35.0,61.0,69.0,65.0,12.0,15.0,13.5
Bulldog,2,"friendly, courageous, calm, docile, loyal",England,GB,"Medium-sized muscular dog with loose wrinkled skin, distinctive wrinkled face, and pushed-in nose, known for its gentle but courageous disposition",Non-Sporting,"Originally developed in medieval England for bull-baiting, descended from ancient mastiff-type dogs. After blood sports were outlawed in 1835, refined into the gentle companion breed known today","{'id': 'AE2TgiqscE', 'url': 'https://cdn4.thedogapi.com/optimized/AE2TgiqscE.jpg', 'width': 1296, 'height': 816}",18.0,25.0,21.5,36.0,38.0,37.0,8.0,10.0,9.0
Bullmastiff,2,"loyal, protective, calm, courageous, affectionate, confident",England,GB,"Large, powerful guardian breed with short coat and calm, confident demeanor, originally bred to guard estates and known as 'The Gamekeeper's Night-Dog'",Working,Developed in mid-19th century England by gamekeepers crossing English Mastiff with Old English Bulldog to create an effective estate guard dog for tracking poachers,"{'id': 'QdwFluBnbf', 'url': 'https://cdn4.thedogapi.com/optimized/QdwFluBnbf.jpg', 'width': 1104, 'height': 960}",45.0,59.0,52.0,61.0,69.0,65.0,7.0,9.0,8.0
Bulloxer,2,"loyal, protective, playful, affectionate, courageous, energetic",United States,US,"A powerful and muscular mixed breed combining the sturdy, stocky build of the English Bulldog with the athleticism of the Boxer. Appearance and temperament can vary, often possessing the Boxer's athletic frame and playful nature with the Bulldog's loyal, courageous disposition.",Mixed,"Modern designer crossbreed developed in recent decades in the United States to combine the athletic, playful nature of the Boxer with the loyal, courageous temperament of the English Bulldog, while potentially reducing breathing issues common in English Bulldogs. Not recognized by major kennel clubs.","{'id': 'VpRhlyYXql', 'url': 'https://cdn4.thedogapi.com/optimized/VpRhlyYXql.jpg', 'width': 1408, 'height': 768}",23.0,36.0,29.5,43.0,64.0,53.5,9.0,14.0,11.5
Bull Terrier,2,"playful, courageous, energetic, loyal, mischievous",England,GB,"A muscular, well-built terrier best known for its distinctive long, egg-shaped head that slopes down to the nose. This confident breed combines a playful, mischievous personality with a courageous temperament.",Terrier,"Developed in 19th-century England by crossing old English Bulldogs with various terriers, originally for bull-baiting and dog fighting. James Hinks is credited with standardizing the breed and creating the distinctive egg-shaped head, earning them the nickname 'The White Cavalier'.","{'id': '6Dj7tp_vB', 'url': 'https://cdn2.thedogapi.com/images/6Dj7tp_vB.jpg', 'width': 1280, 'height': 1162}",23.0,32.0,27.5,53.0,56.0,54.5,12.0,13.0,12.5
Bull Terrier (Miniature),2,"playful, energetic, courageous, confident, affectionate, outgoing",England,GB,"Small, upstanding, and muscular terrier with a distinctive egg-shaped head and triangular eyes. This compact version of the Bull Terrier is known for being comical, mischievous, and lively with a squarely built frame.",Terrier,"Developed in 19th-century England as a scaled-down version of the standard Bull Terrier, which was standardized by James Hinks. Created for fanciers who wanted a smaller companion version while maintaining the same characteristics and recognized as a separate breed by the AKC in 1991.","{'id': 'C4GX7a8a4Z', 'url': 'https://storage.googleapis.com/dog-api-uploads-prod/originals/bac74252-a536-4cd7-bf5f-2db7a7690c97.jpeg', 'width': 1152, 'height': 928}",9.0,15.0,12.0,25.0,36.0,30.5,11.0,13.0,12.0
Bully Kutta,2,"protective, loyal, courageous, independent, intelligent",Indian subcontinent (Pakistan/India),PK,"Very large, powerful mastiff-type landrace breed from the Indian subcontinent with ancient origins, known for its immense strength, muscular build, and use as a guardian dog",Working,"Ancient landrace breed with origins in the Punjab region of the Indian subcontinent. Descended from mastiff-type dogs, historically used by royalty and landowners for hunting large game and later bred for guarding, fighting, and estate protection. Not recognized by major international kennel clubs but standards exist in Pakistani and Indian breed registries","{'id': 'J1qjX1M7EN', 'url': 'https://cdn4.thedogapi.com/optimized/J1qjX1M7EN.jpg', 'width': 1200, 'height': 896}",59.0,91.0,75.0,71.0,91.0,81.0,8.0,10.0,9.0
Burgos Pointer,2,"loyal, calm, intelligent, docile, work-focused","Burgos, Castile and León, Spain",ES,"Large, robust Spanish pointing breed with distinctive white and liver coat, athletic build, and noble demeanor. Known for its calm temperament, droopy ears, and exceptional hunting prowess in varied terrain.",Sporting,"Ancient Spanish pointer breed descended from old Spanish Pointer, developed over centuries in the Castile region for hunting feathered and small game in varied terrain. Lineage dates back to at least the 16th century and recognized by the FCI.","{'id': 'jDdu2mzq9U', 'url': 'https://cdn4.thedogapi.com/optimized/jDdu2mzq9U.jpg', 'width': 1200, 'height': 896}",20.0,30.0,25.0,58.0,67.0,62.5,12.0,14.0,13.0
Ca de Bou,2,"calm, courageous, loyal, confident, protective","Majorca, Balearic Islands, Spain",ES,"Medium-sized, powerful Molosser-type breed with distinctive muscular build and alert expression, also known as the Perro de Presa Mallorquin. Originally bred for bull-baiting with a calm yet courageous demeanor.",Working,"Ancient breed descended from Iberian Mastiff and English Bulldogs brought to the Balearic Islands. Originally used for bull-baiting and as a farm guard dog, the breed nearly faced extinction after blood sports were banned but was revived by dedicated Spanish breeders in the 20th century.","{'id': 'AjKOQ8Os6Q', 'url': 'https://cdn4.thedogapi.com/optimized/AjKOQ8Os6Q.jpg', 'width': 1136, 'height': 928}",30.0,38.0,34.0,52.0,58.0,55.0,10.0,12.0,11.0
Cairn Terrier,2,"alert, confident, friendly, intelligent, courageous, energetic",Scotland,GB,"A small, sturdy working terrier with weather-resistant shaggy coat and alert expression, originating from the Scottish Highlands and known for its plucky, cheerful nature",Terrier,"Developed on the Isle of Skye in Scotland, one of the oldest terrier breeds. Originally used by farmers in the Scottish Highlands to hunt and flush out foxes and vermin from rock piles (cairns), which gave the breed its name. Recognized by the AKC in 1913.","{'id': 'AEtWWjCcLL', 'url': 'https://cdn4.thedogapi.com/optimized/AEtWWjCcLL.jpg', 'width': 1200, 'height': 896}",6.0,7.5,6.75,24.0,28.0,26.0,,,
Calupoh,2,"loyal, intelligent, alert, calm, protective, confident",Mexico,MX,"Large, athletic wolf-like breed developed in Mexico through controlled hybridization of Mexican Gray Wolves and domestic dogs. Known for their distinctive appearance, strong build, and loyal temperament, combining the genetic heritage of wolves with the trainability of domestic dogs.",Herding,"Developed in Mexico in the mid-1990s through controlled hybridization of Mexican Gray Wolves with domestic dogs, primarily German Shepherds and Alaskan Malamutes, to create a wolf-like companion breed that preserves cultural heritage while maintaining domestic dog temperament and trainability. Provisionally recognized by the FCI and the Federación Canófila Mexicana.","{'id': 'a23oubHWmC', 'url': 'https://cdn4.thedogapi.com/optimized/a23oubHWmC.jpg', 'width': 736, 'height': 1456}",27.0,45.0,36.0,56.0,75.0,65.5,12.0,14.0,13.0
Ca Mè Mallorquí,2,"alert, intelligent, energetic, loyal, work-focused","Mallorca, Balearic Islands, Spain",ES,"Medium-sized working dog from Mallorca, Spain, with a short black coat and athletic build, traditionally used for hunting and herding in Mediterranean terrain",Working,"Traditional working dog of Mallorca developed for hunting and herding, adapted to local Mediterranean terrain and climate, recognized by Spanish kennel organizations","{'id': 'N2yTQZXRJT', 'url': 'https://cdn4.thedogapi.com/optimized/N2yTQZXRJT.jpg', 'width': 1520, 'height': 704}",16.0,25.0,20.5,48.0,58.0,53.0,12.0,14.0,13.0
Campeiro Bulldog,2,"loyal, protective, courageous, calm, work-focused",Brazil,BR,"A powerful, medium-sized Brazilian bulldog breed with muscular, athletic build, broad chest, and short coat. Historically developed for cattle work on ranches with strong work ethic and alert expression.",Working,"Descended from Old English Bulldogs brought to southern Brazil by European immigrants in the 19th century. Developed for ranch work, specifically for subduing and controlling cattle. After facing near extinction, the breed was revived through dedicated conservation efforts.","{'id': 'Q0vTbsbprE', 'url': 'https://cdn4.thedogapi.com/optimized/Q0vTbsbprE.jpg', 'width': 976, 'height': 1088}",30.0,45.0,37.5,46.0,56.0,51.0,10.0,12.0,11.0
Canaan Dog,2,"alert, intelligent, loyal, independent, protective, confident",Israel,IL,"Medium-sized primitive spitz-type pariah dog with erect ears, wedge-shaped head, and bushy tail carried curled over the back, known for natural survival instincts and versatility as herder and guardian",Herding,"Ancient pariah dog from the land of Canaan that survived for thousands of years in the wild. In the 1930s, Dr. Rudolphina Menzel began redomesticating them for use as guard and service dogs. Recognized by AKC in 1997 and is the national dog of Israel.","{'id': 'ONmucF2QTk', 'url': 'https://cdn4.thedogapi.com/optimized/ONmucF2QTk.jpg', 'width': 1232, 'height': 864}",16.0,25.0,20.5,48.0,61.0,54.5,12.0,15.0,13.5
Canadian Eskimo Dog,2,"alert, loyal, intelligent, courageous, independent, work-focused",Canadian Arctic,CA,"A powerful, Spitz-type working dog of the Arctic with thick double coat and imposing stature, known for exceptional endurance in sledding and hunting work. This primitive breed combines strength with hardy Arctic adaptation.",Working,"Ancient aboriginal breed used by the Inuit people of the Canadian Arctic for thousands of years as a multi-purpose working dog for sledding, transportation and hunting. Nearly extinct with introduction of snowmobiles but saved through dedicated preservation and revival efforts.","{'id': '0nRTu0HmWf', 'url': 'https://cdn4.thedogapi.com/optimized/0nRTu0HmWf.jpg', 'width': 1136, 'height': 928}",18.0,40.0,29.0,50.0,70.0,60.0,10.0,15.0,12.5
Can de Chira,2,"intelligent, energetic, loyal, alert, work-focused","Aragon, Spain",ES,"A medium-sized, agile, and rustic traditional Spanish herding dog from the Aragon region with a weather-resistant double coat and energetic temperament, prized for its intelligence and ability to manage livestock in mountainous terrain",Herding,"Traditional Aragonese shepherd dog from the Pyrenees mountains valued for cattle and sheep herding. Its name derives from herding 'chiras,' a local sheep breed. The breed faced near extinction but is undergoing recovery thanks to efforts by the Club del Can de Chira and recognition as a Canine Ethnic Group by the Real Sociedad Canina de España.","{'id': 'KOmEYYELNR', 'url': 'https://cdn4.thedogapi.com/optimized/KOmEYYELNR.jpg', 'width': 1024, 'height': 1024}",12.0,20.0,16.0,38.0,47.0,42.5,11.0,14.0,12.5
Can de Palleiro,2,"intelligent, loyal, protective, work-focused, alert","Galicia, Spain",ES,"A medium-to-large, rustic herding and guarding dog of lupoid (wolf-like) appearance, native to the Galicia region of Spain. Known for its sturdy build, weather-resistant double coat, balanced temperament, and versatility as an all-purpose farm dog.",Herding,"Ancient Iberian landrace breed from northwestern Spain, traditionally used as an all-purpose farm dog for herding cattle, guarding property, and livestock management. Maintained genetic purity through geographic isolation but faced near extinction by late 20th century. Subject of successful recovery program since late 1990s and recognized by Spain's royal kennel club (RSCE).","{'id': 'kLMiFtPQMj', 'url': 'https://cdn4.thedogapi.com/optimized/kLMiFtPQMj.jpg', 'width': 1200, 'height': 896}",25.0,35.0,30.0,53.0,65.0,59.0,12.0,14.0,13.0
Cane Corso,2,"confident, protective, intelligent, loyal, affectionate",Italy,IT,"Large, powerful Italian mastiff-type dog with muscular, athletic build and confident demeanor. This intelligent and majestic breed was historically used as a guardian and hunter, known for its loyalty to family.",Working,"Ancient Italian breed descended from Roman Molossian war dogs, developed as a versatile farmhand, guardian, and hunter of large game. The breed nearly faced extinction but was revived by enthusiasts in the 1970s.","{'id': 'r15m-lc4m', 'url': 'https://cdn2.thedogapi.com/images/r15m-lc4m_1280.jpg', 'width': 645, 'height': 380}",40.0,50.0,45.0,60.0,70.0,65.0,9.0,12.0,10.5
Cane di Oropa,2,"loyal, intelligent, energetic, work-focused, alert, devoted","Biellese Alps, Piedmont (Oropa Valley), Italy",IT,"Medium-sized herding dog from the Italian Biellese Alps with a rustic appearance, strong build, and merle coat. Known for its mountain working heritage and keen, energetic temperament suited for flock management.",Herding,Ancient pastoral dog native to the Biellese Alps and Oropa Valley in Italy's Piedmont region. Traditionally used by local shepherds for centuries to manage sheep and cattle in mountain terrain. The breed faced extinction before preservation efforts by the Associazione Amici del Cane di Oropa breed club.,"{'id': '6eetrxropw', 'url': 'https://cdn4.thedogapi.com/optimized/6eetrxropw.jpg', 'width': 1120, 'height': 944}",17.0,30.0,23.5,45.0,56.0,50.5,12.0,15.0,13.5
Cane Paratore,2,"intelligent, energetic, loyal, protective, work-focused, alert","Piedmont Alps, Italy",IT,"A medium-sized, rustic Italian herding dog from the Piedmont Alps, known for its agility, intelligence, and typically merle coat. This athletic breed combines herding instincts with protective qualities, traditionally used for managing livestock in mountainous terrain.",Herding,"A landrace breed developed over centuries by shepherds in the western Italian Alps (Piedmont) to manage sheep and cattle in mountainous terrain. Valued for its hardiness and working ability, the breed is undergoing official recognition by the Italian Kennel Club (ENCI). Also known as the Pastore d'Oropa.","{'id': '3Wpx3POYfd', 'url': 'https://cdn4.thedogapi.com/optimized/3Wpx3POYfd.jpg', 'width': 1200, 'height': 896}",18.0,30.0,24.0,45.0,55.0,50.0,10.0,15.0,12.5
Cantabrian Water Dog,2,"loyal, intelligent, work-focused, energetic, alert, devoted","Cantabria, Spain",ES,"A rustic, medium-sized, and athletic water dog from the Cantabria region of northern Spain, characterized by a curly, woolly, waterproof coat. Originally bred for fishing and water work, this ancient breed is known for its loyalty, work-focused nature, and exceptional aptitude for swimming and retrieving.",Sporting,"An ancient landrace breed from the coastal Cantabrian region of northern Spain, historically used by fishermen for water work, retrieving fish and gear, guarding boats, and assisting with nets. Nearly extinct but being revived through conservation efforts, officially recognized by the Real Sociedad Canina de España (RSCE) in 2011.","{'id': 'd5YGkeJFYl', 'url': 'https://cdn4.thedogapi.com/optimized/d5YGkeJFYl.jpg', 'width': 1280, 'height': 832}",12.0,23.0,17.5,40.0,50.0,45.0,12.0,14.0,13.0
Cão de Gado Transmontano,2,"protective, independent, calm, loyal, confident, courageous","Trás-os-Montes region, Portugal",PT,"Very large, powerful molossoid-type livestock guardian dog with thick double coat, bred in the mountainous regions of northern Portugal to protect flocks from predators with a calm yet imposing and rustic demeanor",Working,"Ancient Iberian mastiff-type breed developed in the remote Trás-os-Montes region of northern Portugal, used for centuries by shepherds to guard flocks against wolves and other predators in harsh mountain conditions. Recognized by the FCI for its courage, loyalty, and ability to work independently.","{'id': 'Z4dSbHTVEA', 'url': 'https://cdn4.thedogapi.com/optimized/Z4dSbHTVEA.jpg', 'width': 1152, 'height': 928}",40.0,75.0,57.5,68.0,84.0,76.0,10.0,12.0,11.0
Ca Rater Mallorquí,2,"alert, energetic, intelligent, loyal, courageous","Mallorca, Balearic Islands, Spain",ES,"Small, agile terrier-like breed from Mallorca with a compact, athletic build and smooth short coat. Known for intelligence, alertness, and exceptional skill in hunting rats and other vermin.",Terrier,"Developed on the Spanish island of Mallorca specifically for controlling rats and other vermin in farms, stables, and households. Used for centuries due to its small size and agility to pursue prey into tight spaces. Provisionally recognized by the FCI and recognized as a native Spanish breed.","{'id': 'onEX8ezaJx', 'url': 'https://cdn4.thedogapi.com/optimized/onEX8ezaJx.jpg', 'width': 1200, 'height': 896}",8.0,15.0,11.5,29.0,38.0,33.5,12.0,15.0,13.5
Cardigan Welsh Corgi,2,"affectionate, loyal, intelligent, alert, adaptable","Cardiganshire, Wales",GB,"Low-set, sturdily built herding dog with a long body, fox-like brushy tail, and rounded ears, known for intelligence and versatility",Herding,"One of the oldest herding breeds, believed brought to Wales by Celtic tribes around 1200 BC, developed as versatile farm dogs for cattle herding and property guarding","{'id': 'SyXN-e9NX', 'url': 'https://cdn2.thedogapi.com/images/SyXN-e9NX_1280.jpg', 'width': 800, 'height': 600}",11.0,17.0,14.0,27.0,32.0,29.5,12.0,15.0,13.5
Carea Leonés,2,"intelligent, loyal, work-focused, energetic, alert, athletic","León Province, Spain",ES,"Medium-sized, rustic Spanish sheepdog of the lupoid type with a dense, weather-resistant coat and strong herding instincts. Known for intelligence, agility, and alert, expressive demeanor in mountainous terrain.",Herding,"Ancient traditional herding dog from León Province in northwest Spain, used for centuries to manage and guide flocks, particularly Merino sheep. Highly valued for hardiness, intelligence, and unwavering work ethic in mountainous terrain and rural environments.","{'id': 'h7fcj4eeRi', 'url': 'https://cdn4.thedogapi.com/optimized/h7fcj4eeRi.jpg', 'width': 976, 'height': 1088}",18.0,32.0,25.0,46.0,61.0,53.5,12.0,14.0,13.0
Carolina Dog,2,"alert, intelligent, independent, loyal, adaptable, gentle",Southeastern United States,US,"Medium-sized, athletic primitive breed with sand-colored coat and erect ears, resembling a dingo or small wolf with ancient pariah dog characteristics",Hound,Primitive landrace breed descended from ancient dogs that accompanied early human migrations across the Bering land bridge. Discovered living as free-roaming population in cypress swamps of South Carolina and Georgia by Dr. I. Lehr Brisbin Jr. Recognized by UKC and seeking AKC recognition.,"{'id': 'rwf9rF0e9Z', 'url': 'https://cdn4.thedogapi.com/optimized/rwf9rF0e9Z.jpg', 'width': 800, 'height': 1344}",14.0,25.0,19.5,43.0,51.0,47.0,12.0,15.0,13.5
Carpathian Shepherd Dog,2,"loyal, protective, courageous, calm, independent, alert, devoted","Carpathian Mountains, Romania",RO,"Large, powerful livestock guardian dog native to the Carpathian Mountains with a wolf-like appearance and thick double coat. Known for its courageous and protective nature, this robust mountain dog was developed for guarding sheep flocks from predators including wolves and bears.",Working,Ancient breed developed over centuries by Romanian shepherds in the Carpathian Mountains for protecting sheep flocks from predators. First breed standard written in 1934 by the National Institute for Animal Husbandry and officially recognized by the FCI in 2005.,"{'id': 'c3a2TB0nzo', 'url': 'https://cdn4.thedogapi.com/optimized/c3a2TB0nzo.jpg', 'width': 1152, 'height': 928}",30.0,45.0,37.5,59.0,73.0,66.0,12.0,14.0,13.0
Castro Laboreiro Dog,2,"loyal, protective, intelligent, independent, alert, courageous","Castro Laboreiro region, Portugal",PT,"An ancient, large, and powerful Portuguese livestock guardian dog with a distinctive wolf-like appearance and movement. This rustic mountain breed is known for its formidable and unique graduated bark that starts low and rises in pitch.",Working,"Ancient Portuguese livestock guardian breed from the Peneda-Gerês mountains of northern Portugal. Developed to protect herds from wolves and other predators, it is one of the oldest and rarest breeds on the Iberian Peninsula.","{'id': 'Co9d1Ojqn6', 'url': 'https://cdn4.thedogapi.com/optimized/Co9d1Ojqn6.jpg', 'width': 1200, 'height': 896}",25.0,40.0,32.5,55.0,63.0,59.0,11.0,13.0,12.0
Catahoula Leopard Dog,2,"independent, intelligent, loyal, protective, energetic, work-focused","Louisiana, United States",US,"Medium to large, athletic herding and hunting breed known for its distinctive spotted or merle coat patterns, striking heterochromatic (glass) eyes, and strong work ethic. This versatile working dog combines intelligence with independence.",Herding,Developed in Northern Louisiana from Native American dogs crossed with Spanish and French settlers' dogs for hunting feral hogs and herding cattle. Named after Catahoula Parish and designated as the official state dog of Louisiana.,"{'id': 'Q1BZEKatoN', 'url': 'https://cdn4.thedogapi.com/optimized/Q1BZEKatoN.jpg', 'width': 1184, 'height': 896}",23.0,41.0,32.0,51.0,66.0,58.5,10.0,14.0,12.0
Catalan Sheepdog,2,"intelligent, loyal, energetic, protective, courageous","Catalonia, Spain",ES,"Medium-sized, agile herding dog from the Catalan Pyrenees with long shaggy coat, distinctive beard and mustache, and alert expression. Known for intelligence, courage, and watchful nature as a versatile herding breed.",Herding,Ancient herding breed developed in the Catalan Pyrenees for managing sheep and goats. Used as messengers and sentinels during Spanish Civil War. Nearly extinct afterward but restored through dedicated breeding programs in the 1970s.,"{'id': '3xpOu3Wiyg', 'url': 'https://cdn4.thedogapi.com/optimized/3xpOu3Wiyg.jpg', 'width': 1152, 'height': 928}",17.0,28.0,22.5,45.0,55.0,50.0,12.0,14.0,13.0
Caucasian Shepherd Dog,2,"protective, independent, courageous, loyal, confident",Caucasus Mountains,RU,"Giant, powerfully built livestock guardian breed with dense, weather-resistant double coat and imposing presence. Bred to be a formidable guardian in harsh mountain conditions with a courageous, confident demeanor.",Working,"Ancient breed originating in the Caucasus Mountain region, used for centuries to protect livestock from large predators like wolves and bears. Standardized by Soviet cynologists and used as military and prison guard dogs.","{'id': 'dtXjNGJiGQ', 'url': 'https://cdn4.thedogapi.com/optimized/dtXjNGJiGQ.jpg', 'width': 1136, 'height': 944}",45.0,77.0,61.0,64.0,76.0,70.0,10.0,12.0,11.0
Cavalier King Charles Spaniel,2,"affectionate, gentle, friendly, playful, eager to please, adaptable",United Kingdom,GB,"Small, elegant toy spaniel with silky coat, large expressive eyes, and noble appearance, known for its gentle expression and affectionate temperament, equally at home as a lap dog or active companion",Toy,"Named after King Charles II who favored the breed, descended from toy spaniels depicted in 16th-18th century British court paintings. The modern breed was revived in the 1920s by enthusiasts seeking to restore the longer-nosed type seen in old portraits","{'id': 'fM3yF6cLB1', 'url': 'https://cdn4.thedogapi.com/optimized/fM3yF6cLB1.jpg', 'width': 1216, 'height': 880}",6.0,8.0,7.0,30.0,33.0,31.5,12.0,15.0,13.5
Cavapom,2,"friendly, affectionate, playful, intelligent, outgoing, alert",United States,US,"Small, lively companion dog created by crossing a Cavalier King Charles Spaniel and Pomeranian, known for its affectionate nature, fluffy plush coat, and friendly demeanor that combines the gentle nature of the Cavalier with the compact size of the Pomeranian",Mixed,"A modern designer crossbreed developed in the United States by crossing a Cavalier King Charles Spaniel with Pomeranian to create a small companion dog combining the gentle nature of the Cavalier with the lively, fluffy appearance of the Pomeranian. Gained popularity in the late 20th and early 21st centuries","{'id': 'RtPH6hO5gs', 'url': 'https://cdn4.thedogapi.com/optimized/RtPH6hO5gs.jpg', 'width': 1264, 'height': 848}",3.0,9.0,6.0,18.0,33.0,25.5,12.0,16.0,14.0
Cavapoo,2,"affectionate, intelligent, friendly, playful, gentle, outgoing",Australia,AU,"Small companion crossbreed combining Cavalier King Charles Spaniel and Poodle traits, known for its soft wavy or curly coat, friendly nature, and affectionate temperament",Mixed,"Modern designer crossbreed first intentionally developed in Australia in the 1990s by crossing Cavalier King Charles Spaniel with Poodle, aiming to create a friendly family companion with low-shedding coat suitable for allergy sufferers","{'id': 'Bh2vP5FxPP', 'url': 'https://cdn4.thedogapi.com/optimized/Bh2vP5FxPP.jpg', 'width': 1264, 'height': 848}",5.0,11.0,8.0,23.0,36.0,29.5,10.0,15.0,12.5
Central Asian Shepherd Dog,2,"independent, protective, confident, courageous, calm",Central Asia,RU,"An ancient, large, and powerful livestock guardian breed with massive bone structure and powerful muscles. Known for its courage, confidence, territorial nature, and natural protective instincts developed over thousands of years.",Working,"Ancient breed originating over 5,000 years ago in the geographical area between the Ural Mountains, the Caspian Sea, Asia Minor, and Northwest China. Shaped by natural selection in harsh climates and constant struggle against predators, developed to guard livestock and property across Central Asian regions.","{'id': '56j27IEHO8', 'url': 'https://cdn4.thedogapi.com/optimized/56j27IEHO8.jpg', 'width': 1168, 'height': 912}",40.0,80.0,60.0,61.0,81.0,71.0,12.0,15.0,13.5
Český fousek,2,"intelligent, loyal, energetic, devoted, eager to please, work-focused",Czech Republic,CZ,"Medium-sized, wire-haired versatile pointing dog of noble appearance with distinctive beard, known for endurance, adaptability, and devotion as a hunting companion",Sporting,"One of the oldest Czech hunting breeds, the Český fousek nearly became extinct after the World Wars but was restored in the 1960s through careful breeding programs using remaining typical specimens","{'id': 'nsVY06PMY4', 'url': 'https://cdn4.thedogapi.com/optimized/nsVY06PMY4.jpg', 'width': 1008, 'height': 1056}",22.0,34.0,28.0,57.0,66.0,61.5,12.0,15.0,13.5
Cesky Terrier,2,"calm, gentle, playful, intelligent, loyal, devoted",Czech Republic,CZ,"A well-muscled, short-legged hunting terrier with a silky, wavy coat and natural drop ears, known for its calm and gentle temperament compared to other terriers. Bred for hunting in Bohemian forests, this less-active and quieter terrier was developed to work effectively in packs.",Terrier,"Developed in the mid-20th century by Czech breeder František Horák, who crossed Scottish Terriers with Sealyham Terriers to create a tenacious but more tractable hunting terrier for the forests of Bohemia. Recognized by the FCI in 1963 and AKC in 2011.","{'id': 'UvhPeERjsc', 'url': 'https://cdn4.thedogapi.com/optimized/UvhPeERjsc.jpg', 'width': 1120, 'height': 944}",6.0,11.0,8.5,25.0,33.0,29.0,12.0,15.0,13.5
Chart Polski,2,"independent, loyal, alert, calm, confident, courageous, protective, intelligent",Poland,PL,"Large, powerful, and muscular sighthound with an elegant build, short coat, and dignified appearance, known for its speed, courage, stamina, and reserved nature. Bred for hunting in Polish terrain with great determination and character.",Hound,Ancient Polish sighthound breed with origins dating back to the 13th century used by nobility for hunting hare fox deer boar and wolves. Nearly extinct after WWII but successfully revived through careful breeding programs in the latter half of the 20th century.,"{'id': 'JX7oc0IPtq', 'url': 'https://cdn4.thedogapi.com/optimized/JX7oc0IPtq.jpg', 'width': 1280, 'height': 832}",25.0,43.0,34.0,68.0,80.0,74.0,10.0,12.0,11.0
Chesapeake Bay Retriever,2,"intelligent, courageous, loyal, protective, confident","Maryland, United States",US,"A powerful, muscular gundog with distinctive wavy, waterproof double coat and amber eyes, bred for retrieving waterfowl in the harsh conditions of the Chesapeake Bay",Sporting,Developed in the 19th century along the Chesapeake Bay from two shipwrecked Newfoundland-type puppies (Sailor and Canton) bred with local retrievers to create a water gundog capable of withstanding icy conditions and retrieving waterfowl in harsh environments,"{'id': 'JjT27ESYT', 'url': 'https://cdn2.thedogapi.com/images/JjT27ESYT.jpg', 'width': 1280, 'height': 1920}",25.0,36.0,30.5,53.0,66.0,59.5,10.0,13.0,11.5
Chien Français Blanc et Noir,2,"courageous, intelligent, work-focused, independent, loyal",France,FR,"Large, powerful, and elegant French scent hound distinguished by its distinctive black and white coat, bred for hunting large game in packs with endurance and persistence",Hound,"Developed in 19th century France from crosses of Gascon-Saintongeois and the now-extinct Montaimboeuf hounds, with English Foxhounds. Meticulously created as a powerful and enduring pack hound specialized for hunting roe deer and large game","{'id': 'NUGB4SjgJE', 'url': 'https://cdn4.thedogapi.com/optimized/NUGB4SjgJE.jpg', 'width': 1200, 'height': 896}",28.0,35.0,31.5,62.0,72.0,67.0,10.0,12.0,11.0
Chien Français Blanc et Orange,2,"gentle, calm, loyal, intelligent, energetic, work-focused",France,FR,"Large, noble, and muscular French scent hound with distinctive white and orange coat, bred for pack hunting large game such as deer and boar. Known for stamina, endurance, and ability to work collaboratively in packs.",Hound,"Developed in France from old hounds of Saintonge and crosses with the Billy breed, rooted in various French hounds and English foxhounds. Created for pack hunting large game, recognized by FCI with official breed club founded in 1957.","{'id': 'Ofm8ZqjkVD', 'url': 'https://cdn4.thedogapi.com/optimized/Ofm8ZqjkVD.jpg', 'width': 1136, 'height': 944}",25.0,32.0,28.5,60.0,70.0,65.0,10.0,12.0,11.0
Chien Français Tricolore,2,"work-focused, intelligent, energetic, loyal, athletic, alert",France,FR,"Large, elegant, and powerful French scenthound with distinctive tricolor coat, built for speed and endurance while pack hunting large game, particularly deer",Hound,Created in the mid-20th century by Henri de Falandre by crossing the Poitevin and the Gascon-Saintongeois for large game hunting particularly deer. Officially recognized by the FCI in 1957,"{'id': '0zEl9iFt9N', 'url': 'https://cdn4.thedogapi.com/optimized/0zEl9iFt9N.jpg', 'width': 1184, 'height': 896}",25.0,35.0,30.0,60.0,72.0,66.0,10.0,12.0,11.0
Chihuahua,2,"alert, devoted, intelligent, confident, courageous, lively",Mexico,MX,"World's smallest dog breed with long, flowing coat and bold, confident personality despite tiny size",Toy,"Ancient breed descended from Techichi dogs of the Toltec civilization, refined in Mexican state of Chihuahua and standardized in Mexico and the US. Recognized by AKC since 1904","{'id': 'keGcncOUuU', 'url': 'https://cdn4.thedogapi.com/optimized/keGcncOUuU.jpg', 'width': 1104, 'height': 960}",1.0,3.0,2.0,13.0,20.0,16.5,,,
Chilean Terrier,2,"alert, energetic, loyal, intelligent, adaptable",Chile,CL,"A small, well-balanced, short-coated terrier known for its elegant yet sturdy build and lively, alert disposition. Often called the 'Fox Terrier Chileno' in its native country, this compact and agile breed combines intelligence with typical terrier energy.",Terrier,"Descended from Fox Terriers and other European terrier breeds brought to Chile by immigrants in the 18th and 19th centuries. Developed as a distinct breed for hunting vermin on farms and estates, becoming Chile's first recognized native breed, though not yet recognized by major international kennel clubs.","{'id': 'L9eD6Vhov0', 'url': 'https://cdn4.thedogapi.com/optimized/L9eD6Vhov0.jpg', 'width': 1200, 'height': 896}",4.0,8.0,6.0,28.0,38.0,33.0,12.0,15.0,13.5
Chinese Crested,2,"affectionate, alert, playful, lively, intelligent, gentle",China,CN,"Small, elegant toy dog with fine-boned build that comes in two distinctive varieties: the Hairless with soft skin and tufts of hair, and the Powderpuff with a soft, straight double coat",Toy,Ancient breed believed to have descended from African or Mexican hairless dogs and refined in China. Chinese mariners kept them on ships to hunt vermin and traded them among port cities worldwide. Served as companions to Chinese nobility and were believed to possess magical healing powers,"{'id': 'EmZBU7gxxa', 'url': 'https://cdn4.thedogapi.com/optimized/EmZBU7gxxa.jpg', 'width': 1264, 'height': 832}",3.6,5.4,4.5,28.0,33.0,30.5,,,
Chinese Shar-Pei,2,"loyal, independent, calm, alert, protective, intelligent",China,CN,"An ancient Chinese breed known for its distinctive deep wrinkles, hippopotamus-like muzzle, blue-black tongue, and compact, medium-sized build with a calm, independent temperament",Non-Sporting,"Ancient Chinese breed from southern provinces dating back to the Han Dynasty, originally used as all-purpose farm dog for hunting, herding, guarding, and farm work. Nearly extinct in mid-20th century but revived from very small population by dedicated breeders in 1970s","{'id': 'Rrs2lVEQHq', 'url': 'https://cdn4.thedogapi.com/optimized/Rrs2lVEQHq.jpg', 'width': 1200, 'height': 896}",20.0,27.0,23.5,46.0,51.0,48.5,8.0,12.0,10.0
Chinook,2,"intelligent, calm, devoted, friendly, eager to please","New Hampshire, United States",US,"Large, athletic American sled dog with distinctive tawny double coat, known for combining strength, endurance, and a calm, gentle temperament. This versatile working breed was developed for drafting and sled-dog racing in New England conditions.",Working,"Developed in the early 20th century by polar explorer Arthur Treadwell Walden by crossing Mastiff-type dogs with Huskies and Belgian Shepherds. Named after the foundation male 'Chinook', bred to be an ideal sled dog for New England conditions. Recognized by the AKC in 2013.","{'id': 'LtHPr7ay0L', 'url': 'https://cdn4.thedogapi.com/optimized/LtHPr7ay0L.jpg', 'width': 1248, 'height': 848}",23.0,41.0,32.0,53.0,66.0,59.5,12.0,15.0,13.5
Chipoo,2,"intelligent, alert, playful, affectionate, energetic, loyal",United States,US,"Small designer crossbreed combining the sassy, spirited personality of the Chihuahua with the intelligence and low-shedding coat of the Toy Poodle, resulting in a compact, alert companion with varied coat types",Mixed,Modern designer crossbreed developed in the United States by crossing a Chihuahua with a Toy Poodle to combine the Poodle's intelligence and low-shedding coat with the Chihuahua's spirited personality and compact companion size,"{'id': 'vBtGlR7eXi', 'url': 'https://cdn4.thedogapi.com/optimized/vBtGlR7eXi.jpg', 'width': 1408, 'height': 768}",2.0,7.0,4.5,13.0,30.0,21.5,12.0,15.0,13.5
Chippiparai,2,"loyal, intelligent, independent, alert, gentle, athletic","Tamil Nadu, India",IN,"Ancient Indian sighthound breed from Tamil Nadu, known for its lean, elegant build and exceptional speed. This athletic breed has a very short, close coat typically in shades of fawn, reddish-brown, or brindle, and is prized for its hunting prowess and reserved loyalty to family.",Sighthound,"Ancient sighthound breed developed by royalty in the Chippiparai region near Madurai in Tamil Nadu, India. Traditionally used by royal families and aristocrats for hunting wild boar, deer, and hare. The breed is prized for its speed, endurance, hunting prowess, and robust health adapted to the local climate.","{'id': '4M5XlKU99y', 'url': 'https://cdn4.thedogapi.com/optimized/4M5XlKU99y.jpg', 'width': 1056, 'height': 1008}",12.0,22.0,17.0,56.0,72.0,64.0,12.0,15.0,13.5
Chiweenie,2,"loyal, alert, playful, confident, energetic, affectionate",United States,US,"A small, spirited crossbreed resulting from a Chihuahua and Dachshund with a compact elongated body, short legs, and confident personality combining traits from both parent breeds",Mixed,"Designer crossbreed that gained popularity in the late 1990s in North America, developed by crossing Chihuahua and Dachshund breeds to create a small companion dog","{'id': 'UVtwOi5Ww6', 'url': 'https://cdn4.thedogapi.com/optimized/UVtwOi5Ww6.jpg', 'width': 1408, 'height': 768}",2.0,5.0,3.5,15.0,25.0,20.0,12.0,16.0,14.0
Chongqing Dog,2,"loyal, protective, alert, confident, independent","Chongqing, China",CN,"Medium-sized ancient Chinese spitz-type dog with distinctive bamboo-like tail, short reddish-brown coat, upright ears, and muscular build with protective temperament",Utility,"Ancient Chinese breed from Chongqing and Sichuan provinces, traditionally used for hunting and guard work. Nearly extinct but undergoing revival efforts, with breed standards established by regional Chinese registries.","{'id': 'aiSMxnHmD1', 'url': 'https://cdn4.thedogapi.com/optimized/aiSMxnHmD1.jpg', 'width': 1408, 'height': 768}",12.0,25.0,18.5,35.0,50.0,42.5,10.0,13.0,11.5
Chorkie,2,"alert, loyal, energetic, confident, affectionate, playful, intelligent",United States,US,"Small designer crossbreed combining Chihuahua and Yorkshire Terrier traits, known for having a big personality in a tiny body with spirited and affectionate temperament",Mixed,"Popular designer crossbreed developed in the late 20th century (likely 1990s) in the United States by intentionally crossing Chihuahua and Yorkshire Terrier to create a small, loyal companion dog with spirited temperament","{'id': 'zmlEY581Ab', 'url': 'https://cdn4.thedogapi.com/optimized/zmlEY581Ab.jpg', 'width': 1408, 'height': 768}",1.8,4.5,3.15,15.0,23.0,19.0,12.0,15.0,13.5
Chortai,2,"independent, intelligent, loyal, athletic, calm",Southern Russia/Central Asia,RU,"Rare, elegant sighthound from Central Asia with athletic build and short coat, bred for exceptional speed and endurance when coursing game across harsh steppe terrain",Hound,"Ancient sighthound breed developed in the steppe regions of Kazakhstan and southern Russia for hunting hare, fox, and larger game. Bred purely for function—speed, stamina, and hunting ability—across vast steppes. Nearly extinct after Russian Revolution but preserved by enthusiasts.","{'id': '3pFVOkSjGc', 'url': 'https://cdn4.thedogapi.com/optimized/3pFVOkSjGc.jpg', 'width': 1120, 'height': 944}",23.0,35.0,29.0,61.0,74.0,67.5,11.0,13.0,12.0
Chow Chow,2,"loyal, independent, aloof, alert, calm, protective",China,CN,"An ancient, powerful, and sturdily built dog of Arctic spitz-type, known for its distinctive lion-like mane, unique blue-black tongue, stilted gait, and dense double coat",Non-Sporting,"One of the oldest recognizable breeds with origins dating back over 2,000 years in northern China, where it served as hunting, herding, guarding, and companion dog. Refined during Tang Dynasty and recognized by AKC in 1903.","{'id': 'XSu9Ht84DA', 'url': 'https://cdn4.thedogapi.com/optimized/XSu9Ht84DA.jpg', 'width': 1088, 'height': 976}",20.0,32.0,26.0,43.0,51.0,47.0,8.0,12.0,10.0
Chug,2,"playful, affectionate, loyal, alert, confident",United States,US,"A small companion dog resulting from a cross between a Pug and a Chihuahua, known for its compact build, expressive face, and spirited yet affectionate nature",Mixed,A modern crossbreed developed in North America in the late 20th century by crossing a Pug with a Chihuahua. The goal was to create a small companion dog combining the affectionate nature of the Pug with the spirited personality of the Chihuahua. Not recognized by major kennel clubs.,"{'id': '7ED3YQFWce', 'url': 'https://cdn4.thedogapi.com/optimized/7ED3YQFWce.jpg', 'width': 1408, 'height': 768}",4.5,9.0,6.75,25.0,36.0,30.5,10.0,13.0,11.5
Chukotka Sled Dog,2,"hardy, energetic, independent, loyal, alert, work-focused","Chukotka Peninsula, Siberia",RU,"Arctic spitz-type sled dog from northeastern Siberia, developed by the Chukchi people for sledding, endurance, and transportation in extreme cold conditions",Northern,"Ancient breed developed by the indigenous Chukchi people of northeastern Siberia for sledding, hunting, and survival in Arctic conditions. Traditional sled dog bred for centuries for transportation and endurance, considered the foundation breed for the Siberian Husky.","{'id': '9PUqMc70ID', 'url': 'https://cdn4.thedogapi.com/optimized/9PUqMc70ID.jpg', 'width': 1264, 'height': 848}",18.0,25.0,21.5,51.0,60.0,55.5,12.0,15.0,13.5
Cimarrón Uruguayo,2,"courageous, intelligent, loyal, protective, calm, confident",Uruguay,UY,"Large, powerful molossoid breed with robust bone structure and athletic build, known for its balanced temperament, courage, and protective instincts. This rugged working breed features a short brindle or fawn coat and strong working heritage.",Working,"Descended from dogs brought by Spanish and Portuguese colonizers, developed as a feral breed then shaped by natural selection in the wild. Used for herding cattle, guarding property, and hunting large game. Officially recognized in Uruguay in 1989 and recognized by the FCI.","{'id': 'LZ3fo6EEPD', 'url': 'https://cdn4.thedogapi.com/optimized/LZ3fo6EEPD.jpg', 'width': 1136, 'height': 944}",33.0,45.0,39.0,55.0,61.0,58.0,10.0,12.0,11.0
Cirneco dell'Etna,2,"affectionate, independent, alert, gentle, intelligent","Sicily, Italy",IT,"Ancient medium-sized sighthound with short coat, elegant slender build, and distinctive large ears. Bred for hunting on the rugged volcanic terrain of Mount Etna, this athletic breed combines endurance with graceful movement.",Hound,"Ancient Sicilian breed developed for rabbit hunting on Mount Etna's rugged volcanic terrain for over 2,500 years. Nearly extinct, the breed was revived in the 20th century and is now recognized by FCI and AKC Foundation Stock Service.","{'id': 'ZtaezE1Cby', 'url': 'https://cdn4.thedogapi.com/optimized/ZtaezE1Cby.jpg', 'width': 1056, 'height': 1008}",8.0,12.0,10.0,42.0,50.0,46.0,12.0,14.0,13.0
Clumber Spaniel,2,"gentle, loyal, calm, intelligent, playful",England,GB,"A long, low, and substantial flushing spaniel with a massive head, heavy bone structure, pensive expression, and predominantly white coat with lemon or orange markings",Sporting,"Developed in the 18th century, associated with the French Duc de Noailles and Duke of Newcastle's Clumber Park estate in Nottinghamshire. Likely developed from Alpine Spaniel, Basset Hound crosses. Prized by British royalty and nobility as gentleman's hunting spaniels for game flushing","{'id': 'M5cp3u9VBx', 'url': 'https://cdn4.thedogapi.com/optimized/M5cp3u9VBx.jpg', 'width': 1088, 'height': 976}",25.0,39.0,32.0,43.0,51.0,47.0,10.0,12.0,11.0
Cockapoo,2,"friendly, intelligent, affectionate, playful, outgoing",United States,US,"Popular crossbreed between Cocker Spaniel and Poodle with soft, wavy or curly coat and friendly temperament. One of the oldest and most popular 'designer' breeds, known for intelligence, affectionate nature, and low-shedding coat.",Mixed,"One of the first 'designer breeds' with intentional breeding starting in the United States in the 1960s. Goal was to combine the outgoing, loving personality of the Cocker Spaniel with the low-shedding, intelligent nature of the Poodle to create a healthy companion dog","{'id': 'LXdRpAEn75', 'url': 'https://cdn4.thedogapi.com/optimized/LXdRpAEn75.jpg', 'width': 1264, 'height': 848}",5.0,11.0,8.0,25.0,38.0,31.5,12.0,15.0,13.5
Cocker Spaniel,2,"friendly, affectionate, playful, intelligent, outgoing",United States,US,"Compact sporting breed with silky coat, merry expression, and affectionate nature",Sporting,"Descended from English Cocker Spaniels, developed in the US for smaller size and specialized for woodcock hunting; officially recognized as a distinct breed by the AKC in 1946","{'id': 'R1b5gB11p', 'url': 'https://cdn2.thedogapi.com/images/R1b5gB11p.jpg', 'width': 1080, 'height': 1350}",9.0,14.0,11.5,32.0,39.0,35.5,10.0,14.0,12.0
Colombian Fino Hound,2,"affectionate, docile, energetic, intelligent, loyal, work-focused, devoted, alert",Colombia,CO,"A medium-sized Colombian scenthound of noble appearance with athletic build, characterized by long ears, a sad expression, short smooth coat, and exceptional scenting abilities. Known in its native country as the Sabueso Fino Colombiano.",Scent Hound,"Traditional Colombian scent hound descended from European and North American scenthounds brought to Colombia, adapted over centuries to local terrain and climate. Developed by rural hunters for tenacity and scenting skills from local and Spanish scent hounds. Officially recognized in Colombia in early 2000s and received provisional FCI recognition in 2014.","{'id': 'SvewSSpPyR', 'url': 'https://cdn4.thedogapi.com/optimized/SvewSSpPyR.jpg', 'width': 1168, 'height': 912}",15.0,25.0,20.0,38.0,50.0,44.0,10.0,14.0,12.0
Continental Bulldog,2,"friendly, confident, calm, alert, adaptable, loyal",Switzerland,CH,"Medium-sized, athletically built bulldog with a broad head, muscular compact body, and short coat, designed for improved health and breathing compared to traditional bulldogs with smooth movement and endurance",Non-Sporting,"Developed in Switzerland in the early 2000s by breeder Imelda Angehrn to create a healthier more athletic bulldog with fewer respiratory issues by crossing English Bulldogs with Olde English Bulldogges, provisionally recognized by FCI in 2022","{'id': 'V4M53OOdaI', 'url': 'https://cdn4.thedogapi.com/optimized/V4M53OOdaI.jpg', 'width': 1264, 'height': 848}",20.0,30.0,25.0,38.0,47.0,42.5,10.0,14.0,12.0
Corgipoo,2,"intelligent, friendly, playful, affectionate, energetic, alert",United States,US,"A designer crossbreed between a Cardigan Welsh Corgi and Miniature Poodle, known for its compact size, intelligence, and friendly nature. Coat type, size, and temperament can vary significantly based on genetic inheritance from the parent breeds.",Mixed,"Modern designer crossbreed developed in the United States by combining the Cardigan Welsh Corgi with a Miniature Poodle. The aim was to create an intelligent companion dog with the low-shedding coat of the Poodle and the sturdy, affectionate nature of the Corgi. Not formally recognized by major kennel clubs.","{'id': 'V7d9XQV5qy', 'url': 'https://cdn4.thedogapi.com/optimized/V7d9XQV5qy.jpg', 'width': 1408, 'height': 768}",5.0,14.0,9.5,25.0,38.0,31.5,12.0,15.0,13.5
Corsican Dog,2,"independent, alert, loyal, protective, intelligent","Corsica, France",FR,"Medium-sized, versatile and athletic dog native to the island of Corsica with a rustic build and alert demeanor. This ancient multi-purpose breed combines hunting ability with herding and guarding instincts, displaying both independence and devotion to family.",Herding,"Ancient multi-purpose breed native to Corsica, used for hunting wild boar, herding livestock, and property protection. Nearly extinct in the 20th century but revived by enthusiasts starting in 1989. Recognized by French Kennel Club and provisionally by FCI as the Cursinu.","{'id': 'OFLogYcG3a', 'url': 'https://cdn4.thedogapi.com/optimized/OFLogYcG3a.jpg', 'width': 1040, 'height': 1024}",13.0,29.0,21.0,43.0,58.0,50.5,10.0,14.0,12.0
Coton de Tulear,2,"happy, playful, affectionate, alert, friendly, intelligent, adaptable",Madagascar,MG,"Small companion dog with soft cotton-like white coat, charming personality and cheerful temperament",Non-Sporting,"Originated as royal dog and companion to nobles in Madagascar, developed from small white dogs brought by traders. Named for city of Tuléar and recognized by FCI and AKC as beloved adaptable companion breed","{'id': 'SyviZlqNm', 'url': 'https://cdn2.thedogapi.com/images/SyviZlqNm_1280.jpg', 'width': 2464, 'height': 1638}",3.5,7.0,5.25,23.0,28.0,25.5,,,
Cretan Hound,2,"intelligent, independent, alert, energetic, athletic, gentle, affectionate","Crete, Greece",GR,"Ancient, primitive Mediterranean sighthound from Greece with slender, athletic build, erect ears, and curled tail. Known for exceptional speed, agility, and keen hunting instincts over harsh, rocky terrain.",Hound,"Ancient Hellenic breed native to the Greek island of Crete, with depictions dating back over 4,000 years. Developed for hunting hare and wild rabbits over harsh, rocky terrain. Regarded as one of the oldest European hounds and recognized provisionally by the FCI.","{'id': 'uuNFpVb59T', 'url': 'https://cdn4.thedogapi.com/optimized/uuNFpVb59T.jpg', 'width': 1024, 'height': 1040}",15.0,25.0,20.0,50.0,60.0,55.0,12.0,15.0,13.5
Croatian Sheepdog,2,"intelligent, alert, energetic, loyal, work-focused, eager to please",Croatia,HR,"Medium-sized, agile herding dog with a distinctive wavy or curly black coat and athletic build. This intelligent and lively breed displays an alert expression and was developed for livestock work in Croatia.",Herding,"Ancient herding breed believed to have descended from dogs brought by the Croats in the 7th century, developed in eastern regions of Slavonia as versatile farm and herding dog. Referenced in historical documents from 1374, systematic breeding program began in 1935 with FCI recognition granted in 1969.","{'id': 'qsshNx5TEm', 'url': 'https://cdn4.thedogapi.com/optimized/qsshNx5TEm.jpg', 'width': 896, 'height': 1200}",13.0,20.0,16.5,40.0,50.0,45.0,12.0,14.0,13.0
Curly-Coated Retriever,2,"confident, intelligent, independent, loyal, energetic",England,GB,"Large, elegant retriever and one of the oldest retriever breeds, distinguished by its distinctive tight, water-resistant curly coat and confident, athletic temperament",Sporting,"One of the oldest retriever breeds, developed in England during the 18th-19th century from English Water Spaniel, St. John's Newfoundland, and Poodle ancestry, prized by gamekeepers for waterfowl hunting versatility","{'id': 'hTIXRvifdU', 'url': 'https://cdn4.thedogapi.com/optimized/hTIXRvifdU.jpg', 'width': 1408, 'height': 768}",27.0,43.0,35.0,58.0,69.0,63.5,10.0,12.0,11.0
Czechoslovakian Wolfdog,2,"loyal, intelligent, energetic, courageous, alert, independent",Czechoslovakia,CZ,"Athletic, wolf-like working breed with a powerful build and primitive appearance, developed from German Shepherds and Carpathian wolves. Known for high energy, endurance, and independent nature with distinctive wolf-like features.",Working,Developed in 1955 in Czechoslovakia through biological experiment crossing German Shepherd Dogs with Carpathian wolves. Goal was to blend trainability of German Shepherd with stamina and pack instinct of wolf for military border patrol use. Officially recognized by FCI in 1989.,"{'id': '5mJ6alzNPv', 'url': 'https://cdn4.thedogapi.com/optimized/5mJ6alzNPv.jpg', 'width': 1408, 'height': 768}",20.0,34.0,27.0,60.0,71.0,65.5,12.0,16.0,14.0
Dachshund,2,"courageous, intelligent, independent, alert, playful, devoted",Germany,DE,"Long-bodied, short-legged hound with distinctive elongated build, available in three coat types (smooth, wirehaired, and longhaired). Originally bred for hunting badgers in burrows, this bold and lively scent hound is known for its courageous, intelligent, and playful personality.",Hound,"Developed in Germany over 300 years ago (records date to 15th century) specifically for hunting badgers in their burrows. The name 'Dachshund' translates to 'badger dog' in German. Wirehaired varieties were developed by crossing with terriers for work in thorny terrain, while longhaired varieties were created using spaniels for colder climates.","{'id': 'HhcmXDVqR2', 'url': 'https://cdn4.thedogapi.com/optimized/HhcmXDVqR2.jpg', 'width': 1200, 'height': 880}",7.0,14.5,10.75,20.0,23.0,21.5,12.0,16.0,14.0
Dalmadoodle,2,"intelligent, energetic, friendly, loyal, alert",United States,US,"An intelligent and athletic mixed breed cross between Dalmatian and Standard Poodle, combining the Dalmatian's distinctive spotted appearance and dignified nature with the Poodle's keen intelligence and potentially low-shedding coat",Mixed,Modern designer crossbreed developed by mixing a Dalmatian with a Standard Poodle to combine the Dalmatian's distinctive appearance and athletic ability with the Poodle's intelligence and potentially hypoallergenic coat. Not recognized by major kennel clubs.,"{'id': 'OvtpkLYExs', 'url': 'https://cdn4.thedogapi.com/optimized/OvtpkLYExs.jpg', 'width': 1408, 'height': 768}",20.0,32.0,26.0,48.0,61.0,54.5,11.0,15.0,13.0
Dalmatian,2,"energetic, outgoing, intelligent, alert, athletic","Dalmatia, Croatia",HR,"Medium-sized, athletic dog with distinctive black or liver spotted white coat and elegant build, originally bred as a carriage dog with exceptional endurance",Non-Sporting,"Ancient breed with roots in Dalmatia, Croatia, originally bred as carriage dogs to run for miles alongside horse-drawn coaches, guarding horses and coaches. Also served as circus performers and iconic firehouse mascots, particularly associated with American fire departments. Recognized by AKC in 1888.","{'id': 'ACDtQWVRBr', 'url': 'https://cdn4.thedogapi.com/optimized/ACDtQWVRBr.jpg', 'width': 896, 'height': 1200}",20.0,32.0,26.0,56.0,61.0,58.5,11.0,13.0,12.0
Dandie Dinmont Terrier,2,"independent, intelligent, loyal, affectionate, confident, gentle",Scottish Borders,GB,"Small, long, low-bodied terrier with distinctive topknot of silky hair, large soulful eyes, and unique pepper or mustard colored crisp double coat. Originally bred for hunting badgers and otters with a gentle expression despite their tenacious nature.",Terrier,Developed in the 18th century in the border region between Scotland and England for hunting badgers and otters. Named after a character in Sir Walter Scott's 1815 novel 'Guy Mannering'. Recognized by The Kennel Club (UK) in 1875 and AKC in 1886.,"{'id': 'wnXnSQ9sTP', 'url': 'https://cdn4.thedogapi.com/optimized/wnXnSQ9sTP.jpg', 'width': 1232, 'height': 864}",8.0,11.0,9.5,20.0,28.0,24.0,12.0,15.0,13.5
Danish Spitz,2,"friendly, alert, intelligent, energetic, loyal",Denmark,DK,"Medium-sized, compact spitz-type dog with a dense white double coat, pricked ears, and curled tail carried over the back. Known for its friendly, lively disposition and wedge-shaped head with alert expression.",Non-Sporting,"An old Danish landrace breed used on farms as an all-purpose companion, watchdog, and vermin catcher. The breed faced near extinction in the 20th century but was revived by dedicated breeders and officially recognized by the Danish Kennel Club in 1988","{'id': 'We2yW9Ke0s', 'url': 'https://cdn4.thedogapi.com/optimized/We2yW9Ke0s.jpg', 'width': 848, 'height': 1264}",10.0,18.0,14.0,39.0,49.0,44.0,12.0,15.0,13.5
Danish-Swedish Farmdog,2,"alert, friendly, energetic, intelligent, adaptable, eager to please",Denmark and Sweden,"DK, SE","Small, compact, and slightly rectangular working dog with short smooth coat and alert expression, developed as a versatile all-purpose farm dog in Denmark and Sweden",Terrier,"Ancient Scandinavian farm dog breed from eastern Denmark and southernmost Sweden, used as versatile all-purpose farm dog for ratting, herding, guarding, and companionship. Officially recognized in Denmark and Sweden in 1987, by FCI in 2008-2019, and The Kennel Club (UK) in 2019","{'id': 'NTP0UdJD2P', 'url': 'https://cdn4.thedogapi.com/optimized/NTP0UdJD2P.jpg', 'width': 1232, 'height': 864}",7.0,11.0,9.0,29.0,38.0,33.5,11.0,15.0,13.0
Denmark Feist,2,"energetic, alert, intelligent, courageous, loyal","Denmark, Tennessee, United States",US,"Small to medium agile hunting dog of the Treeing Feist type, specifically developed for treeing small game, especially squirrels. Known for its tenacity, high energy, and alert nature with strong hunting instincts.",Scenthound,"The Denmark Feist is a specific line of Treeing Feist developed by the Slade family in Denmark, Tennessee, originating from dogs brought to the area in 1917. Developed from terrier and hound crosses, these historic American hunting dogs were prized by early settlers for their vermin-hunting and treeing abilities.","{'id': 't5psyLfO8Y', 'url': 'https://storage.googleapis.com/dog-api-uploads-prod/originals/aa89f970-6bd6-4e5a-807a-9dd60182ebab.jpeg', 'width': 1408, 'height': 768}",7.0,16.0,11.5,38.0,46.0,42.0,12.0,18.0,15.0
Dikkulak,2,"alert, energetic, loyal, intelligent",Turkey,TR,"A rare Turkish landrace dog characterized by distinctive erect ears from which it gets its name ('prick ear'). Small to medium-sized with spitz-type features and sighthound heritage, bred for guarding homesteads and hunting in rural Anatolia.",Sighthound,"The Dikkulak is a rare, regional landrace from eastern Turkey, primarily found in rural Anatolia. Its name translates to 'prick ear' in Turkish, distinguishing it by its erect ears. Traditionally used for guarding homesteads and controlling vermin, this breed has been shaped by its environment and function rather than formal breeding programs. Not officially recognized by major international kennel clubs.","{'id': '5mJuu8toxy', 'url': 'https://storage.googleapis.com/dog-api-uploads-prod/originals/bcdb1d7c-b189-493b-8cfa-fd907e7ff11a.jpeg', 'width': 1408, 'height': 768}",8.0,14.0,11.0,30.0,41.0,35.5,12.0,16.0,14.0
Dingo,2,"independent, alert, intelligent, adaptable",Australia,AU,"An ancient, primitive wild canid native to Australia with a lean, medium-sized build, wolf-like appearance, pricked ears, and bushy tail. Recognized for its reddish-tan coat and high intelligence, it is considered a wild dog rather than a domesticated breed.",Primitive/Wild Canid,"Ancient wild canid that arrived in Australia approximately 3,500-4,000 years ago, establishing itself as the continent's apex predator and adapting to diverse harsh Australian environments","{'id': 'mhdKgMYuu4', 'url': 'https://cdn4.thedogapi.com/optimized/mhdKgMYuu4.jpg', 'width': 1104, 'height': 976}",11.0,20.0,15.5,45.0,60.0,52.5,10.0,15.0,12.5
Doberman Pinscher,2,"intelligent, alert, loyal, energetic, confident",Germany,DE,"Medium-large, sleek, athletic and powerful dog known for exceptional loyalty and intelligence. This elegant working breed combines strength with agility and has a confident, alert demeanor.",Working,"Created in late 19th century by Karl Friedrich Louis Dobermann using breeds such as the Rottweiler, German Pinscher, and others for protection and companionship","{'id': 'yy1nVxX1TD', 'url': 'https://cdn4.thedogapi.com/optimized/yy1nVxX1TD.jpg', 'width': 1264, 'height': 848}",27.0,45.0,36.0,61.0,71.0,66.0,10.0,12.0,11.0
Dogo Argentino,2,"courageous, loyal, protective, confident, intelligent, energetic",Argentina,AR,"Large, powerful, all-white mastiff-type dog with massive head and athletic build, originally developed for big-game hunting with exceptional courage and strength",Working,"Developed in Argentina in the 1920s by Dr. Antonio Nores Martinez who systematically crossed the now-extinct Cordoba Fighting Dog with Great Dane, Boxer, Bull Terrier, and Pointer to create a versatile big-game hunter for wild boar and puma","{'id': 'TKneriCOWC', 'url': 'https://cdn4.thedogapi.com/optimized/TKneriCOWC.jpg', 'width': 896, 'height': 1200}",40.0,45.0,42.5,61.0,67.0,64.0,9.0,15.0,12.0
Dogo Sardesco,2,"protective, loyal, courageous, intelligent, confident, independent","Sardinia, Italy",IT,"Large, powerful Molossian-type guardian breed from Sardinia with a sturdy, muscular build and strong protective instincts. Also known as the Pastore Fonnese, this ancient landrace breed was traditionally used for livestock and property protection.",Working,"Ancient landrace breed from Sardinia used for centuries as a fierce guardian of flocks and property against predators and thieves. Provisionally recognized by the FCI as the Pastore Fonnese, though not recognized by major international kennel clubs.","{'id': 'LY570N51o3', 'url': 'https://cdn4.thedogapi.com/optimized/LY570N51o3.jpg', 'width': 1120, 'height': 944}",30.0,50.0,40.0,56.0,69.0,62.5,10.0,13.0,11.5
Dogue Brasileiro,2,"protective, loyal, intelligent, courageous, calm, devoted",Brazil,BR,"Medium to large, powerful mastiff-type breed developed in Brazil with strong guarding instincts, athletic build, and short coat. Known for its devotion to family and protective temperament.",Working,"Developed in Brazil in the 1970s and 1980s by crossing various breeds including Boxers, Bullmastiffs, and local breeds to create a versatile family guardian and protection dog. Not recognized by major international kennel clubs but has official breed standard in Brazil.","{'id': 'oWf6AU5Xtw', 'url': 'https://cdn4.thedogapi.com/optimized/oWf6AU5Xtw.jpg', 'width': 1184, 'height': 896}",31.0,50.0,40.5,54.0,66.0,60.0,9.0,12.0,10.5
Dogue de Bordeaux,2,"loyal, affectionate, courageous, calm, protective, devoted","Bordeaux, France",FR,"Massive, powerful French mastiff with distinctive short, wrinkled muzzle and red mask. This imposing molossoid dog combines a muscular build with a calm, loyal disposition and protective temperament.",Working,"One of the oldest French breeds and ancient molossoid type dating to 14th century. Traditionally used for guarding, pulling carts, and big game hunting. Nearly extinct after World Wars but restored by dedicated breeders and standardized in 19th century.","{'id': 'ozM2Ca6Plu', 'url': 'https://cdn4.thedogapi.com/optimized/ozM2Ca6Plu.jpg', 'width': 1168, 'height': 912}",45.0,64.0,54.5,58.0,69.0,63.5,5.0,8.0,6.5
Donggyeongi,2,"friendly, gentle, alert, intelligent, loyal, courageous, adaptable","Gyeongju, South Korea",KR,"A medium-sized, spitz-type dog native to Korea, characterized by its naturally short or bobbed tail, alert expression, and gentle, friendly disposition",Spitz,"An ancient indigenous Korean breed from the Silla Dynasty period, originating in Gyeongju. Primarily used for hunting and valued for companionship and as a guard dog for centuries. The breed faced near extinction but was revived through dedicated conservation efforts and was designated a Korean National Treasure in 2012. Recognized as a Korean cultural heritage breed but not by major international kennel clubs.","{'id': 'NscEbOcOhw', 'url': 'https://cdn4.thedogapi.com/optimized/NscEbOcOhw.jpg', 'width': 1376, 'height': 768}",14.0,18.0,16.0,45.0,51.0,48.0,12.0,15.0,13.5
Dorkie,2,"affectionate, intelligent, playful, alert, loyal, courageous",United States,US,"Small designer crossbreed combining Dachshund and Yorkshire Terrier traits with compact body and variable coat type. Known for spirited and affectionate personality, though appearance can vary significantly depending on traits inherited from each parent.",Mixed,Modern designer crossbreed developed in the late 20th century by intentionally breeding Dachshunds and Yorkshire Terriers in the United States to create a small companion dog combining traits from both parents. Not recognized by major kennel clubs like AKC or FCI.,"{'id': 'ItnmtVKFTJ', 'url': 'https://cdn4.thedogapi.com/optimized/ItnmtVKFTJ.jpg', 'width': 1408, 'height': 768}",2.0,5.5,3.75,13.0,23.0,18.0,11.0,16.0,13.5
Doxiepoo,2,"intelligent, playful, affectionate, loyal, alert",United States,US,"Small to medium designer crossbreed between a Dachshund and a Poodle, known for its variable appearance and intelligent, playful nature combining traits from both parent breeds",Mixed,Modern designer crossbreed developed in the United States by crossing a Dachshund and typically a Miniature Poodle to create a low-shedding companion dog combining traits from both parent breeds. Not recognized by major kennel clubs as a standardized breed,"{'id': 'zSKlgQQJys', 'url': 'https://cdn4.thedogapi.com/optimized/zSKlgQQJys.jpg', 'width': 1232, 'height': 864}",4.5,14.0,9.25,20.0,38.0,29.0,10.0,15.0,12.5
Drentse Patrijshond,2,"friendly, intelligent, loyal, gentle, energetic, alert","Drenthe province, Netherlands",NL,"Medium-sized versatile hunting dog from the Netherlands with distinctive white coat and orange/brown markings, known for pointing and retrieving abilities. This intelligent spaniel-type breed serves as both an excellent gundog and devoted family companion.",Sporting,"Ancient Dutch breed originating in the 16th century from Spioenen dogs from Spain, developed in Drenthe province as versatile farm and hunting dog for pointing, tracking and retrieving game birds. Nearly extinct after WWII but successfully revived.","{'id': 'rYOOAgdBuu', 'url': 'https://cdn4.thedogapi.com/optimized/rYOOAgdBuu.jpg', 'width': 1120, 'height': 944}",22.0,33.0,27.5,55.0,63.0,59.0,11.0,14.0,12.5
Drever,2,"alert, calm, friendly, intelligent, loyal, even-tempered, courageous",Sweden,SE,"Short-legged, long-bodied Swedish scent hound with distinctive white markings, known for endurance, keen nose, and even-tempered nature. Built for tracking deer and game over difficult terrain with robust, agile construction.",Hound,"Developed in early 20th century Sweden from German Westphalian Dachsbracke imported around 1910, refined to be slower and better suited for driving deer toward hunters. Name 'Drever' officially adopted in 1947 by Swedish Kennel Club.","{'id': 'ONKzjG4REb', 'url': 'https://cdn4.thedogapi.com/optimized/ONKzjG4REb.jpg', 'width': 1312, 'height': 816}",14.0,18.0,16.0,30.0,38.0,34.0,12.0,15.0,13.5
Dunker,2,"friendly, calm, gentle, intelligent, energetic",Norway,NO,"Medium-sized Norwegian scenthound with athletic build and distinctive harlequin, blue-merle, or marbled coat pattern, known for endurance and bred specifically for hare hunting",Hound,"Developed in Norway during the early 19th century by Captain Wilhelm Dunker, crossing Russian Harlequin Hounds with reliable local Norwegian scenthounds to create a superior hound for hunting hare on foot in challenging terrain","{'id': 'tI6IgTM8Ja', 'url': 'https://cdn4.thedogapi.com/optimized/tI6IgTM8Ja.jpg', 'width': 1168, 'height': 912}",16.0,22.0,19.0,47.0,55.0,51.0,12.0,15.0,13.5
Dutch Shepherd,2,"intelligent, loyal, alert, energetic, athletic, work-focused, independent",Netherlands,NL,"Medium-sized herding dog with athletic, muscular build and distinctive brindle coat pattern. An intelligent, versatile, and work-focused breed of Dutch origin that served as an all-purpose farm dog.",Herding,"Developed in the Netherlands as an all-purpose farm dog for herding sheep and cattle, cart-pulling, and guarding. Nearly extinct after WWII but preserved through dedicated breeding efforts. Known for its brindle coat in three varieties: short, long, and wire-haired.","{'id': 'GxmoWNpZqN', 'url': 'https://cdn4.thedogapi.com/optimized/GxmoWNpZqN.jpg', 'width': 1104, 'height': 960}",19.0,34.0,26.5,55.0,64.0,59.5,11.0,14.0,12.5
Dutch Smoushond,2,"friendly, alert, affectionate, playful, lively, intelligent",Netherlands,NL,"A small, lively terrier-type companion dog of Dutch origin, characterized by its shaggy, wiry yellow coat, cheerful expression, and friendly disposition. Originally bred as a stable ratter in 19th century Amsterdam, it is now a cherished family companion.",Non-Sporting,Developed in 19th century Amsterdam as a stable dog for controlling vermin. Nearly faced extinction after World War II but was revived through dedicated breeding program led by Mrs. H.M. Barkman van der Weel in the 1970s. Recognized by FCI and UK Kennel Club.,"{'id': '8YaLRfyVCt', 'url': 'https://cdn4.thedogapi.com/optimized/8YaLRfyVCt.jpg', 'width': 1200, 'height': 896}",8.0,11.0,9.5,33.0,42.0,37.5,12.0,15.0,13.5
East European Shepherd,2,"loyal, protective, confident, intelligent, work-focused",Soviet Union,RU,"Large, powerful working dog developed in Soviet Union from German Shepherds and local breeds. Similar to German Shepherd but larger and more cold-resistant, with a slightly elongated body built for strength and endurance in harsh climates. Possesses a noble, confident demeanor.",Working,"Developed in Soviet Union during 1930s-1950s from German Shepherds and local breeds for military, police, and border patrol duties in harsh climates","{'id': 'N3IWCOJ70f', 'url': 'https://cdn4.thedogapi.com/optimized/N3IWCOJ70f.jpg', 'width': 1296, 'height': 832}",29.0,50.0,39.5,61.0,76.0,68.5,10.0,14.0,12.0
East Siberian Laika,2,"independent, alert, intelligent, courageous, loyal, work-focused","Eastern Siberia, Russia",RU,"Medium to large rugged spitz-type hunting dog from the Siberian taiga with erect ears, curled tail, and thick double coat. Built for harsh climates with strong working drive and balanced temperament.",Spitz and Primitive Types,Developed from aboriginal spitz-type dogs by indigenous peoples of the East Siberian taiga region for hunting big game including bear and wild boar. Standardized in mid-20th century for versatile hunting abilities and adaptability to harsh climates.,"{'id': 'MKcOaZZgKR', 'url': 'https://cdn4.thedogapi.com/optimized/MKcOaZZgKR.jpg', 'width': 1200, 'height': 896}",16.0,23.0,19.5,53.0,64.0,58.5,12.0,15.0,13.5
Ecuadorian Hairless Dog,2,"calm, alert, loyal, gentle, affectionate, intelligent, independent","Santa Elena Peninsula, Ecuador",EC,"Rare, ancient hairless landrace breed from Ecuador with medium-sized, sleek body, elegant build, and expressive features. This indigenous breed is known for its warm skin, calm demeanor, and loyalty to family.",Unknown,"Ancient indigenous landrace breed from pre-Columbian coastal Ecuador, believed to share ancestry with other South American hairless dogs. Extremely rare with limited breeding programs and preservation efforts. Not recognized by major kennel clubs but described in regional breed registries.","{'id': 'q7VUELb6Ub', 'url': 'https://cdn4.thedogapi.com/optimized/q7VUELb6Ub.jpg', 'width': 896, 'height': 1200}",9.0,16.0,12.5,36.0,46.0,41.0,10.0,12.0,11.0
English Cocker Spaniel,2,"merry, affectionate, intelligent, energetic, playful, gentle, eager to please",England,GB,"A medium-sized, merry sporting spaniel known for its silky coat, long lush ears, expressive eyes, and energetic attitude. Compact and athletic, built for endurance and agility in the field with exceptional abilities as both hunting companion and family dog.",Sporting,Developed in England from land spaniels as a specialist flushing spaniel for woodcock and other game birds. Officially separated from American Cocker Spaniel in the 1940s by breed standards.,"{'id': 'UnSc5dMSae', 'url': 'https://cdn4.thedogapi.com/optimized/UnSc5dMSae.jpg', 'width': 1264, 'height': 848}",12.0,15.5,13.75,38.0,43.0,40.5,12.0,14.0,13.0
English Foxhound,2,"friendly, energetic, gentle, independent, courageous",England,GB,"Large, athletic scent hound with classic pack-hound build, bred for fox hunting with exceptional endurance and stamina. Features a short, hard, dense coat and powerful, musical voice with distinctive bay.",Hound,"Developed in England since the 16th century specifically for fox hunting, with studbooks maintained by the Masters of Foxhounds Association since the 1700s representing some of the most complete breed records","{'id': 'L6rQ7CyZbD', 'url': 'https://cdn4.thedogapi.com/optimized/L6rQ7CyZbD.jpg', 'width': 1264, 'height': 848}",27.0,34.0,30.5,53.0,64.0,58.5,10.0,13.0,11.5
English Mastiff,2,"gentle, loyal, protective, calm, courageous",England,GB,"Massive, powerful giant breed with a short fawn, apricot, or brindle coat, distinctive black mask, and dignified demeanor. Known for combining imposing size with a gentle, loyal temperament and protective instincts.",Working,"Ancient breed known in Britain for over 2,000 years, descended from Roman Molossian war dogs. Used as estate guardian, war dog, and big-game hunter. Modern breed refined in medieval England and saved from extinction after World War II.","{'id': 'eXOAOSOt9e', 'url': 'https://cdn4.thedogapi.com/optimized/eXOAOSOt9e.jpg', 'width': 1248, 'height': 848}",54.0,104.0,79.0,70.0,86.0,78.0,6.0,10.0,8.0
English Setter,2,"friendly, gentle, affectionate, intelligent, energetic",England,GB,"Elegant and athletic gundog distinguished by its unique speckled (belton) coat, feathered markings, and graceful movement, known for gentle hunting instincts and friendly disposition",Sporting,"Developed in England over 400 years ago from spaniel stock, refined in the 19th century by Edward Laverack and R. Purcell Llewellin to create a specialized bird dog for locating and setting game birds","{'id': 'DaCvmFBDVI', 'url': 'https://cdn4.thedogapi.com/optimized/DaCvmFBDVI.jpg', 'width': 1200, 'height': 896}",20.0,36.0,28.0,58.0,69.0,63.5,12.0,14.0,13.0
English Shepherd,2,"intelligent, loyal, energetic, alert, devoted, adaptable",United States,US,"Exceptionally intelligent and versatile medium-sized herding dog with a dense double coat and strong work ethic, developed as an all-purpose farm dog with devotion to family and adaptable temperament",Herding,"Developed in the United States from British and Scottish collie-type farm dogs brought by early settlers, bred as versatile all-purpose farm dogs for herding livestock, guarding property, and hunting vermin","{'id': 'H1QyMe5EQ', 'url': 'https://cdn2.thedogapi.com/images/H1QyMe5EQ_1280.jpg', 'width': 1920, 'height': 1280}",16.0,27.0,21.5,46.0,58.0,52.0,12.0,15.0,13.5
English Springer Spaniel,2,"friendly, intelligent, energetic, eager to please, playful",England,GB,"Medium-sized athletic sporting dog with long ears, feathered silky coat, and enthusiastic, eager-to-please personality. Known for their compact body, gentle intelligent expression, and versatile gundog abilities.",Sporting,"Developed in 19th century England as a versatile gundog to find and 'spring' game for the net, falcon, or gun. Originally separated from smaller 'cocker' spaniels by size and hunting use. Officially recognized by The Kennel Club in 1902 and AKC in 1910.","{'id': 'Hk0Jfe5VQ', 'url': 'https://cdn2.thedogapi.com/images/Hk0Jfe5VQ_1280.jpg', 'width': 1440, 'height': 1080}",16.0,25.0,20.5,46.0,53.0,49.5,12.0,14.0,13.0
English Toy Terrier (Black & Tan),2,"alert, intelligent, loyal, playful",England,GB,"Small, elegant black and tan terrier with fine-boned build and distinctive pointed, candle-flame ears",Toy,"Descended from the Old English Black and Tan Terrier, bred as a ratter in Victorian England and now a rare companion breed. Recognized by The Kennel Club (UK).","{'id': 'gS4U8SIVh6', 'url': 'https://cdn4.thedogapi.com/optimized/gS4U8SIVh6.jpg', 'width': 1264, 'height': 848}",2.7,3.6,3.1500000000000004,25.0,30.0,27.5,12.0,13.0,12.5
Entlebucher Mountain Dog,2,"intelligent, energetic, loyal, alert, confident, devoted","Entlebuch valley, Switzerland",CH,"The smallest of the four Swiss Mountain Dogs, the Entlebucher is a compact, sturdy, and muscular herding dog with a distinctive tricolor coat. Known for its intelligence, loyalty, and agile working ability.",Herding,"The smallest of the four Swiss Sennenhund breeds, developed in the Entlebuch valley region of Switzerland as an all-around farm dog for herding cattle and driving livestock to market. First documented in 1889 and recognized for its working versatility.","{'id': 'KFJFCM2M2M', 'url': 'https://cdn4.thedogapi.com/optimized/KFJFCM2M2M.jpg', 'width': 1104, 'height': 976}",18.0,30.0,24.0,41.0,53.0,47.0,11.0,13.0,12.0
Erbi Txakur,2,"intelligent, energetic, alert, loyal, work-focused","Basque Country, Spain",ES,"Medium-sized, agile scent hound from the Basque Country, specifically bred for hunting hare and small game, known for its endurance, keen sense of smell, and ability to work over challenging terrain",Scent Hound,"Ancient landrace breed from the Basque regions of Spain, used for centuries by local hunters for stamina and scenting ability in pursuit of hare and small game over challenging terrain. Recognized by the Real Sociedad Canina de España (RSCE) and regional registries.","{'id': 'dVCYZjuRS5', 'url': 'https://cdn4.thedogapi.com/optimized/dVCYZjuRS5.jpg', 'width': 896, 'height': 1200}",13.0,20.0,16.5,46.0,56.0,51.0,12.0,14.0,13.0
Eskapoo,2,"intelligent, friendly, playful, affectionate, alert, energetic",United States,US,Small to medium designer breed combining the fluffy coat and friendly nature of the American Eskimo Dog with the intelligence and low-shedding curly coat of the Miniature Poodle,Mixed,Modern designer breed developed by crossing American Eskimo Dogs with Miniature Poodles to create an intelligent companion dog with a low-shedding coat. Part of the popular Poodle-mix trend that began in the late 20th century. Not recognized by major kennel clubs.,"{'id': 'j3V3qFIjKP', 'url': 'https://cdn4.thedogapi.com/optimized/j3V3qFIjKP.jpg', 'width': 1408, 'height': 768}",6.0,11.0,8.5,25.0,38.0,31.5,12.0,15.0,13.5
Estonian Hound,2,"friendly, energetic, alert, intelligent, calm",Estonia,EE,"Medium-sized, strong-boned scent hound with short, smooth tricolor coat and sturdy build, known for its tenacity in hunting small game and stamina in Estonia's terrain",Hound,"Developed in Estonia between 1947-1954 after Soviet decree mandating each republic establish a national breed. Created by crossing local hunting dogs with Beagles, Swiss hounds, and English Foxhounds to create versatile hunting dog suited to Estonian terrain under restrictive hunting laws. Officially recognized by FCI in 2019.","{'id': 'dCspKc6ZE9', 'url': 'https://cdn4.thedogapi.com/optimized/dCspKc6ZE9.jpg', 'width': 1408, 'height': 768}",20.0,30.0,25.0,42.0,52.0,47.0,12.0,15.0,13.5
Estrela Mountain Dog,2,"loyal, protective, intelligent, calm, courageous, independent","Serra da Estrela Mountains, Portugal",PT,"Large, powerful, and imposing livestock guardian dog from the Estrela Mountains of Portugal with a dense double coat and protective temperament. Known for its intelligence, loyalty, and calm yet fearless demeanor, this athletic breed combines strength with a naturally protective nature.",Working,"One of the oldest breeds in Portugal, developed in the Estrela Mountains as a livestock guardian to protect flocks from wolves and other predators. Ancient breed with lineage tied to Mastiff-type dogs of the region, recognized by FCI.","{'id': '9QavaBx9AT', 'url': 'https://cdn4.thedogapi.com/optimized/9QavaBx9AT.jpg', 'width': 1200, 'height': 880}",30.0,60.0,45.0,62.0,72.0,67.0,10.0,14.0,12.0
Eurasier,2,"calm, confident, loyal, intelligent, gentle, reserved",Germany,DE,"Medium-sized Spitz-type dog with balanced proportions and thick, plush double coat that comes in a variety of colors. Known for its calm, devoted nature and confident temperament.",Non-Sporting,"Developed in Germany in the 1960s by Julius Wipfel by crossing Chow Chow, Wolfspitz (Keeshond), and Samoyed to create an ideal Spitz-type family companion dog. Recognized by the FCI.","{'id': 'hZkMlKOLPl', 'url': 'https://cdn4.thedogapi.com/optimized/hZkMlKOLPl.jpg', 'width': 1152, 'height': 912}",18.0,32.0,25.0,48.0,60.0,54.0,12.0,14.0,13.0
Faroese Sheepdog,2,"intelligent, energetic, loyal, alert, work-focused, independent",Faroe Islands,FO,"Medium-sized spitz-type herding dog from the Faroe Islands with dense, weather-resistant double coat adapted to harsh Nordic climate. This landrace breed is known for its hardiness, intelligence, and ability to work sheep in rugged terrain.",Herding,"Ancient landrace breed descended from Norse dogs brought to the Faroe Islands by Vikings over a thousand years ago. Related to Icelandic Sheepdog, evolved in isolation to work sheep in challenging climate. Nearly extinct by 1960s but restored through preservation efforts managed by Danish Kennel Club and local enthusiasts.","{'id': '0vIJ1r5BXH', 'url': 'https://cdn4.thedogapi.com/optimized/0vIJ1r5BXH.jpg', 'width': 1248, 'height': 848}",10.0,20.0,15.0,41.0,51.0,46.0,11.0,15.0,13.0
Field Spaniel,2,"docile, intelligent, affectionate, gentle, sensitive",England,GB,"Medium-sized sporting dog with silky, glossy coat in black, liver, or roan colors, built for endurance and agility in the field with an adaptable, noble temperament",Sporting,"Developed in England during the late 19th century from Cocker Spaniels and other spaniel varieties, initially for show but later redeveloped for field work. The breed faced near extinction after World War II but was revived by dedicated breeders.","{'id': 'SkJfGecE7', 'url': 'https://cdn2.thedogapi.com/images/SkJfGecE7_1280.jpg', 'width': 1280, 'height': 906}",16.0,23.0,19.5,43.0,46.0,44.5,12.0,13.0,12.5
Fila Brasileiro,2,"loyal, protective, courageous, devoted, independent",Brazil,BR,"Large, powerful Molosser-type mastiff guardian breed with distinctive loose skin, natural guarding instincts, and tracking ability",Working,"Developed in Brazil from Mastiff, Bulldog, and Bloodhound ancestry for plantation work, estate guarding, cattle herding, and tracking large game. Recognized by FCI but not AKC-recognized.","{'id': 'qcLUT5zYbV', 'url': 'https://cdn4.thedogapi.com/optimized/qcLUT5zYbV.jpg', 'width': 1024, 'height': 1040}",40.0,82.0,61.0,60.0,75.0,67.5,9.0,11.0,10.0
Finnish Hound,2,"friendly, energetic, independent, alert, intelligent",Finland,FI,"Medium-sized tricolor scent hound developed for endurance hunting of hare and fox in challenging Nordic terrain, known for its energetic nature and melodious voice",Hound,"Developed in Finland since the 1800s by crossing various European hounds including French, German, Russian, and Swedish hounds to create a scent hound capable of hunting in the country's snowy, difficult terrain and harsh Nordic conditions","{'id': 'LA1zjdgruf', 'url': 'https://cdn4.thedogapi.com/optimized/LA1zjdgruf.jpg', 'width': 1408, 'height': 768}",20.0,29.0,24.5,52.0,61.0,56.5,11.0,13.0,12.0
Finnish Lapphund,2,"friendly, alert, intelligent, calm, courageous, loyal, adaptable",Lapland (Finland),FI,"Medium-sized, sturdy spitz-type dog with a thick profuse double coat and fox-like features, originally bred for herding reindeer in arctic conditions by the Sami people",Herding,"Ancient spitz breed developed by the indigenous Sami people of Lapland to herd and guard reindeer in Arctic conditions. Nearly extinct after WWII but successfully restored by dedicated Finnish breeders, officially recognized by Finnish Kennel Club in 1945","{'id': 'iYYvYN0MXl', 'url': 'https://cdn4.thedogapi.com/optimized/iYYvYN0MXl.jpg', 'width': 1104, 'height': 976}",15.0,24.0,19.5,41.0,53.0,47.0,12.0,15.0,13.5
Finnish Spitz,2,"friendly, alert, intelligent, independent, playful, courageous",Finland,FI,"Medium-sized fox-like spitz hunting dog with dense golden-red double coat, erect ears, curled plumed tail, and alert expression. Known as Finland's national dog and called the 'barking pointer' for their distinctive hunting style.",Non-Sporting,"Ancient Finnish breed developed through centuries of selective breeding to hunt all types of game from squirrels to bears. Nearly extinct in late 1800s before restoration efforts. Became Finland's national dog in 1979, bred specifically for barking ability and stamina in harsh climates.","{'id': 'gwZ3amqat', 'url': 'https://cdn2.thedogapi.com/images/gwZ3amqat.jpg', 'width': 1280, 'height': 1707}",9.0,15.0,12.0,39.0,51.0,45.0,12.0,15.0,13.5
Flat-Coated Retriever,2,"friendly, outgoing, optimistic, intelligent, energetic, playful, devoted",England,GB,"Large, elegant sporting dog with a lustrous, sleek flat coat in solid black or liver, known for their cheerful, perpetually youthful 'Peter Pan' personality and optimistic temperament",Sporting,"Developed in mid-19th century England by crossing St. John's Water Dog with various retrievers, setters, spaniels and sheepdogs to create a versatile gundog for work on both land and water","{'id': 'vol1VcS0yZ', 'url': 'https://cdn4.thedogapi.com/optimized/vol1VcS0yZ.jpg', 'width': 1200, 'height': 896}",25.0,32.0,28.5,56.0,62.0,59.0,8.0,10.0,9.0
Florida Cracker Cur,2,"loyal, intelligent, energetic, protective, work-focused, alert","Florida, United States",US,"A medium-sized, athletic cur-type herding dog native to Florida, known for its intelligence, loyalty, and tenacity in working cattle and hunting in rugged terrain",Herding,"Descended from Spanish dogs brought to Florida in the 1500s, developed by early cattlemen ('Crackers') to work the tough Florida Cracker Cattle in rugged terrain. The breed faced extinction but was revived by dedicated enthusiasts and maintained by regional breed organizations.","{'id': 'yKIPHbJick', 'url': 'https://cdn4.thedogapi.com/optimized/yKIPHbJick.jpg', 'width': 1312, 'height': 816}",11.0,25.0,18.0,43.0,56.0,49.5,10.0,14.0,12.0
Foxhoodle,2,"intelligent, energetic, friendly, alert, loyal, playful",United States,US,"A modern mixed breed cross between a Foxhound and Standard Poodle that combines the Poodle's trainability and potentially low-shedding coat with the Foxhound's stamina, scenting abilities, and pack mentality. Coat type and temperament can vary significantly depending on which parent's traits are more dominant.",Mixed,"A modern designer crossbreed created by mixing American or English Foxhound with Standard Poodle to combine scenting ability, stamina, and sociable nature with intelligence and potentially lower-shedding coat. Not recognized by major kennel clubs","{'id': 'TqIo8Q6S07', 'url': 'https://cdn4.thedogapi.com/optimized/TqIo8Q6S07.jpg', 'width': 1408, 'height': 768}",18.0,32.0,25.0,53.0,69.0,61.0,10.0,15.0,12.5
French Bulldog,2,"affectionate, playful, alert, adaptable, smart",France,FR,"Small, compact muscular companion dog known for its distinctive large bat-like ears, flat smooshed face, and short smooth coat. Originally developed as a beloved companion breed with a playful, alert disposition.",Non-Sporting,Developed in 19th century France when English lacemakers brought Toy Bulldogs to France and crossed them with local French ratters becoming highly fashionable in Parisian society,"{'id': 'Rvl1BeqaRB', 'url': 'https://cdn4.thedogapi.com/optimized/Rvl1BeqaRB.jpg', 'width': 1200, 'height': 880}",7.0,13.0,10.0,28.0,33.0,30.5,10.0,12.0,11.0
French Spaniel,2,"gentle, intelligent, calm, adaptable, eager to please",France,FR,"Medium to large versatile pointing dog with elegant silky brown and white coat and gentle expression, known for hunting ability and calm temperament. One of the oldest spaniel-type pointing breeds.",Sporting,"One of the oldest pointing breeds, descending from longhaired setting spaniels used since the Middle Ages. Described by Gaston Fébus in the 14th century, standardized in the 19th century, and revived in early 20th century after near extinction","{'id': '7l7CbmRayV', 'url': 'https://cdn4.thedogapi.com/optimized/7l7CbmRayV.jpg', 'width': 1200, 'height': 896}",20.0,27.0,23.5,53.0,61.0,57.0,10.0,12.0,11.0
Frenchton,2,"friendly, playful, intelligent, affectionate, adaptable",United States,US,"Small, compact crossbreed combining French Bulldog and Boston Terrier traits with distinctive bat ears, muscular build, and expressive features. Known for its sturdy build with a slightly longer snout than the French Bulldog parent.",Mixed,"Modern designer crossbreed developed in the United States starting in the 1990s, combining French Bulldog and Boston Terrier to create a healthier companion with fewer respiratory issues while retaining the friendly, compact nature of both parent breeds","{'id': 'DXxOwTe7Ds', 'url': 'https://cdn4.thedogapi.com/optimized/DXxOwTe7Ds.jpg', 'width': 1408, 'height': 768}",6.0,11.0,8.5,33.0,41.0,37.0,10.0,15.0,12.5
Frug,2,"playful, affectionate, outgoing, adaptable, alert, happy",United States,US,"Small, charming companion crossbreed resulting from a cross between a French Bulldog and Pug, known for its playful personality, distinctive flat-faced (brachycephalic) appearance, and compact build",Mixed,Modern designer crossbreed developed in late 20th century by crossing French Bulldog and Pug to combine the desirable companion traits of both parent breeds,"{'id': 'ojypI2VmX6', 'url': 'https://cdn4.thedogapi.com/optimized/ojypI2VmX6.jpg', 'width': 1408, 'height': 768}",6.0,13.0,9.5,25.0,33.0,29.0,10.0,15.0,12.5
Gascon Saintongeois,2,"gentle, calm, affectionate, loyal, intelligent, work-focused","Saintonge, France",FR,"Large, noble and powerfully built French scenthound with distinctive tricolor coat and elegant appearance. Known for its superb nose, melodious voice, and pack-hunting endurance, this athletic breed was developed for hunting large game in southwestern France.",Hound,"Developed in the mid-19th century by Comte Joseph de Carayon-Latour, who crossed the last remaining Saintonge Hounds with the Grand Bleu de Gascogne. Originally used for hunting wolves, now used for hunting deer and wild boar. FCI recognized.","{'id': 'LWzaKy0nwd', 'url': 'https://cdn4.thedogapi.com/optimized/LWzaKy0nwd.jpg', 'width': 1088, 'height': 976}",26.0,35.0,30.5,61.0,71.0,66.0,11.0,13.0,12.0
Gaucho Sheepdog,2,"intelligent, loyal, energetic, protective, alert, calm","Rio Grande do Sul, Brazil",BR,"Medium-sized, athletic herding dog from southern Brazil with dense double coat, strong working instincts, and calm yet protective demeanor",Herding,"Developed in Rio Grande do Sul, southern Brazil by Gaúcho shepherds through crossbreeding European herding dogs brought by immigrants, including Collies, German Shepherds, and Serra da Estrela Mountain Dogs. Selectively bred for herding and guarding livestock in the region's unique terrain and open ranges. Recognized by CBKC and provisionally recognized by FCI.","{'id': 'SeJJ4q0ZGW', 'url': 'https://cdn4.thedogapi.com/optimized/SeJJ4q0ZGW.jpg', 'width': 1360, 'height': 784}",18.0,34.0,26.0,48.0,61.0,54.5,12.0,15.0,13.5
Georgian Shepherd,2,"protective, independent, loyal, courageous, calm, confident",Georgia (Caucasus region),GE,"Large, powerful livestock guardian dog from the Caucasus mountains of Georgia, with a thick weather-resistant double coat and strong protective instincts. An ancient landrace breed known for its courage, decision-making abilities, and formidable guarding capabilities against large predators like wolves and bears.",Working,"Ancient landrace breed developed in the Caucasus mountains of Georgia for centuries as a formidable livestock guardian, protecting sheep and cattle from large predators like wolves and bears. Closely related to and sometimes considered a regional variant of the Caucasian Shepherd Dog, recognized by FCI as part of the broader Caucasian Shepherd Dog (FCI No. 328).","{'id': 'zz1tHgxCmb', 'url': 'https://cdn4.thedogapi.com/optimized/zz1tHgxCmb.jpg', 'width': 992, 'height': 1072}",41.0,70.0,55.5,62.0,75.0,68.5,10.0,12.0,11.0
Gerberian Shepsky,2,"intelligent, loyal, energetic, alert, protective, independent",United States,US,"Large athletic mixed breed combining the loyalty and intelligence of the German Shepherd Dog with the endurance and striking appearance of the Siberian Husky. A powerful crossbreed with thick double coat and high energy, though characteristics can vary significantly depending on genetic inheritance.",Mixed,"Modern designer crossbreed developed in North America in the late 20th or early 21st century, intentionally combining the German Shepherd Dog and Siberian Husky to blend intelligence, loyalty, working drive, and endurance. Not recognized by major kennel clubs as it is not a standardized breed.","{'id': 'x9w5KXJ8oz', 'url': 'https://cdn4.thedogapi.com/optimized/x9w5KXJ8oz.jpg', 'width': 1408, 'height': 768}",16.0,41.0,28.5,51.0,66.0,58.5,10.0,13.0,11.5
German Hound,2,"intelligent, loyal, energetic, calm, confident",Germany,DE,"Medium-sized scent hound with athletic build and tricolor short coat, bred for hunting in packs with elegant, resilient structure and muscular build",Hound,The German Hound (Deutsche Bracke) was developed in the Westphalia region of Germany from various local Bracke types for hunting wild boar and deer. The official breed standard was established in 1900 after breed clubs merged in 1896 to unify the type.,"{'id': 'gc6KnqhGnT', 'url': 'https://cdn4.thedogapi.com/optimized/gc6KnqhGnT.jpg', 'width': 1136, 'height': 944}",18.0,25.0,21.5,46.0,53.0,49.5,10.0,14.0,12.0
German Longhaired Pointer,2,"intelligent, gentle, calm, loyal, eager to please, work-focused",Germany,DE,"Noble, versatile medium to large gundog with elegant build and distinctive long, silky, weather-resistant coat with feathering. Developed as an all-purpose German hunting breed known for calm intelligence and athletic ability.",Sporting,"Developed in 19th-century Germany from various pointer breeds, setters, bird dogs, water dogs, and scent hounds to create a versatile and noble gundog for work in field, forest, and water terrain","{'id': '0PFyClsVEl', 'url': 'https://cdn4.thedogapi.com/optimized/0PFyClsVEl.jpg', 'width': 1200, 'height': 896}",20.0,36.0,28.0,58.0,71.0,64.5,12.0,14.0,13.0
German Pinscher,2,"alert, courageous, intelligent, energetic, confident, loyal",Germany,DE,"Medium-sized, well-muscled working dog with elegant, athletic build and smooth coat. Known for its high-spirited, alert, and confident demeanor, this is one of Germany's oldest breeds.",Working,"Ancient German breed developed for vermin control, ratting, and farm work. Ancestor to the Doberman Pinscher and Miniature Pinscher. Nearly faced extinction after World War II but was revived by Werner Jung in West Germany in the late 1950s. Recognized by AKC in 2003.","{'id': 'j1G4ppvAsp', 'url': 'https://cdn4.thedogapi.com/optimized/j1G4ppvAsp.jpg', 'width': 832, 'height': 1264}",11.0,20.0,15.5,43.0,51.0,47.0,12.0,14.0,13.0
German Roughhaired Pointer,2,"intelligent, loyal, energetic, confident, work-focused",Germany,DE,"Medium to large versatile gundog with dense, harsh, bristly (stichelhaarig) weatherproof coat and distinctive beard. Known for strong pointing instincts and calm, even temperament, this noble hunting companion is considered the oldest of the German rough-coated pointing breeds.",Sporting,"The oldest of the German rough-coated pointing breeds, developed in the late 19th century from remnants of old German rough-coated bird dogs (Hühnerhunde) crossed with Pudelpointer and Griffon breeds. Standardized with focus on functional hunting ability as a versatile rough-coated hunting dog.","{'id': 'fKpy5xMw4W', 'url': 'https://cdn4.thedogapi.com/optimized/fKpy5xMw4W.jpg', 'width': 1200, 'height': 896}",26.0,35.0,30.5,56.0,66.0,61.0,12.0,14.0,13.0
German Shepherd,2,"confident, courageous, intelligent, loyal, protective",Germany,DE,"Large, athletic working dog with erect ears, noble expression, and confident bearing. Known for high intelligence, loyalty, courage, and versatility in herding and working roles.",Herding,"Developed in 1899 by Captain Max von Stephanitz to create the ideal herding dog, standardized from local shepherd dogs. Intelligence and trainability led to worldwide use in police and military roles.","{'id': 'kc6oAx2b3X', 'url': 'https://cdn4.thedogapi.com/optimized/kc6oAx2b3X.jpg', 'width': 1136, 'height': 944}",23.0,41.0,32.0,56.0,66.0,61.0,9.0,13.0,11.0
German Sheprador,2,"intelligent, loyal, friendly, energetic, protective, eager to please",United States,US,"Large, athletic crossbreed with sturdy build combining the intelligence and loyalty of German Shepherd with the friendly, outgoing retrieving nature of Labrador Retriever",Mixed,"Modern designer crossbreed developed in late 20th century as part of the 'designer dog' trend, combining working abilities of German Shepherd with friendly temperament of Labrador Retriever to create a versatile family companion and working dog","{'id': 'kW8lZTz5Dx', 'url': 'https://cdn4.thedogapi.com/optimized/kW8lZTz5Dx.jpg', 'width': 1408, 'height': 768}",25.0,41.0,33.0,55.0,66.0,60.5,10.0,13.0,11.5
German Shorthaired Pointer,2,"friendly, intelligent, energetic, eager to please, athletic",Germany,DE,"A versatile, athletic, and noble all-purpose hunting dog with a distinctive short, dense liver and white coat, known for its intelligence, energy, and friendly disposition",Sporting,"Developed in 19th-century Germany by crossing Spanish Pointers, Bloodhound, and local German hunting dogs to create a versatile pointer-retriever capable of working on land and water. Recognized by AKC in 1930.","{'id': 'SJqBMg5Nm', 'url': 'https://cdn2.thedogapi.com/images/SJqBMg5Nm_1280.jpg', 'width': 1395, 'height': 1230}",20.0,32.0,26.0,53.0,64.0,58.5,10.0,12.0,11.0
German Spaniel,2,"intelligent, loyal, energetic, adaptable, confident, work-focused",Germany,DE,"Medium-sized, muscular hunting spaniel known as the Deutscher Wachtelhund in its native Germany, with a dense wavy double coat featuring feathering and strong tracking abilities developed for versatile forest hunting",Sporting,"Developed in Germany in the 1890s from older German landrace dogs known as Stöberhund, crossing various spaniels to create a versatile hunting dog capable of tracking, flushing, and retrieving game in dense forests and water. FCI-recognized and bred primarily for hunting ability and versatility rather than appearance.","{'id': 'F0nbcc4hif', 'url': 'https://cdn4.thedogapi.com/optimized/F0nbcc4hif.jpg', 'width': 1072, 'height': 992}",20.0,25.0,22.5,44.0,55.0,49.5,12.0,14.0,13.0
German Spitz,2,"alert, intelligent, confident, lively, devoted",Germany,DE,"Compact, lively spitz-type dog with abundant double coat, fox-like expression, and characteristic plumed tail carried over the back. Available in multiple size varieties with alert, attentive demeanor.",Non-Sporting,"Descended from ancient Stone Age 'Peat Dogs', considered the oldest dog breed in Central Europe. Developed in various sizes throughout Germany as vigilant farm watchdogs and companions, with FCI recognizing multiple size varieties sharing common ancestry.","{'id': 'xp4VL5gXrL', 'url': 'https://cdn4.thedogapi.com/optimized/xp4VL5gXrL.jpg', 'width': 1408, 'height': 768}",3.6,12.0,7.8,23.0,38.0,30.5,,,
German Wirehaired Pointer,2,"intelligent, energetic, loyal, affectionate, alert, eager to please",Germany,DE,"Medium to large versatile hunting dog with distinctive dense wiry double coat, bushy beard, and facial furnishings, known for endurance and weather resistance",Sporting,"Developed in late 19th-century Germany by crossing German Shorthaired Pointers, Foxhounds, Pudelpointers, and Wirehaired Pointing Griffons to create versatile, rugged, weather-resistant gundog capable of working on land and water","{'id': 'vkQ7J4dsDD', 'url': 'https://cdn4.thedogapi.com/optimized/vkQ7J4dsDD.jpg', 'width': 1104, 'height': 960}",23.0,32.0,27.5,56.0,66.0,61.0,12.0,16.0,14.0
Giant Schnauzer,2,"loyal, intelligent, alert, energetic, courageous, confident",Germany,DE,"Large, powerful, and robust working dog with a dense wiry, weather-resistant coat, distinctive beard and eyebrows, and commanding, imposing presence. Originally bred for driving cattle and guarding in Germany.",Working,"Developed in Bavaria and Württemberg, Germany as a larger version of the Standard Schnauzer by crossing with larger breeds like the Great Dane. Originally used for driving cattle to market, guarding property, breweries and farms, and later as police and military working dogs.","{'id': 'Ygv4UKHpCW', 'url': 'https://cdn4.thedogapi.com/optimized/Ygv4UKHpCW.jpg', 'width': 1136, 'height': 928}",25.0,39.0,32.0,60.0,70.0,65.0,12.0,15.0,13.5
Glen of Imaal Terrier,2,"courageous, gentle, loyal, intelligent, spirited","Glen of Imaal, County Wicklow, Ireland",IE,"A strong, low-set working terrier of medium length with a sturdy, powerful build. Known for its harsh, weather-resistant double coat and courageous working temperament developed in the rugged Irish mountains.",Terrier,"Originated in the rugged Glen of Imaal valley as an all-around farm dog for hunting badgers and foxes, eradicating vermin, and historically used as turnspit dogs. Recognized by Irish Kennel Club in 1934 and AKC in 2004.","{'id': 'lzq3JY4LXN', 'url': 'https://cdn4.thedogapi.com/optimized/lzq3JY4LXN.jpg', 'width': 1264, 'height': 848}",14.0,18.0,16.0,32.0,36.0,34.0,10.0,15.0,12.5
Goberian,2,"friendly, energetic, intelligent, loyal, outgoing, affectionate",United States,US,"Medium to large energetic crossbreed combining the Golden Retriever's friendly, affable nature with the Siberian Husky's striking looks and athleticism. Known for their intelligence, dense double coat, and friendly expression.",Mixed,"Modern designer crossbreed first intentionally bred in the early 2000s, combining Golden Retriever and Siberian Husky traits for an active family companion. Not recognized by major kennel clubs.","{'id': 'hx1oq17RuU', 'url': 'https://cdn4.thedogapi.com/optimized/hx1oq17RuU.jpg', 'width': 1408, 'height': 768}",16.0,36.0,26.0,51.0,61.0,56.0,10.0,14.0,12.0
Goldendoodle,2,"friendly, intelligent, gentle, affectionate, outgoing, playful","United States, Australia",US,"Medium to large crossbreed between a Golden Retriever and Poodle, known for its friendly temperament, intelligent nature, and low-shedding wavy or curly coat. As a mixed breed, appearance and temperament can vary by generation.",Mixed,"Designer crossbreed first developed in the late 20th century, becoming popular in the 1990s. Originally created to produce a guide dog for individuals with allergies by combining the low-shedding coat of the Poodle with the gentle, trainable nature of the Golden Retriever.","{'id': 'QI4c7HAR8G', 'url': 'https://cdn4.thedogapi.com/optimized/QI4c7HAR8G.jpg', 'width': 1264, 'height': 848}",23.0,41.0,32.0,51.0,61.0,56.0,10.0,15.0,12.5
Golden Mountain Dog,2,"friendly, gentle, intelligent, loyal, calm, affectionate",United States,US,"Large, friendly mixed breed combining the sociable, eager-to-please nature of the Golden Retriever with the sturdy frame, calm loyalty, and potential tri-color coat of the Bernese Mountain Dog",Mixed,"Modern designer crossbreed developed in North America to combine Golden Retriever friendliness with Bernese Mountain Dog calm temperament and sturdy build, with goals of improved health and longevity through hybrid vigor","{'id': 'hPhwpEmdph', 'url': 'https://cdn4.thedogapi.com/optimized/hPhwpEmdph.jpg', 'width': 1408, 'height': 768}",27.0,50.0,38.5,56.0,70.0,63.0,8.0,12.0,10.0
Golden Retriever,2,"friendly, intelligent, devoted, confident, loyal, eager to please",Scotland,GB,"Large, athletic sporting dog with a dense, lustrous, flowing golden coat and friendly disposition, known for their versatility as family companions and working dogs",Sporting,"Developed in the Scottish Highlands during the mid-to-late 19th century by Dudley Marjoribanks (Lord Tweedmouth), who crossed a yellow retriever with the now-extinct Tweed Water Spaniel, with later additions of Irish Setter and Bloodhound for hunting and retrieving in rugged terrain and cold water","{'id': 'X9w40D9ojT', 'url': 'https://cdn4.thedogapi.com/optimized/X9w40D9ojT.jpg', 'width': 1168, 'height': 912}",25.0,34.0,29.5,55.0,61.0,58.0,10.0,12.0,11.0
Gończy Polski,2,"intelligent, courageous, loyal, alert, confident",Poland,PL,"Medium-sized Polish scent hound with muscular, compact build and strong hunting instincts, known for its courage, intelligence, and distinctive sonorous voice",Hound,Ancient Polish hunting hound with documented history since the 13th century. Nearly lost after WWII but reconstructed through efforts of Colonel Józef Pawłusiewicz. Officially recognized by FCI in 2006.,"{'id': '1CWho0YqbB', 'url': 'https://cdn4.thedogapi.com/optimized/1CWho0YqbB.jpg', 'width': 1200, 'height': 896}",20.0,30.0,25.0,50.0,59.0,54.5,10.0,13.0,11.5
Gordon Setter,2,"confident, loyal, affectionate, intelligent, eager to please, alert",Scotland,GB,"Large, athletic bird dog with distinctive glistening black-and-tan coat. Built sturdily for work in rugged terrain, it is the heaviest and most substantial of the setter breeds, known for endurance and loyalty with an alert expression.",Sporting,Developed in Scotland by Alexander the fourth Duke of Gordon in the late 18th and early 19th centuries from black and tan setters. Established as a durable one-man bird dog capable of working long days in rugged Scottish Highland terrain.,"{'id': 'GFuEqzH0Fq', 'url': 'https://cdn4.thedogapi.com/optimized/GFuEqzH0Fq.jpg', 'width': 1152, 'height': 928}",20.0,36.0,28.0,58.0,69.0,63.5,12.0,13.0,12.5
Grand Anglo-Français Blanc et Noir,2,"energetic, courageous, intelligent, independent, work-focused",France,FR,"Large, powerful, and elegant French scent hound with distinctive black and white coat markings, bred for pack hunting large game with exceptional stamina and fine nose",Hound,"Developed in mid-19th century France by Comte de Chabot, crossing French scenthounds including old Saintongeois with English Foxhounds to create stamina, scenting ability, and pack hunting cooperation for large game","{'id': 'C4qcJRC6mF', 'url': 'https://cdn4.thedogapi.com/optimized/C4qcJRC6mF.jpg', 'width': 1200, 'height': 896}",35.0,40.0,37.5,62.0,72.0,67.0,10.0,12.0,11.0
Grand Anglo-Français Blanc et Orange,2,"energetic, loyal, independent, courageous, work-focused",France,FR,"Large, powerful, and elegant French scenthound with distinctive white and orange coat, bred for pack hunting of large game. This athletic hunting hound combines French and Anglo heritage with strong hunting abilities and determined tracking instincts.",Hound,Developed in 19th century France by crossing native French scenthounds with English Foxhounds to create a powerful and fast pack hound for hunting large game like deer. Breed standard established by FCI.,"{'id': 'PuJ4Nzm216', 'url': 'https://storage.googleapis.com/dog-api-uploads-prod/originals/41d5ff4c-3979-47fe-872a-9ac542dc6bcf.jpeg', 'width': 1408, 'height': 768}",30.0,35.0,32.5,58.0,70.0,64.0,10.0,12.0,11.0
Grand Anglo-Français Tricolore,2,"energetic, courageous, loyal, work-focused, independent, alert",France,FR,"Large, powerful, and elegant French scent hound with a distinctive tricolor coat, specifically bred for pack hunting large game like deer. This athletic breed combines French hound heritage with English Foxhound influences.",Hound,"Developed in late 19th century France by crossing native French scent hounds like the Poitevin with English Foxhounds to create faster, more powerful hounds capable of hunting roe deer. Recognized by FCI as typical French scenthound for traditional pack hunting.","{'id': 'ptECgf9IVi', 'url': 'https://cdn4.thedogapi.com/optimized/ptECgf9IVi.jpg', 'width': 1264, 'height': 848}",30.0,35.0,32.5,60.0,72.0,66.0,10.0,12.0,11.0
Grand Basset Griffon Vendéen,2,"happy, outgoing, independent, intelligent, courageous","Vendée region, France",FR,"Medium-sized, long-backed, short-legged French scent hound with a rough, shaggy coat, noble head, and cheerful, independent personality bred for hunting hare and rabbit over rough terrain",Hound,Developed in the Vendée region of France centuries ago from selective breeding of larger French scent hounds and the Grand Griffon to hunt small game over rough local terrain. The 'Grand' distinguishes it from the smaller Petit Basset Griffon Vendéen.,"{'id': 'quzLpWsNBj', 'url': 'https://cdn4.thedogapi.com/optimized/quzLpWsNBj.jpg', 'width': 1376, 'height': 768}",18.0,20.5,19.25,39.0,46.0,42.5,12.0,15.0,13.5
Grand Bleu de Gascogne,2,"gentle, calm, independent, intelligent, loyal, devoted","Gascony, France",FR,"Large, noble French scenthound with distinctive blue-mottled coat and pendulous ears, known for its powerful nose, deep sonorous voice, and noble bearing. Bred for hunting large game in packs.",Hound,"Ancient French scenthound descended from original Gallic hounds, developed in Gascony region for hunting wild boar, deer, and wolves in packs. Foundational breed for many other hound types, recognized by FCI and The Kennel Club (UK)","{'id': 'kbl41c2L7J', 'url': 'https://cdn4.thedogapi.com/optimized/kbl41c2L7J.jpg', 'width': 896, 'height': 1200}",32.0,50.0,41.0,61.0,71.0,66.0,10.0,12.0,11.0
Grand Griffon Vendéen,2,"independent, courageous, intelligent, energetic, alert","Vendée region, France",FR,"Large, sturdily built French scent hound with a rough double coat, distinctive beard and mustache, and noble appearance. Known for exceptional stamina, courage, and independent nature, bred for hunting wild boar and deer in rough terrain.",Hound,"One of the oldest French scent hounds, descended from ancient Celtic hounds and royal white hounds of France. Developed in the Vendée region during the Middle Ages for hunting large game such as wild boar, deer, and wolves with exceptional courage and stamina.","{'id': 'RviBhPj42c', 'url': 'https://cdn4.thedogapi.com/optimized/RviBhPj42c.jpg', 'width': 1024, 'height': 1040}",30.0,35.0,32.5,60.0,68.0,64.0,10.0,13.0,11.5
Great Dane,2,"friendly, gentle, confident, loyal, affectionate",Germany,DE,"Giant, regal breed known as the 'Apollo of Dogs' with a powerful, well-muscled body, sleek coat, and dignified presence combined with noble bearing despite imposing size",Working,"Originally bred by German nobility from Mastiff-type dogs to hunt wild boar and deer, later refined as estate guardians and companions. Declared national dog of Germany in 1876 and standardized as 'Deutsche Dogge'","{'id': 'MmjpsRG5IG', 'url': 'https://cdn4.thedogapi.com/optimized/MmjpsRG5IG.jpg', 'width': 1040, 'height': 1024}",50.0,79.0,64.5,71.0,81.0,76.0,7.0,10.0,8.5
Greater Swiss Mountain Dog,2,"gentle, loyal, confident, alert, friendly",Switzerland,CH,"Large, powerful, and striking tricolor working dog with distinctive tri-colored coat and gentle, dependable temperament. Known for strength and robust build as a draft dog.",Working,"One of Switzerland's oldest breeds, likely descended from Roman Mastiffs, used as an all-purpose draft, herding, and farm guardian dog in the Swiss Alps. Nearly extinct until rediscovered and revived in early 1900s by Dr. Albert Heim.","{'id': 'DvUSQI2TdY', 'url': 'https://cdn4.thedogapi.com/optimized/DvUSQI2TdY.jpg', 'width': 1216, 'height': 880}",39.0,64.0,51.5,60.0,72.0,66.0,8.0,11.0,9.5
Greek Harehound,2,"energetic, independent, alert, courageous, intelligent, loyal",Greece,GR,"Medium-sized, athletic scenthound with a short, dense black and tan coat, bred for stamina and endurance when hunting hare in rugged Greek terrain. Known for its keen sense of smell and tenacious tracking ability.",Hound,Ancient breed native to Greece believed descended from hounds brought by Phoenicians. Developed as hardy tenacious scenthound for hunting hare in rugged rocky terrain. Officially recognized by FCI in 1996 as national breed of Greece.,"{'id': 'iswms8JN77', 'url': 'https://cdn4.thedogapi.com/optimized/iswms8JN77.jpg', 'width': 1104, 'height': 960}",17.0,20.0,18.5,45.0,55.0,50.0,10.0,13.0,11.5
Greek Shepherd,2,"protective, independent, loyal, courageous, calm",Greece,GR,"Large, powerful livestock guardian dog native to the mountainous regions of Greece, known for its thick double coat, independent nature, and strong protective instincts developed over centuries of guarding flocks",Working,An ancient landrace breed developed over centuries in the mountainous regions of Greece by shepherds to protect flocks from predators. Documented by the FCI under breed standard No. 246 as 'Greek Shepherd Dog',"{'id': 'b1g9nswl5B', 'url': 'https://cdn4.thedogapi.com/optimized/b1g9nswl5B.jpg', 'width': 1056, 'height': 1008}",32.0,55.0,43.5,58.0,75.0,66.5,10.0,12.0,11.0
Greenland Dog,2,"independent, energetic, courageous, loyal, athletic, confident",Greenland,GL,"A powerful, heavy-built spitz-type dog of ancient origin with thick double coat, bred for endurance as a sled dog in harsh Arctic conditions. One of the world's oldest dog breeds with erect ears and a tail that curls over the back.",Working,"One of the world's oldest dog breeds, descended from dogs brought to Greenland by the Thule people over 1,000 years ago. Kept in purest form by the Inuit as essential partner for sled pulling and hunting in harsh Arctic environment.","{'id': 'yy1Llb59pv', 'url': 'https://cdn4.thedogapi.com/optimized/yy1Llb59pv.jpg', 'width': 976, 'height': 1104}",30.0,32.0,31.0,50.0,70.0,60.0,10.0,14.0,12.0
Greyhound,2,"gentle, calm, intelligent, affectionate, independent",Ancient Egypt/Middle East,GB,"An ancient sighthound with tall, lean, elegant build designed for exceptional speed. Known for their gentle temperament and often described as a '45-mph couch potato', combining incredible athleticism with calm, affectionate nature.",Hound,"Ancient sighthound breed dating back thousands of years, depicted in Egyptian, Greek, and Roman art. The modern Greyhound was standardized in Great Britain for coursing game and later racing. Famed as the fastest dog breed.","{'id': 'fVVxWR2qse', 'url': 'https://cdn4.thedogapi.com/optimized/fVVxWR2qse.jpg', 'width': 1200, 'height': 896}",27.0,32.0,29.5,68.0,76.0,72.0,10.0,13.0,11.5
Griffon Bleu de Gascogne,2,"alert, energetic, independent, courageous, devoted, work-focused","Gascony, France",FR,"Medium-sized, rustic-looking French scenthound with distinctive blue-mottled, rough coat and strong hunting instincts. Known for exceptional stamina and a melodious voice, this persistent and versatile hunter combines keen scenting ability with rugged durability.",Hound,"Ancient French hound developed in the Gascogne region by crossing Grand Bleu de Gascogne with rough-coated griffon breeds to create a robust, keen-nosed hunting hound suited for rough terrain. Prized for exceptional nose and stamina.","{'id': 'Lf4celbeC5', 'url': 'https://cdn4.thedogapi.com/optimized/Lf4celbeC5.jpg', 'width': 1264, 'height': 848}",18.0,25.0,21.5,48.0,57.0,52.5,10.0,12.0,11.0
Griffon Bruxellois,2,"alert, intelligent, loyal, confident","Brussels, Belgium",BE,"A small, intelligent toy dog from Belgium with a distinctive bearded, almost human-like expressive face and alert demeanor. Available in rough and smooth coat varieties, known for their big personality despite their small size.",Toy,"Developed in Brussels as stable dogs and ratters from local rough-coated terriers in the 1800s, refined by crossing with Pug and English Toy Spaniel, became popular with Belgian nobility and coachmen","{'id': '0rdBx6XGWV', 'url': 'https://cdn4.thedogapi.com/optimized/0rdBx6XGWV.jpg', 'width': 1136, 'height': 944}",4.0,5.0,4.5,18.0,25.0,21.5,12.0,15.0,13.5
Griffon Fauve de Bretagne,2,"courageous, independent, intelligent, energetic, affectionate","Brittany, France",FR,"Medium-sized rough-coated French scent hound with harsh, wiry fawn to red coat and keen hunting instincts, known for tenacity in the hunt and rustic appearance",Hound,"Ancient French scenthound dating back to the 13th century from the Brittany region, originally used to hunt wolves and wild boar. Nearly extinct after WWII but revived by dedicated enthusiasts using remaining bloodlines and crosses with other French hounds","{'id': 'B2MufNJdbX', 'url': 'https://cdn4.thedogapi.com/optimized/B2MufNJdbX.jpg', 'width': 1200, 'height': 896}",16.0,23.0,19.5,47.0,56.0,51.5,12.0,14.0,13.0
Griffon Nivernais,2,"independent, courageous, energetic, alert, work-focused","Nivernais region, France",FR,"Medium-sized French scent hound with a robust build, rough shaggy coat, and rugged appearance. Known for exceptional hunting ability in difficult terrain and strong work-focused instincts.",Hound,"Ancient French scent hound from the Nivernais region, originally used by medieval French nobility for hunting wolf and wild boar. Nearly extinct after World War II and the French Revolution, but revived in the 19th century through careful breeding using Grand Griffon Vendéen, Otterhound, and local stock.","{'id': 'epLAgvXFFj', 'url': 'https://cdn4.thedogapi.com/optimized/epLAgvXFFj.jpg', 'width': 1264, 'height': 848}",20.0,25.0,22.5,52.0,61.0,56.5,10.0,14.0,12.0
Gull Dong,2,"protective, courageous, loyal, independent, intelligent","Punjab region, Pakistan",PK,"A large, powerful, and muscular mastiff-type dog from Pakistan, known for its formidable presence and strong protective instincts. Developed as a cross between the Gull Terrier and the Bully Kutta, this breed features a short, smooth coat and agile build designed for guarding and protection work.",Mixed,"Developed in the 19th century in the Punjab region of Pakistan by crossing the Gull Terrier with the Bully Kutta, bred specifically for guarding, personal protection, and historically for dog fighting. Not recognized by major kennel clubs.","{'id': 'XMlQ9d2DX5', 'url': 'https://cdn4.thedogapi.com/optimized/XMlQ9d2DX5.jpg', 'width': 896, 'height': 1200}",36.0,64.0,50.0,61.0,71.0,66.0,10.0,13.0,11.5
Gull Terrier,2,"loyal, courageous, intelligent, protective, independent, energetic, alert",Pakistan (Punjab region),PK,"An athletic, muscular, medium-sized landrace breed from Pakistan with a smooth coat and strong build. Known for its strength, tenacity, guarding instincts, and alert demeanor. Often predominantly white in color with strong predatory instincts.",Terrier,"Developed in the Punjab region of Pakistan and India during the British Raj by crossing imported English Bull Terriers with local bully-type landrace dogs. Traditionally used for hunting, guarding, animal baiting, and rural protection. Maintains strong working abilities from its historical background.","{'id': 'EQsmTJBrW5', 'url': 'https://cdn4.thedogapi.com/optimized/EQsmTJBrW5.jpg', 'width': 912, 'height': 1168}",22.0,30.0,26.0,43.0,56.0,49.5,10.0,14.0,12.0
Halden Hound,2,"gentle, alert, intelligent, confident, energetic","Halden, Norway",NO,"Medium-sized, rectangular Norwegian scenthound with distinctive short, dense coat, built for speed and endurance as a hare hunter in challenging terrain. Features a proud yet gentle expression with the stamina and resilience needed for Norwegian hunting conditions.",Hound,"Developed in Halden, Norway in the late 19th and early 20th centuries by crossing local scenthounds with English, Swedish, and German hounds to create a swift, resilient hare hunter suited for Norwegian terrain. Recognized by FCI.","{'id': 'auctqItKBg', 'url': 'https://cdn4.thedogapi.com/optimized/auctqItKBg.jpg', 'width': 1152, 'height': 928}",20.0,29.0,24.5,48.0,60.0,54.0,12.0,14.0,13.0
Hällefors Elkhound,2,"courageous, alert, independent, intelligent, loyal",Sweden,SE,"Medium-sized spitz-type hunting dog developed in Sweden for elk and large game hunting, featuring a dense double coat and rectangular build designed for persistence and courage in dense forests",Hound,"Developed in the Hällefors region of Sweden during the 20th century for moose hunting. Created by crossing Finnish Spitz with Ostiak Laika in the 1930s to produce a sturdy, single-minded hound for baying at moose in dense forests. Recognized by the Swedish Kennel Club.","{'id': 'l1E2hauSC1', 'url': 'https://cdn4.thedogapi.com/optimized/l1E2hauSC1.jpg', 'width': 1264, 'height': 848}",20.0,30.0,25.0,47.0,57.0,52.0,12.0,14.0,13.0
Hamiltonstövare,2,"friendly, energetic, intelligent, alert, independent",Sweden,SE,"Medium-sized Swedish tricolor scent hound with athletic build and noble appearance, bred for endurance and skill in hunting fox and hare over challenging terrain",Hound,"Developed in the late 19th century by Count Adolf Patrick Hamilton using English Foxhounds, Harriers, and German hounds including Holsteiner Hounds to create a dedicated Swedish hunting breed","{'id': 'YKh88C42fy', 'url': 'https://cdn4.thedogapi.com/optimized/YKh88C42fy.jpg', 'width': 1136, 'height': 928}",23.0,34.0,28.5,48.0,61.0,54.5,10.0,14.0,12.0
Hanoverian Scenthound,2,"calm, loyal, determined, independent",Germany,DE,"Robust medium-large scenthound known for its exceptional tracking ability and calm, determined temperament. Descended from medieval Liam hounds, this breed was specifically developed to track wounded game for hunters.",Hound,Descended from medieval Liam hounds in Germany; developed to track wounded game for hunters. Recognized by the FCI (Standard No. 213).,"{'id': '4CrTr8PqD0', 'url': 'https://cdn4.thedogapi.com/optimized/4CrTr8PqD0.jpg', 'width': 1168, 'height': 912}",36.0,45.0,40.5,48.0,55.0,51.5,10.0,14.0,12.0
Harrier,2,"friendly, outgoing, energetic, intelligent, gentle",England,GB,"Medium-sized athletic scent hound bred for pack hunting hare, resembling a smaller English Foxhound with sturdy build, short dense coat, and excellent stamina",Hound,"Developed in medieval England for hare hunting in packs, documented since at least the 13th century. Likely descended from English Foxhound, Talbot Hounds, and other French hounds","{'id': 'B1IcfgqE7', 'url': 'https://cdn2.thedogapi.com/images/B1IcfgqE7_1280.jpg', 'width': 1920, 'height': 1080}",20.0,27.0,23.5,48.0,53.0,50.5,12.0,15.0,13.5
Havanese,2,"outgoing, intelligent, friendly, playful, affectionate, adaptable",Cuba,CU,"Small, sturdy companion dog with long, silky double coat and cheerful temperament. Cuba's national dog, known for its intelligent disposition and making an ideal city companion.",Toy,"Developed from Bichon-type ancestors brought by Spanish settlers, became companions to Cuban aristocracy. Nearly extinct after Cuban Revolution but preserved by Cuban families who fled to the United States.","{'id': '8bzLyVs2dA', 'url': 'https://cdn4.thedogapi.com/optimized/8bzLyVs2dA.jpg', 'width': 1088, 'height': 976}",3.0,6.0,4.5,22.0,29.0,25.5,,,
Havapoo,2,"friendly, intelligent, playful, affectionate, outgoing",United States,US,"Small designer crossbreed between Havanese and Toy Poodle, known for its intelligent, affectionate personality and soft, low-shedding coat that ranges from wavy to curly",Mixed,"Modern designer crossbreed developed in the United States in recent decades, combining Cuban Havanese with Toy Poodle to create a small companion dog with intelligence, low-shedding coat, and gentle disposition. Not recognized by major kennel clubs.","{'id': 'Hzm171fMPx', 'url': 'https://cdn4.thedogapi.com/optimized/Hzm171fMPx.jpg', 'width': 1408, 'height': 768}",1.8,5.9,3.85,20.0,29.0,24.5,12.0,16.0,14.0
Himalayan Sheepdog,2,"protective, loyal, independent, intelligent, alert, courageous",Himalayan region of India and Nepal,IN,"An ancient and powerful livestock guardian breed from the Himalayan region with formidable size, thick double coat, and fiercely protective instincts. Also known as the Gaddi Kutta, Bhote Kukur, or Himalayan Mastiff, this sturdy mountain dog was developed for herding and guarding livestock in harsh Himalayan conditions.",Working,"An ancient landrace developed by nomadic shepherds, particularly the Gaddi tribe, in the Himalayan regions of India and Nepal. Bred to be a versatile and resilient guardian capable of protecting flocks from large predators like leopards and wolves at high altitudes.","{'id': 'sOLiRfkCDn', 'url': 'https://cdn4.thedogapi.com/optimized/sOLiRfkCDn.jpg', 'width': 1120, 'height': 944}",36.0,64.0,50.0,66.0,86.0,76.0,10.0,13.0,11.5
Hmong Bobtail Dog,2,"loyal, intelligent, alert, protective, affectionate",Vietnam,VN,"Medium-sized spitz-type dog with characteristic naturally short tail and thick double coat, developed by Hmong people as versatile working companion",Spitz-type,"Ancient indigenous breed of Vietnam's Hmong people, traditionally developed for hunting, guarding, and companionship over many generations. Recognized by the Vietnam Kennel Association, not by FCI or AKC.","{'id': 'mGoORlt4zf', 'url': 'https://cdn4.thedogapi.com/optimized/mGoORlt4zf.jpg', 'width': 1216, 'height': 880}",14.0,25.0,19.5,41.0,56.0,48.5,12.0,15.0,13.5
Hokkaido,2,"alert, loyal, courageous, intelligent, independent, devoted","Hokkaido, Japan",JP,"Medium-sized, athletic spitz-type hunting dog with thick double coat, prick ears, curled tail, and alert expression. Originally bred by the Ainu people for hunting large game in harsh climates of Hokkaido, Japan.",Working,Ancient Japanese breed developed by the indigenous Ainu people of Hokkaido for hunting large game such as bears and deer. Designated as living natural monument in Japan in 1937.,"{'id': 'HjEiNecppQ', 'url': 'https://cdn4.thedogapi.com/optimized/HjEiNecppQ.jpg', 'width': 1056, 'height': 1008}",20.0,30.0,25.0,46.0,54.0,50.0,11.0,15.0,13.0
Hovawart,2,"loyal, protective, intelligent, confident, devoted, alert",Germany,DE,"Large, powerful working dog with a long, dense, slightly wavy coat and strong protective instincts, originally bred as a farmyard guardian but known for its balanced temperament as both devoted family companion and vigilant watchdog",Working,"Ancient German working breed meaning 'yard' or 'farm watcher', nearly extinct after WWI but reconstructed in the 1920s by selectively breeding dogs with similar characteristics found on farms in the Black Forest region to restore the original type","{'id': '4Wdkl66Mlp', 'url': 'https://cdn4.thedogapi.com/optimized/4Wdkl66Mlp.jpg', 'width': 1200, 'height': 896}",25.0,40.0,32.5,58.0,70.0,64.0,10.0,14.0,12.0
Huntaway,2,"intelligent, energetic, work-focused, loyal, adaptable",New Zealand,NZ,"Large, sturdily-built herding dog from New Zealand, known for its deep, powerful bark used to drive sheep over large distances using voice and physical presence",Herding,"Developed in late 19th and early 20th century New Zealand by farmers who crossed various British sheepdogs, collies, and herding breeds to create a dog that could move large flocks of sheep over vast distances using its powerful voice and stamina","{'id': '6YdhKHMChm', 'url': 'https://cdn4.thedogapi.com/optimized/6YdhKHMChm.jpg', 'width': 1328, 'height': 800}",25.0,40.0,32.5,56.0,66.0,61.0,12.0,14.0,13.0
Huskimo,2,"intelligent, energetic, playful, friendly, alert, loyal",United States,US,"Medium to large mixed breed combining Siberian Husky and American Eskimo Dog traits, featuring a wolf-like appearance with Spitz-type characteristics, thick double coat, and energetic, intelligent temperament",Mixed,"Modern designer crossbreed developed by crossing Siberian Husky with American Eskimo Dog, aiming to create a Husky-like appearance in a more adaptable package while combining working heritage with companion traits. Not recognized by major kennel clubs","{'id': 'nayGVj6XwB', 'url': 'https://cdn4.thedogapi.com/optimized/nayGVj6XwB.jpg', 'width': 1408, 'height': 768}",14.0,32.0,23.0,41.0,61.0,51.0,12.0,15.0,13.5
Hygen Hound,2,"energetic, intelligent, independent, alert, affectionate, loyal",Norway,NO,"Medium-sized, strong and compact Norwegian scenthound with lean athletic build, developed for endurance in rough terrain and known for excellent tracking abilities and affectionate nature with family",Hound,"Developed in the 19th century by Norwegian breeder Hans Fredrik Hygen, created by crossing German Holsteiner hounds with local Norwegian scent hounds and other Scandinavian breeds like the Småland Hound to produce a resilient hound for hunting in challenging Arctic terrain. Recognized by the FCI as a Norwegian scent hound.","{'id': 'n0VCtOCK10', 'url': 'https://cdn4.thedogapi.com/optimized/n0VCtOCK10.jpg', 'width': 1200, 'height': 896}",20.0,25.0,22.5,46.0,58.0,52.0,10.0,12.0,11.0
Ibizan Hound,2,"independent, intelligent, athletic, gentle, alert, playful","Balearic Islands, Spain",ES,"Elegant sighthound with distinctive large erect ears, lean athletic build, and deer-like grace. Known for remarkable jumping ability and bred for hunting rabbit by sight, this ancient breed comes in both smooth and wire-coated varieties.",Hound,Ancient breed whose origins trace back to Phoenician traders who brought Egyptian hunting dogs to the Balearic Islands around the 8th century BC. Developed in isolation on Ibiza and neighboring islands for hunting rabbits on rocky terrain.,"{'id': 'ViHkh0d7Ov', 'url': 'https://cdn4.thedogapi.com/optimized/ViHkh0d7Ov.jpg', 'width': 1088, 'height': 976}",20.0,29.0,24.5,57.0,70.0,63.5,11.0,14.0,12.5
Icelandic Sheepdog,2,"friendly, alert, energetic, intelligent, playful, confident, hardy",Iceland,IS,"Medium-sized spitz-type herding dog with thick weatherproof double coat, prick ears, and curved bushy tail, known for its cheerful and inquisitive nature",Herding,"Iceland's only native dog breed, brought by Viking settlers around 874-930 AD and bred in isolation for centuries. Essential for herding sheep and livestock in harsh Icelandic conditions","{'id': 'fjKm1CMZDK', 'url': 'https://cdn4.thedogapi.com/optimized/fjKm1CMZDK.jpg', 'width': 1024, 'height': 1024}",11.0,16.0,13.5,42.0,51.0,46.5,12.0,14.0,13.0
Indian Pariah Dog,2,"alert, intelligent, loyal, adaptable, independent",Indian subcontinent,IN,"Medium-sized primitive landrace breed native to the Indian subcontinent with erect ears, short coat, and naturally hardy constitution developed through thousands of years of natural selection",Primitive,"Ancient aboriginal landrace breed native to the Indian subcontinent, among the world's oldest and most natural dog breeds. Developed as a free-ranging village dog over thousands of years, adapted to local climate and conditions through natural selection.","{'id': '3ozisJRuso', 'url': 'https://cdn4.thedogapi.com/optimized/3ozisJRuso.jpg', 'width': 1200, 'height': 896}",15.0,30.0,22.5,46.0,64.0,55.0,,,
Indian Spitz,2,"alert, intelligent, playful, loyal, friendly, adaptable",India,IN,"Small to medium-sized spitz-type companion dog with pointed ears, curled tail, and dense white or cream double coat, developed in India from German Spitz ancestors and adapted for warm Indian climate conditions",Non-Sporting,"Descended from German Spitz dogs introduced to India by the British, developed and promoted by the Kennel Club of India through selective breeding for smaller size and adaptation to Indian climate conditions, becoming a popular family companion breed in the late 20th century","{'id': 'W6ubKGtRnt', 'url': 'https://cdn4.thedogapi.com/optimized/W6ubKGtRnt.jpg', 'width': 1200, 'height': 896}",10.0,18.0,14.0,33.0,41.0,37.0,10.0,16.0,13.0
Irish Doodle,2,"friendly, intelligent, energetic, playful, affectionate, outgoing",United States,US,"Medium to large crossbreed combining the friendly, outgoing nature and athleticism of the Irish Setter with the intelligence and low-shedding, wavy or curly coat of the Standard Poodle",Mixed,"Modern designer crossbreed developed primarily in the United States in the 1990s and 2000s by crossing Irish Setter with Standard Poodle, aiming to combine the energetic sporting nature and temperament of the Setter with the hypoallergenic coat qualities and intelligence of the Poodle","{'id': '9dXFcq3AI4', 'url': 'https://cdn4.thedogapi.com/optimized/9dXFcq3AI4.jpg', 'width': 1408, 'height': 768}",18.0,34.0,26.0,53.0,71.0,62.0,10.0,15.0,12.5
Irish Red and White Setter,2,"friendly, energetic, intelligent, courageous, devoted, gentle, eager to please",Ireland,IE,"Medium to large athletic gundog with distinctive red and white coat pattern and aristocratic appearance. This versatile sporting breed combines a powerful, athletic build with a kind expression and was bred specifically for pointing and retrieving game birds.",Sporting,"One of Ireland's oldest gundogs with history dating back to the 17th century, predating the Irish Setter. Bred as versatile gundogs for finding and retrieving gamebirds. Nearly extinct by the 1920s but revived through dedicated breeding programs by enthusiasts in the 20th century.","{'id': 'dU7w5jnMC1', 'url': 'https://cdn4.thedogapi.com/optimized/dU7w5jnMC1.jpg', 'width': 1216, 'height': 880}",20.0,32.0,26.0,57.0,66.0,61.5,11.0,15.0,13.0
Irish Setter,2,"friendly, outgoing, energetic, intelligent, playful, affectionate",Ireland,IE,"Elegant, athletic gundog known for its stunning mahogany or rich chestnut red flowing coat and high-energy, friendly temperament",Sporting,"Developed in 18th-century Ireland as a versatile gundog for setting and retrieving game birds by crossing Irish Water Spaniel, English Setter, and Pointer. The breed's striking mahogany color became a hallmark in the 19th century, distinguishing it from earlier red-and-white setters","{'id': 'wWecmugBdH', 'url': 'https://cdn4.thedogapi.com/optimized/wWecmugBdH.jpg', 'width': 1200, 'height': 896}",24.0,34.0,29.0,61.0,74.0,67.5,12.0,15.0,13.5
Irish Terrier,2,"courageous, loyal, intelligent, energetic, spirited",Ireland,IE,"Medium-sized terrier with a distinctive wiry, fiery red coat and bold, spirited temperament. Known for its courage and loyalty, it is one of the oldest terrier breeds.",Terrier,"One of the oldest terrier breeds, developed in County Cork, Ireland as all-purpose farm dogs for hunting vermin and guarding homes. Their courage was proven in World War I where they served as messenger dogs and sentinels.","{'id': 'By-hGecVX', 'url': 'https://cdn2.thedogapi.com/images/By-hGecVX_1280.jpg', 'width': 800, 'height': 626}",11.0,13.0,12.0,43.0,48.0,45.5,,,
Irish Water Spaniel,2,"intelligent, playful, alert, courageous, eager to please",Ireland,IE,"The tallest of all spaniels, this large, versatile sporting dog is distinguished by its crisp, curly purplish-brown waterproof coat, distinctive smooth tapered 'rat tail', and characteristic topknot. Bred for retrieving waterfowl from cold Irish waters, combining intelligence with a playful, alert nature.",Sporting,"Ancient Irish breed with modern development in the 1830s primarily by Justin McCarthy. Bred for retrieving waterfowl from cold Irish waters, mentioned in Irish literature as early as 1600s and recognized by AKC in 1884","{'id': 'RzLkPO1XKH', 'url': 'https://cdn4.thedogapi.com/optimized/RzLkPO1XKH.jpg', 'width': 1264, 'height': 848}",20.0,31.0,25.5,53.0,61.0,57.0,12.0,14.0,13.0
Irish Wolfhound,2,"gentle, calm, dignified, courageous, loyal",Ireland,IE,"A giant-sized sighthound of imposing appearance and dignified nature, the Irish Wolfhound is the tallest of all dog breeds. Known for its wiry, rough coat and gentle giant temperament, this ancient breed combines courage with a calm, dignified demeanor.",Hound,Ancient breed from Ireland originally used in war and for hunting wolves and Irish elk. Nearly extinct by the 1860s but revived by Captain George Augustus Graham who standardized the breed.,"{'id': 's2EMPFktdk', 'url': 'https://cdn4.thedogapi.com/optimized/s2EMPFktdk.jpg', 'width': 1152, 'height': 912}",52.0,82.0,67.0,76.0,89.0,82.5,6.0,8.0,7.0
Istrian Coarse-haired Hound,2,"alert, energetic, gentle, loyal, independent, intelligent","Istria Peninsula, Croatia",HR,"Medium-sized, noble-looking scent hound with distinctive harsh, wiry white coat and orange markings, bred for hunting in the mountainous terrain of Istria. Known for its calm, gentle demeanor and tenacious hunting ability with a deep, resonant voice.",Hound,"Ancient breed from the Istrian peninsula with depictions dating back to the 15th century. Developed for centuries to hunt fox, hare, and wild boar in mountainous terrain, prized for its weather-resistant coat and endurance. Formally standardized by FCI in the mid-20th century.","{'id': 'XXIN9XDMqs', 'url': 'https://cdn4.thedogapi.com/optimized/XXIN9XDMqs.jpg', 'width': 1344, 'height': 800}",15.0,24.0,19.5,44.0,58.0,51.0,12.0,15.0,13.5
Istrian Shorthaired Hound,2,"alert, energetic, intelligent, independent, gentle, loyal","Istria Peninsula, Croatia",HR,"Medium-sized, noble-looking scent hound of ancient lineage with a smooth white coat and distinctive orange markings, bred for hunting hare and fox with a strong, sonorous voice",Hound,"Ancient breed from the Istrian peninsula with depictions dating back to 1497. Developed as resilient scenthound for hunting hare and fox, breed standard established in 1924 and FCI recognized in 1949. Considered one of oldest hound breeds in Balkan region.","{'id': 'OqJC6GFROe', 'url': 'https://cdn4.thedogapi.com/optimized/OqJC6GFROe.jpg', 'width': 1200, 'height': 896}",16.0,25.0,20.5,46.0,59.0,52.5,12.0,15.0,13.5
Italian Greyhound,2,"affectionate, gentle, playful, alert, intelligent",Italy,IT,"Elegant small sighthound with slender, delicate build and graceful movement, combining the look of a large hound with the size of a lap dog and fine, smooth coat",Toy,"Ancient breed with origins tracing back over 2,000 years to the Mediterranean basin, favored by nobility in ancient Greece, Rome, and Italian Renaissance, AKC recognized since 1886","{'id': 'dn8F4NPRdX', 'url': 'https://cdn4.thedogapi.com/optimized/dn8F4NPRdX.jpg', 'width': 896, 'height': 1184}",3.0,6.5,4.75,33.0,38.0,35.5,,,
Jack Russell Terrier,2,"energetic, intelligent, alert, courageous, confident, playful",England,GB,"Small, energetic earth-working terrier with a predominantly white coat and sturdy build, known for its bold, athletic nature and lively temperament, originally bred for fox hunting",Terrier,"Developed in southern England during the mid-1800s by Reverend John Russell for fox hunting, bred to bolt foxes from dens. The shorter-legged variety standard was primarily developed in Australia.","{'id': 'UFUnXSmUbE', 'url': 'https://cdn4.thedogapi.com/optimized/UFUnXSmUbE.jpg', 'width': 848, 'height': 1264}",6.0,8.0,7.0,25.0,30.0,27.5,12.0,14.0,13.0
Jagdterrier,2,"courageous, intelligent, energetic, work-focused, independent",Germany,DE,"Small, compact German hunting terrier with wiry black and tan coat, bred for versatility, tenacity, and intense working drive in the field",Terrier,"Developed in Germany after World War I by hunters who wanted to create a breed solely for hunting performance. Selectively bred from Fox Terrier lines and various terrier breeds to create a versatile, tenacious, and courageous hunting dog.","{'id': 'VH2GN1blaZ', 'url': 'https://cdn4.thedogapi.com/optimized/VH2GN1blaZ.jpg', 'width': 1264, 'height': 848}",7.5,10.0,8.75,33.0,40.0,36.5,10.0,15.0,12.5
Jämthund,2,"courageous, intelligent, calm, independent, alert, loyal, devoted","Jämtland, Sweden",SE,"Large, athletic spitz-type hunting dog from Sweden with wolf-like appearance and strong build, known for its endurance and courageous nature in hunting large game under harsh Nordic conditions",Hound,"Developed over centuries in Jämtland province of Sweden as versatile hunter of large game like moose and bear, officially recognized as distinct breed in 1946 by Swedish Kennel Club and FCI","{'id': 'pwobyhTHlw', 'url': 'https://cdn4.thedogapi.com/optimized/pwobyhTHlw.jpg', 'width': 1152, 'height': 912}",25.0,40.0,32.5,52.0,65.0,58.5,12.0,13.0,12.5
Japanese Chin,2,"alert, intelligent, affectionate, independent, playful, calm",China/Japan,JP,"Small, elegant toy breed with distinctive flat face, large wide-set eyes, and luxurious silky coat. Known for their aristocratic bearing and unique cat-like demeanor, often cleaning their faces and perching in high places.",Toy,"Ancient breed believed to have originated in the Chinese imperial court, then refined in Japan by nobility as cherished lap dogs and companions. Often given as gifts to diplomats and royalty, including to Commodore Matthew Perry who brought them to the West in 1853.","{'id': '1TlHrdv5SQ', 'url': 'https://cdn4.thedogapi.com/optimized/1TlHrdv5SQ.jpg', 'width': 1024, 'height': 1040}",1.8,5.0,3.4,20.0,28.0,24.0,10.0,12.0,11.0
Japanese Spitz,2,"intelligent, playful, alert, loyal, affectionate, friendly",Japan,JP,"Small to medium-sized spitz-type dog with profuse, pure-white double coat, fox-like face with pointed muzzle, and plumed tail carried over its back. This lively companion dog has an alert, friendly disposition.",Non-Sporting,"Developed in Japan in the 1920s-1930s from various spitz breeds including large white German Spitz dogs brought to Japan around 1920. The breed was developed through selective breeding for friendly temperament and white coat, first exhibited in Tokyo in 1921. After World War II, the breed standard was unified by the Japan Kennel Club.","{'id': 'a9bVhDxsQC', 'url': 'https://cdn4.thedogapi.com/optimized/a9bVhDxsQC.jpg', 'width': 1264, 'height': 848}",4.5,11.0,7.75,30.0,39.0,34.5,12.0,16.0,14.0
Japanese Terrier,2,"lively, alert, intelligent, playful, affectionate",Japan,JP,"Small, compact terrier with distinctive short, smooth coat and lively, alert disposition. Characterized by its clean-cut, smart appearance and cheerful character, this breed combines typical terrier alertness with a friendly companion nature.",Terrier,"Descended from Smooth Fox Terriers brought to Japan by Dutch traders in the 17th century, crossed with native Japanese dogs. Refined as companions in port cities like Kobe and Yokohama with planned breeding beginning around 1920 and official recognition by Japan Kennel Club in 1930.","{'id': 'EgYuu3djMg', 'url': 'https://cdn4.thedogapi.com/optimized/EgYuu3djMg.jpg', 'width': 1024, 'height': 1040}",2.5,4.0,3.25,30.0,33.0,31.5,12.0,15.0,13.5
Jeju Dog,2,"alert, loyal, intelligent, courageous, independent, energetic","Jeju Island, South Korea",KR,"Medium-sized spitz-type landrace breed from Jeju Island, South Korea, with erect ears, curled tail, and keen alert expression. Known for brindle coat, strong hunting instincts, and courageous nature. Historically used for hunting badgers and roe deer.",Spitz and Primitive Types,"Ancient landrace native to Jeju Island, traditionally used for hunting and guarding. Nearly became extinct during Japanese colonial period and Korean War. Restoration project began in 1986, designated Natural Monument of South Korea (No. 540) in 2010. Very rare outside homeland, not recognized by major international kennel clubs.","{'id': 'LzmJ75nJlK', 'url': 'https://cdn4.thedogapi.com/optimized/LzmJ75nJlK.jpg', 'width': 1408, 'height': 768}",13.0,25.0,19.0,43.0,56.0,49.5,12.0,15.0,13.5
Jindo,2,"loyal, independent, intelligent, alert, courageous, protective","Jindo Island, South Korea",KR,"Medium-sized spitz-type hunting dog native to Jindo Island in South Korea with erect ears, curled tail, and strong hunting instincts, prized for loyalty, intelligence, and bravery",Foundation Stock Service,"Ancient breed that developed naturally on Jindo Island over 1500 years ago, prized for hunting abilities, courage, and fierce loyalty. Designated as Natural Treasure #53 by Korean government in 1962 to preserve breed purity.","{'id': 'E1ha8jMewD', 'url': 'https://cdn4.thedogapi.com/optimized/E1ha8jMewD.jpg', 'width': 896, 'height': 1200}",14.0,23.0,18.5,46.0,56.0,51.0,12.0,15.0,13.5
Jonangi,2,"energetic, intelligent, loyal, alert, independent","Andhra Pradesh, India",IN,"Medium-sized agile Indian spitz-type dog with short smooth coat, webbed feet, and pricked ears. Known for its unique yodel-like vocalization and traditionally used for duck herding, hunting, and fishing activities.",Primitive,"Ancient landrace from coastal Andhra Pradesh traditionally used by fishermen and shepherding communities for duck herding, hunting small game, and fishing activities. Faced near-extinction but recent preservation efforts are underway.","{'id': 'ZZDmX3JmpP', 'url': 'https://cdn4.thedogapi.com/optimized/ZZDmX3JmpP.jpg', 'width': 1120, 'height': 944}",13.0,23.0,18.0,41.0,53.0,47.0,12.0,15.0,13.5
Kaikadi,2,"alert, energetic, intelligent, loyal, independent, courageous","Maharashtra, India",IN,"Small to medium-sized sighthound from Maharashtra, India, with a slender, athletic build and short, fine coat. Named after the Kaikadi nomadic tribe, this ancient landrace breed is known for its agility and exceptional hunting abilities.",Hound,"Ancient landrace sighthound from the Maharashtra region of India, traditionally used by the Kaikadi nomadic tribe for hunting small game, vermin, and as companion dogs. Considered one of the aboriginal hound breeds of India and recognized by the Indian National Kennel Club.","{'id': 'UDcVZlmJh9', 'url': 'https://cdn4.thedogapi.com/optimized/UDcVZlmJh9.jpg', 'width': 896, 'height': 1200}",14.0,20.0,17.0,51.0,58.0,54.5,10.0,15.0,12.5
Kai Ken,2,"alert, intelligent, loyal, courageous, independent, athletic","Kai Province, Yamanashi Prefecture, Japan",JP,"Medium-sized Japanese spitz-type breed with distinctive brindle coat and athletic build, renowned for agility and loyalty as a skilled mountain hunter",Non-Sporting,"Ancient Japanese breed from the mountainous Kai region where brindle coat provided camouflage. Used for hunting wild boar and deer, designated as a national monument in 1934 to preserve breed purity. One of six native Japanese spitz breeds.","{'id': 'Q46ay2DcNG', 'url': 'https://cdn4.thedogapi.com/optimized/Q46ay2DcNG.jpg', 'width': 976, 'height': 1088}",11.0,20.0,15.5,39.0,56.0,47.5,12.0,16.0,14.0
Kamchatka Sled Dog,2,"hardy, independent, work-focused, loyal, intelligent, energetic","Kamchatka Peninsula, Russia",RU,"An ancient, powerful landrace sled dog from Russia's Kamchatka Peninsula with a thick double coat and strong, athletic build. This large spitz-type breed was developed for endurance and work in harsh Arctic conditions, possessing a primitive appearance and resilient nature.",Working,"Ancient aboriginal landrace sled dog developed over centuries by indigenous peoples including the Itelmen and Koryak peoples of Kamchatka Peninsula for transportation and hauling in severe Arctic conditions. A foundational type for many modern sled breeds valued for stamina, resilience, and work ethic.","{'id': 'xPg5nxGuZc', 'url': 'https://cdn4.thedogapi.com/optimized/xPg5nxGuZc.jpg', 'width': 1152, 'height': 928}",18.0,40.0,29.0,51.0,66.0,58.5,10.0,15.0,12.5
Kangal Shepherd Dog,2,"loyal, protective, independent, calm, intelligent, alert","Sivas, Turkey",TR,"Large, powerful, and heavy-boned livestock guardian dog with distinctive fawn coat, black mask and ears, and curled tail, bred for protecting flocks from predators",Working,"Ancient livestock guardian breed originating from the Kangal district in the Sivas province of Turkey. For centuries used by shepherds to protect flocks from wolves, bears, and jackals. Considered a national treasure in Turkey and valued for strength, loyalty, and independence.","{'id': 'BJT0Jx5Nm', 'url': 'https://cdn2.thedogapi.com/images/BJT0Jx5Nm_1280.jpg', 'width': 1216, 'height': 1131}",41.0,66.0,53.5,71.0,81.0,76.0,12.0,15.0,13.5
Kanni,2,"loyal, intelligent, independent, alert, athletic, reserved","Tamil Nadu, India",IN,"Rare, elegant sighthound landrace from Tamil Nadu, India, with a lean, athletic build and short, fine coat typically in black-and-tan or cream. Known for incredible speed, loyalty, and independent nature, traditionally prized for hunting.",Hound,"The Kanni, meaning 'pure' in Tamil, is an ancient sighthound landrace from Tamil Nadu, traditionally prized by royalty, zamindars, and tribal communities for hunting deer, wild boar, hare, and other small game. Recognized by Indian government and kennel clubs, though not by major international kennel clubs.","{'id': 'M3221puSm5', 'url': 'https://cdn4.thedogapi.com/optimized/M3221puSm5.jpg', 'width': 1296, 'height': 832}",15.0,25.0,20.0,58.0,69.0,63.5,12.0,15.0,13.5
Karakachan,2,"independent, protective, loyal, alert, courageous, intelligent",Bulgaria,BG,"Large, powerful livestock guardian dog with dense double coat, bred by nomadic shepherds to protect flocks in mountainous terrain of the Balkans. Known for its formidable presence and unwavering loyalty to its flock and family.",Working,"One of Europe's oldest breeds descended from dogs of the Thracians, developed and preserved by the Karakachans nomadic shepherds of the Balkans for livestock protection. Nearly extinct but being preserved through breeding programs and recognized by FCI","{'id': 'xz4R1yeRiz', 'url': 'https://cdn4.thedogapi.com/optimized/xz4R1yeRiz.jpg', 'width': 1248, 'height': 864}",35.0,57.0,46.0,60.0,75.0,67.5,12.0,14.0,13.0
Karelian Bear Dog,2,"courageous, independent, loyal, alert, protective",Karelia Finland,FI,"Medium-sized, sturdily-built spitz-type hunting dog with distinctive black and white coat, bred for courage and tenacity in hunting large game including bears, moose, and wild boar",Working,Ancient breed developed in the Karelia region of Finland and Russia from spitz-type dogs to hunt large game. Standardized in the 1930s and nearly became extinct after World War II but was saved by dedicated Finnish breeders. One of Finland's most prized national breeds,"{'id': 'yBaceAF82G', 'url': 'https://cdn4.thedogapi.com/optimized/yBaceAF82G.jpg', 'width': 1200, 'height': 896}",17.0,23.0,20.0,48.0,61.0,54.5,11.0,13.0,12.0
Karelo-Finnish Laika,2,"intelligent, energetic, courageous, alert, independent",Finland/Karelia region,FI,"Medium-sized, fox-like spitz-type hunting dog with a vibrant red-gold double coat, erect ears, and curled tail. Known for its intelligence, courage, and distinctive 'bark-pointing' hunting style used for tracking game birds and small mammals.",Non-Sporting,"Ancient spitz breed developed in the Karelia region from native spitz-type hunting dogs for hunting game birds, particularly capercaillie and black grouse. Standardized in late 19th century and recognized as Finland's national dog. In 2006, FCI merged the similar Russian Karelo-Finnish Laika into the Finnish Spitz breed standard.","{'id': 'eR4kkLxIU5', 'url': 'https://cdn4.thedogapi.com/optimized/eR4kkLxIU5.jpg', 'width': 896, 'height': 1200}",11.0,16.0,13.5,41.0,51.0,46.0,12.0,15.0,13.5
Kars,2,"protective, independent, courageous, loyal","Eastern Anatolia, Turkey",TR,"Large, rugged livestock guardian dog with dense weather-resistant coat and protective nature",Working,"An ancient Turkish livestock guardian from the Kars region, developed to protect flocks from predators in harsh climates; closely related to other regional shepherd breeds. Recognized by Turkish registries and FCI Group 2 as a regional variant.","{'id': 'pVeTXqsh6q', 'url': 'https://cdn4.thedogapi.com/optimized/pVeTXqsh6q.jpg', 'width': 1408, 'height': 768}",35.0,60.0,47.5,69.0,81.0,75.0,10.0,13.0,11.5
Karst Shepherd,2,"protective, loyal, courageous, confident, calm, independent",Slovenia,SI,"A robust, medium-large livestock guardian dog with a thick iron-grey double coat and calm, self-confident disposition. Ancient breed from the Karst Plateau region developed for centuries to guard livestock from predators including wolves and bears.",Working,"Ancient livestock guardian breed native to the Karst Massif region of Slovenia, used for centuries to guard livestock from wolves and bears. Originally recognized by FCI in 1939 as the Illyrian Shepherd Dog, renamed to Karst Shepherd in 1968.","{'id': '2IiLxKrBkc', 'url': 'https://cdn4.thedogapi.com/optimized/2IiLxKrBkc.jpg', 'width': 1152, 'height': 928}",25.0,40.0,32.5,54.0,63.0,58.5,10.0,13.0,11.5
Kazakh Tazy,2,"independent, intelligent, alert, loyal, calm, confident",Kazakhstan,KZ,"Ancient Central Asian sighthound with elegant, long-legged build and characteristic feathering on ears, tail, and legs. Known for exceptional speed, stamina, and endurance, developed for hunting in harsh steppe conditions.",Hound,"Ancient sighthound developed by nomadic Kazakh tribes for hunting game such as fox, hare, badger, and wolf across vast steppes. Name 'Tazy' means 'pure' or 'noble' reflecting esteemed status. Provisionally recognized by FCI in 2024, preservation efforts ongoing.","{'id': 'm84kfNxGuu', 'url': 'https://cdn4.thedogapi.com/optimized/m84kfNxGuu.jpg', 'width': 1072, 'height': 1008}",18.0,29.0,23.5,55.0,70.0,62.5,12.0,14.0,13.0
Keeshond,2,"friendly, intelligent, outgoing, alert, eager to please",Netherlands,NL,"Medium-sized compact spitz with plush silver-gray double coat, fox-like face, distinctive spectacles markings around the eyes, and plumed tail curled over back",Non-Sporting,"Ancient Dutch breed known as the Dutch Barge Dog, popular companion and watchdog on barges and riverboats along the Rhine River. Became symbol of Dutch Patriots Party in 18th century, nearly extinct after WWII but restored from dogs exported to England and America","{'id': 'ZpfPWRzZjj', 'url': 'https://cdn4.thedogapi.com/optimized/ZpfPWRzZjj.jpg', 'width': 1072, 'height': 992}",16.0,20.0,18.0,41.0,48.0,44.5,12.0,15.0,13.5
Kerry Beagle,2,"energetic, intelligent, loyal, independent, friendly, alert","County Kerry, Ireland",IE,"Medium-large Irish scent hound with a smooth, dense coat and distinctive black and tan markings, one of Ireland's oldest native breeds known for stamina and strong hunting instincts",Hound,"Ancient Irish scenthound and one of Ireland's oldest native breeds, possibly descending from Celtic Hounds and dating back to at least the 16th century. Developed in County Kerry for hunting stag, deer, fox, and hare in packs over mountainous terrain. Despite its name, it is a medium-large hound, not a small beagle. Recognized by the Irish Kennel Club.","{'id': 'DFrIQt11qO', 'url': 'https://cdn4.thedogapi.com/optimized/DFrIQt11qO.jpg', 'width': 1392, 'height': 768}",20.0,27.0,23.5,51.0,66.0,58.5,10.0,14.0,12.0
Kerry Blue Terrier,2,"alert, intelligent, loyal, playful, energetic, courageous",Ireland,IE,"Medium-sized, muscular Irish terrier with distinctive soft, wavy blue-gray coat and bearded face, known for its spirited, intelligent personality",Terrier,"Originating in County Kerry, Ireland, developed as a versatile all-purpose farm dog for herding cattle, hunting vermin and small game, and guarding. Became a symbol of Irish patriotism with breed records dating to the 19th century; recognized by the AKC in 1922.","{'id': 'raFDcesotq', 'url': 'https://cdn4.thedogapi.com/optimized/raFDcesotq.jpg', 'width': 1040, 'height': 1024}",14.0,18.0,16.0,44.0,50.0,47.0,12.0,15.0,13.5
Khala,2,"loyal, independent, intelligent, alert, affectionate",Bolivia,BO,"A rare, primitive hairless landrace breed from Bolivia existing in two size varieties (Medio and Grande), with a distinctive sighthound-like build, hairless body, and tufts of hair on feet and tail. Also has a coated variety.",Sighthound,"A primitive landrace breed from the highlands of Bolivia, believed to have existed for centuries. Traditionally used as a companion and sight-hunter, closely related to other South American hairless breeds like the Peruvian Inca Orchid and Xoloitzcuintli. Recognized by FCI as Bolivian Hairless Dog (Khala).","{'id': 'A6NxkI4JB6', 'url': 'https://cdn4.thedogapi.com/optimized/A6NxkI4JB6.jpg', 'width': 896, 'height': 1200}",7.0,15.0,11.0,36.0,51.0,43.5,12.0,14.0,13.0
King Charles Spaniel,2,"gentle, affectionate, intelligent, friendly, happy, playful",England,GB,"Small, compact toy spaniel with distinctive domed head, flat face, short nose, large dark eyes, long ears, and silky coat available in four color varieties (Blenheim, Tricolour, Ruby, and Black and Tan). Known as the English Toy Spaniel in the USA.",Toy,"Descended from toy spaniels popular with European nobility since the 16th century, famously associated with King Charles II who favored companion spaniels. Modern flat-faced appearance developed through crossings with short-nosed Asian toy breeds in the 18th-19th centuries. The four color varieties were once considered separate breeds.","{'id': 'MT3wm2MmFG', 'url': 'https://cdn4.thedogapi.com/optimized/MT3wm2MmFG.jpg', 'width': 928, 'height': 1152}",3.6,6.3,4.95,23.0,28.0,25.5,10.0,12.0,11.0
King Shepherd,2,"intelligent, loyal, confident, protective, gentle, courageous",United States,US,"Large, robust shepherd-type dog developed as an improved German Shepherd with better health and temperament. Resembles a giant, heavy-boned German Shepherd with a plush or coarse double coat and calmer, more stable demeanor intended as a family companion and guardian.",Mixed,"Developed in the 1990s by American breeders Shelley Watts-Cross and David Turkheimer. Created by crossing American German Shepherds with Shiloh Shepherds and later infusing Great Pyrenees and Alaskan Malamute to create a larger, healthier, more robust shepherd with improved temperament. Recognized by the American King Shepherd Club and United Kennel Club.","{'id': 'p2zsWtnGy6', 'url': 'https://cdn4.thedogapi.com/optimized/p2zsWtnGy6.jpg', 'width': 1136, 'height': 944}",34.0,68.0,51.0,64.0,79.0,71.5,10.0,11.0,10.5
Kintamani,2,"alert, intelligent, loyal, independent, protective, devoted","Kintamani, Bali, Indonesia",ID,"Medium-sized spitz-type dog native to Bali, Indonesia, known for its thick double coat, erect ears, plumed curled tail, and alert, intelligent disposition. This indigenous breed serves as both village guardian and companion dog.",Spitz and Primitive Types,Indigenous national breed of Indonesia that originated in the Kintamani region of Bali. Evolved from local free-roaming dogs and is genetically distinct. Traditionally used as village guardian and companion dog. Officially recognized by the FCI in 2019.,"{'id': 'MxTXPq64DR', 'url': 'https://cdn4.thedogapi.com/optimized/MxTXPq64DR.jpg', 'width': 1200, 'height': 896}",12.0,18.0,15.0,41.0,56.0,48.5,12.0,15.0,13.5
Kishu Ken,2,"loyal, intelligent, alert, courageous, independent, reserved","Kii Peninsula, Japan",JP,"A medium-sized, well-balanced spitz-type hunting dog of ancient Japanese lineage, known for its nobility, endurance, and dignified temperament. Features erect ears, curled tail, and typically solid white coat, though sesame and red are also found.",Spitz and Primitive Types,"Ancient Japanese hunting breed from the mountainous Kishu region of the Kii Peninsula, prized for hunting wild boar and deer. Designated as a Natural Monument of Japan in 1934 to preserve its purity and recognized by the FCI in the Spitz and Primitive Types group.","{'id': 'jSFVZFE2ni', 'url': 'https://cdn4.thedogapi.com/optimized/jSFVZFE2ni.jpg', 'width': 1264, 'height': 832}",14.0,27.0,20.5,43.0,56.0,49.5,11.0,13.0,12.0
Kokoni,2,"friendly, intelligent, alert, playful, affectionate, loyal",Greece,GR,"Small ancient Greek companion dog with a lively and cheerful disposition, characterized by a slightly elongated body, fluffy coat, plumed tail carried in a curve, and intelligent, alert expression",Companion,"Ancient Greek breed with depictions found on artifacts dating back thousands of years. Developed from small landrace dogs throughout the region, served as companions and household watchdogs. Formally recognized by Greek Kennel Club in 2004-2005 and in AKC Foundation Stock Service.","{'id': 'ifO0hUoW3G', 'url': 'https://cdn4.thedogapi.com/optimized/ifO0hUoW3G.jpg', 'width': 1056, 'height': 1008}",4.0,6.0,5.0,23.0,28.0,25.5,,,
Kombai,2,"courageous, loyal, protective, intelligent, alert, independent","Tamil Nadu, India",IN,"Medium-sized, powerful and athletic Indian hunting dog from Southern India with a distinctive tan coat and muscular build, known for its courage in hunting large game like wild boar, bison, and deer",Hound,"Ancient Indian breed from Tamil Nadu, believed to have been used by the armies of the Marudhu brothers in the 18th century. Nearly extinct but preservation efforts ongoing, recognized by the Indian Kennel Club.","{'id': 'FRKm6nX5x3', 'url': 'https://cdn4.thedogapi.com/optimized/FRKm6nX5x3.jpg', 'width': 1184, 'height': 912}",20.0,30.0,25.0,51.0,61.0,56.0,12.0,15.0,13.5
Komondor,2,"loyal, protective, independent, courageous, calm",Hungary,HU,"Large, muscular Hungarian livestock guardian dog with distinctive heavy coat of white cords resembling a mop. Built for endurance and protection, this imposing breed possesses a dignified, courageous demeanor.",Working,Ancient breed descended from Tibetan dogs brought to Hungary by nomadic Magyar tribes over a thousand years ago around 1000 AD. Developed to be formidable independent livestock guardian protecting sheep and cattle from wolves bears and harsh weather.,"{'id': 'vutXumi0ih', 'url': 'https://cdn4.thedogapi.com/optimized/vutXumi0ih.jpg', 'width': 1008, 'height': 1056}",36.0,59.0,47.5,65.0,80.0,72.5,10.0,12.0,11.0
Kooikerhondje,2,"friendly, intelligent, alert, energetic, cheerful, adaptable",Netherlands,NL,"Small, agile spaniel-type dog of Dutch origin with a distinctive flowing orange-red and white particolored coat and feathered ears, originally bred for luring ducks into traps",Sporting,"Ancient Dutch breed developed as early as the 16th century to work as duck decoy dogs, luring ducks into traps called 'eendenkooien'. Nearly extinct after World War II but saved and re-established by Baroness van Hardenbroek van Ammerstol from remaining bloodlines. Recognized by AKC in 2018.","{'id': 'wRJ9Dwspw', 'url': 'https://cdn2.thedogapi.com/images/wRJ9Dwspw.jpg', 'width': 1280, 'height': 1920}",9.0,14.0,11.5,36.0,43.0,39.5,12.0,15.0,13.5
Koolie,2,"energetic, intelligent, loyal, work-focused, alert, devoted",Australia,AU,"Medium-sized versatile Australian working dog known for herding ability, intelligence, high energy levels, and often striking merle coat. Athletic and agile with strong stamina, developed specifically for Australian livestock work.",Herding,"Developed in 19th century Australia from imported British working dogs including smooth collies and other herding breeds, possibly with German herding dog influence. Bred for endurance, versatility and stamina to work livestock in harsh Australian landscape. Not recognized by major kennel clubs but has established breed standards by Koolie breed societies.","{'id': 'XuNW8GOOXp', 'url': 'https://cdn4.thedogapi.com/optimized/XuNW8GOOXp.jpg', 'width': 1088, 'height': 976}",14.0,25.0,19.5,41.0,58.0,49.5,12.0,18.0,15.0
Kromfohrländer,2,"friendly, intelligent, loyal, playful, adaptable, alert","Siegen, Germany",DE,"Medium-sized German companion dog with distinctive white coat and brown markings, available in both rough-coated (tousled) and smooth-coated varieties, known for its happy disposition and lively temperament",Companion,"Developed in Germany after World War II by Ilse Schleifenbaum from a stray terrier-type dog (Original Peter) found by American soldiers, believed to be crossed with Wire Fox Terriers and Grand Griffon Vendéen. Officially recognized by the FCI in 1955 and named after the local landscape 'krom Fohr' (crooked furrow)","{'id': '61r5MvNDov', 'url': 'https://cdn4.thedogapi.com/optimized/61r5MvNDov.jpg', 'width': 1232, 'height': 864}",10.0,16.0,13.0,38.0,46.0,42.0,,,
Kuchi,2,"protective, independent, loyal, courageous, intelligent",Afghanistan,AF,"Large, rugged landrace livestock guardian dog from the mountainous regions of Afghanistan with powerful build, thick double coat, and protective instincts. Developed by nomadic Kuchi people for guarding livestock and caravans against large predators like wolves and snow leopards.",Working,"Ancient landrace breed developed over centuries by the nomadic Kuchi people of Afghanistan for guarding livestock and caravans. Bred to be hardy and formidable, capable of surviving harsh mountain climates and defending against large predators.","{'id': 'vPr3NPnl3X', 'url': 'https://cdn4.thedogapi.com/optimized/vPr3NPnl3X.jpg', 'width': 896, 'height': 1200}",40.0,60.0,50.0,64.0,76.0,70.0,10.0,13.0,11.5
Kunming Dog,2,"intelligent, loyal, courageous, alert, protective, work-focused","Kunming, Yunnan Province, China",CN,"Medium to large, wolf-like working dog from China resembling a German Shepherd, developed specifically for military and police duties with strong protective instincts and high intelligence",Working,"Developed in the 1950s in Kunming, China, by crossing German Shepherd Dogs with local Chinese dogs and wolfdogs. Bred specifically as a military working dog for the People's Liberation Army, suited for high-altitude conditions, and officially recognized in China in 1988. Not recognized by major international kennel clubs.","{'id': 'EuGN1ApfYP', 'url': 'https://cdn4.thedogapi.com/optimized/EuGN1ApfYP.jpg', 'width': 1200, 'height': 896}",25.0,38.0,31.5,60.0,68.0,64.0,12.0,14.0,13.0
Kurdish Mastiff,2,"protective, loyal, independent, courageous, alert, confident",Kurdistan region,IQ,"Large, powerful, and ancient landrace livestock guardian dog originating from the Kurdistan region, known for its protective instincts, independent nature, and robust build. Also known as the Pshdar Dog, this breed was developed for strength, courage, and resilience in harsh mountainous conditions.",Working,"An ancient landrace breed developed over centuries by Kurdish shepherds in the mountainous Kurdistan region primarily to protect livestock from large predators like wolves and bears. Valued for strength, courage, and resilience in harsh conditions, but not recognized by major kennel clubs.","{'id': 'culJYfFK6h', 'url': 'https://cdn4.thedogapi.com/optimized/culJYfFK6h.jpg', 'width': 1104, 'height': 960}",40.0,82.0,61.0,66.0,84.0,75.0,10.0,13.0,11.5
Kuvasz,2,"loyal, protective, independent, courageous, intelligent, calm",Hungary,HU,"Large, powerful white Hungarian livestock guardian dog with a dense double coat, noble bearing, and fiercely loyal, protective nature",Working,"Ancient Hungarian breed descended from large molosser-type dogs from Tibet. Historically served as royal guard dogs for Magyar kings and fierce livestock guardians, prized for their loyalty and courage in protecting flocks and estates from predators and thieves","{'id': 'TpZNIKNjnH', 'url': 'https://cdn4.thedogapi.com/optimized/TpZNIKNjnH.jpg', 'width': 1216, 'height': 880}",32.0,52.0,42.0,66.0,76.0,71.0,10.0,12.0,11.0
Labradoodle,2,"friendly, intelligent, energetic, gentle, outgoing, affectionate",Australia,AU,"Energetic medium-to-large crossbreed between Labrador Retriever and Poodle with curly or wavy coat, originally developed as a hypoallergenic companion and guide dog. Size and coat type can vary significantly based on generation and Poodle parent size.",Mixed,First intentionally developed in Australia in the late 1980s by Wally Conron for the Royal Guide Dog Association of Australia. Created by crossing Labrador Retrievers with Poodles to produce a hypoallergenic guide dog combining the low-shedding coat of the Poodle with the temperament and trainability of the Labrador Retriever. Not recognized by major kennel clubs.,"{'id': 'u61mBoaFOV', 'url': 'https://cdn4.thedogapi.com/optimized/u61mBoaFOV.jpg', 'width': 1264, 'height': 848}",20.0,29.0,24.5,53.0,61.0,57.0,12.0,14.0,13.0
Labrador Retriever,2,"friendly, outgoing, energetic, intelligent, gentle, eager to please","Newfoundland, Canada",CA,"Medium to large, strong athletic retriever with short dense coat and friendly outgoing temperament. Consistently one of the most popular breeds worldwide.",Sporting,Originated from St. John's Water Dogs used by fishermen in Newfoundland for retrieving nets and escaped fish. Further developed and standardized in England during the 1800s by English nobles for waterfowl retrieving,"{'id': 'BE5AcsNMdm', 'url': 'https://cdn4.thedogapi.com/optimized/BE5AcsNMdm.jpg', 'width': 1280, 'height': 832}",25.0,36.0,30.5,55.0,62.0,58.5,10.0,12.0,11.0
Labraheeler,2,"intelligent, energetic, loyal, alert, friendly, work-focused","United States, Australia",US,"Medium to large athletic crossbreed combining the loyal, hard-working nature of the Australian Cattle Dog with the friendly, outgoing temperament of the Labrador Retriever. This intelligent and energetic mixed breed features a short double coat and strong work ethic.",Mixed,"Modern designer crossbreed developed in recent decades, primarily in North America and Australia. Created to combine the intelligence, work ethic, and sturdiness of the Australian Cattle Dog with the friendly and trainable nature of the Labrador Retriever.","{'id': 'aJg1PeG9Q6', 'url': 'https://cdn4.thedogapi.com/optimized/aJg1PeG9Q6.jpg', 'width': 1408, 'height': 768}",16.0,36.0,26.0,43.0,62.0,52.5,12.0,15.0,13.5
Labsky,2,"friendly, energetic, intelligent, loyal, outgoing, playful",United States,US,"Medium to large energetic crossbreed combining Labrador Retriever and Siberian Husky traits, known for its athletic build, striking appearance, and friendly yet independent nature. Physical appearance and temperament can vary significantly between individuals.",Mixed,"Modern designer crossbreed developed by combining Labrador Retriever and Siberian Husky, aiming to blend the friendly, trainable nature of the Labrador with the striking looks, athleticism and stamina of the Husky. Not recognized by major kennel clubs.","{'id': 'fXffqHAEg0', 'url': 'https://cdn4.thedogapi.com/optimized/fXffqHAEg0.jpg', 'width': 1408, 'height': 768}",16.0,36.0,26.0,51.0,64.0,57.5,10.0,14.0,12.0
Lacy Dog,2,"energetic, intelligent, work-focused, devoted, loyal, alert","Texas Hill Country, United States",US,"Medium-sized athletic working dog developed in the American Southwest for herding and hunting with a short, sleek coat and intense drive. Known for its high energy and strong work focus, this breed can be blue, red, or tricolor.",Herding,"Developed by the Lacy family in Burnet County, Texas, in the mid-1800s as an all-purpose working dog for herding, trailing, and hunting, using English Shepherd, Greyhound, scent hound, and possibly coyote stock. Officially designated as the State Dog of Texas in 2005.","{'id': 'gH5hZrWj0Q', 'url': 'https://cdn4.thedogapi.com/optimized/gH5hZrWj0Q.jpg', 'width': 896, 'height': 1200}",11.0,23.0,17.0,43.0,53.0,48.0,12.0,16.0,14.0
Lagotto Romagnolo,2,"affectionate, intelligent, energetic, loyal, alert, work-focused","Romagna region, Italy",IT,"Medium-sized rustic water retriever with dense, curly, waterproof coat and exceptional sense of smell, specialized as the world's premier truffle-hunting dog",Sporting,"Ancient breed from the Romagna region of Italy, originally used as a water retriever in the marshlands. When the marshes were drained, the breed was adapted and became the world's premier truffle-hunting dog.","{'id': 'ryzzmgqE7', 'url': 'https://cdn2.thedogapi.com/images/ryzzmgqE7_1280.jpg', 'width': 1600, 'height': 1200}",11.0,16.0,13.5,41.0,48.0,44.5,,,
Lài,2,"loyal, intelligent, athletic, alert, protective",Northern Vietnam,VN,"Medium-sized, primitive spitz-type dog native to northern Vietnam; agile, hardy, and versatile",Primitive,"An ancient indigenous breed of Vietnam's northern mountains, the Lài dog (sometimes called Chó Lài or Vietnamese Dingo) developed as a versatile hunting, herding, and guard dog. It is widely considered one of Vietnam's native primitive spitz breeds, known for intelligence, adaptability, and resilience. Not recognized by major international kennel clubs but documented in local standards.","{'id': 'LdMEnAqSQo', 'url': 'https://cdn4.thedogapi.com/optimized/LdMEnAqSQo.jpg', 'width': 1264, 'height': 848}",14.0,25.0,19.5,46.0,56.0,51.0,12.0,15.0,13.5
Laizhou Hong,2,"loyal, protective, confident, intelligent, alert","Laizhou, Shandong Province, China",CN,"Large, powerful Molosser-type working dog from Shandong, China, with distinctive reddish-brown coat and black mask, developed for guarding and protection",Working,"Modern Chinese breed developed in the 1950s-1970s in the Laizhou region of Shandong province by crossing German Shepherds, Great Danes, Rottweilers, and local Chinese breeds to produce a versatile working and guard dog","{'id': 'zjh8jtzgtM', 'url': 'https://cdn4.thedogapi.com/optimized/zjh8jtzgtM.jpg', 'width': 1120, 'height': 960}",30.0,45.0,37.5,66.0,81.0,73.5,10.0,12.0,11.0
Lakeland Terrier,2,"confident, alert, courageous, intelligent, friendly, energetic","Lake District, England",GB,"A small, sturdy terrier from the Lake District of England with a dense, weather-resistant wiry coat and lively expression. Known for its confident 'big dog' demeanor in a compact body and bold, courageous temperament.",Terrier,Developed in the rugged Lake District by farmers to hunt foxes that preyed on lambs and sheep. Ancestry includes the old English Black and Tan Terrier and Bedlington Terrier. Recognized by The Kennel Club in 1921 and AKC in 1934.,"{'id': 'gZtRaSgnya', 'url': 'https://cdn4.thedogapi.com/optimized/gZtRaSgnya.jpg', 'width': 1120, 'height': 944}",6.0,8.0,7.0,33.0,38.0,35.5,12.0,15.0,13.5
Lancashire Heeler,2,"intelligent, alert, energetic, friendly, playful, courageous","Lancashire, England",GB,"Small, sturdy herding dog with short legs and a low-set build. Features a short black and tan weatherproof double coat and distinctive foxlike expression with alert nature.",Herding,"Developed in Lancashire, England as an all-purpose farm dog for herding cattle by nipping at heels and for ratting. Believed to be developed from crosses between Welsh Corgis and Manchester Terriers. Nearly extinct by the 1960s but saved through dedicated breeding programs. Recognized by The Kennel Club (UK) in 1981 and AKC in 2024.","{'id': '4yAqsHVUjE', 'url': 'https://cdn4.thedogapi.com/optimized/4yAqsHVUjE.jpg', 'width': 1264, 'height': 848}",4.0,8.0,6.0,25.0,30.0,27.5,12.0,15.0,13.5
Landseer,2,"gentle, calm, intelligent, loyal, devoted, protective",Germany/Switzerland,DE,"Large, powerful, and agile dog of the molossoid type, distinguished by its striking white coat with black patches. Known for exceptional swimming ability and gentle nature, the Landseer (European Continental Type) is taller and more athletic than its Newfoundland cousin, bred specifically for water rescue work.",Working,"Named after 19th-century painter Sir Edwin Landseer who frequently depicted these dogs in his work. Developed as a distinct breed in Germany and Switzerland from Newfoundland dogs to preserve the taller, more agile structure. Recognized as separate breed by FCI in 1960.","{'id': 'iqgu213n3B', 'url': 'https://cdn4.thedogapi.com/optimized/iqgu213n3B.jpg', 'width': 1200, 'height': 896}",45.0,68.0,56.5,66.0,80.0,73.0,8.0,11.0,9.5
Langqing,2,"loyal, intelligent, independent, athletic, energetic","Guizhou Province, China",CN,"A rare, athletic sighthound landrace from China, known for its lean build, fine coat, and exceptional hunting ability. Also known as the Guizhou Hound.",Hound,"An ancient and rare sighthound landrace originating from the Guizhou province of China. Traditionally used by the Miao people for hunting, its history is long but not formally documented by major kennel clubs. It is valued for its speed, stamina, and hunting prowess.","{'id': 'fnCiMtebkY', 'url': 'https://cdn4.thedogapi.com/optimized/fnCiMtebkY.jpg', 'width': 896, 'height': 1184}",,,,,,,10.0,14.0,12.0
Lapponian Herder,2,"alert, energetic, intelligent, loyal, work-focused, calm, friendly",Finland (Lapland region),FI,"Medium-sized, spitz-type herding dog with a strong but agile build, slightly longer than tall, developed for managing reindeer in arctic conditions with a dense double coat and alert expression",Herding,"Developed by the indigenous Sami people in Finland's Lapland region for herding and managing reindeer. The breed was formally standardized in the mid-20th century, bred from local spitz-type dogs and possibly German Shepherd crosses in the 1960s.","{'id': '9sLAxAzeQ2', 'url': 'https://cdn4.thedogapi.com/optimized/9sLAxAzeQ2.jpg', 'width': 1232, 'height': 864}",25.0,35.0,30.0,42.0,54.0,48.0,10.0,14.0,12.0
Large Münsterländer,2,"intelligent, loyal, energetic, eager to please, friendly","Münster, Germany",DE,"Versatile medium to large German pointing and retrieving dog with distinctive black and white coat and feathering, known for its noble appearance and athletic build",Sporting,"Originated in the Münster region of Germany in the early 1900s, developed from the black and white offspring of German Longhaired Pointers and continental pointers and spaniels. When the German Longhaired Pointer standard was set to only allow liver and white, dedicated breeders preserved and developed the black and white variety into today's versatile hunting dog.","{'id': 'eN73desofw', 'url': 'https://cdn4.thedogapi.com/optimized/eN73desofw.jpg', 'width': 1120, 'height': 944}",25.0,32.0,28.5,58.0,65.0,61.5,11.0,13.0,12.0
Leonberger,2,"gentle, calm, loyal, friendly, intelligent, confident","Leonberg, Germany",DE,"Giant, majestic working dog with a lion-like appearance, thick water-resistant double coat, and gentle, balanced temperament. This powerful yet serene breed combines an imposing presence with a calm, patient demeanor.",Working,"Developed in the 1840s by Heinrich Essig in Leonberg, Germany, crossing Newfoundlands, Saint Bernards, and Pyrenean Mountain Dogs to create a 'lion-like' dog resembling the lion on the town crest. Became popular companion for European royalty","{'id': 'EtmEHVP7o1', 'url': 'https://cdn4.thedogapi.com/optimized/EtmEHVP7o1.jpg', 'width': 1200, 'height': 896}",41.0,77.0,59.0,65.0,80.0,72.5,7.0,9.0,8.0
Levriero Sardo,2,"independent, alert, loyal, intelligent, reserved","Sardinia, Italy",IT,"Rare, ancient sighthound landrace from Sardinia, Italy, known for its lean, athletic build and speed. This slender breed has strong hunting instincts and a reserved, independent temperament, traditionally used for hunting hares and small game across rugged terrain.",Hound,"The Levriero Sardo, or Sardinian Greyhound, is an ancient landrace sighthound native to the island of Sardinia. Believed to have descended from sighthounds brought to the region by ancient civilizations such as the Phoenicians, it has been prized by local hunters for centuries for its speed and stamina. The breed is rare and not recognized by major international kennel clubs but is documented in regional breed registries and is the focus of preservation efforts by local enthusiasts.","{'id': '8a81he69iq', 'url': 'https://cdn4.thedogapi.com/optimized/8a81he69iq.jpg', 'width': 960, 'height': 1104}",16.0,25.0,20.5,53.0,64.0,58.5,12.0,15.0,13.5
Lhasa Apso,2,"confident, independent, alert, loyal, smart, protective",Tibet,CN,"Small, hardy, and sturdy ancient Tibetan breed known for its floor-length coat of hair that parts down the back and alert, confident expression, originally bred as palace and monastery sentinel",Non-Sporting,"Ancient breed developed in Tibetan monasteries and palaces over a thousand years ago as indoor sentinel dogs, alerting monks to intruders. Highly prized and rarely left the country until brought to England in 1920s","{'id': 'SJp7Qe5EX', 'url': 'https://cdn2.thedogapi.com/images/SJp7Qe5EX_1280.jpg', 'width': 680, 'height': 444}",5.0,8.2,6.6,23.0,28.0,25.5,12.0,15.0,13.5
Lhasapoo,2,"intelligent, affectionate, playful, alert, confident",United States,US,"Small designer crossbreed between Lhasa Apso and Poodle, combining the intelligence and low-shedding coat of the Poodle with the loyal, alert nature of the Lhasa Apso. Features a fluffy, wavy or curly coat and affectionate, friendly temperament.",Mixed,"Developed in the United States during the designer dog trend of the late 20th century by crossing the Lhasa Apso and Poodle. The goal was to create a small, intelligent companion dog with a low-shedding coat. Not recognized by major kennel clubs.","{'id': 'TKRz4dbkbH', 'url': 'https://cdn4.thedogapi.com/optimized/TKRz4dbkbH.jpg', 'width': 1408, 'height': 768}",4.5,9.0,6.75,23.0,33.0,28.0,12.0,15.0,13.5
Liangshan Dog,2,"loyal, courageous, independent, intelligent, protective, alert","Liangshan Yi Autonomous Prefecture, Sichuan Province, China",CN,"A primitive, large native Chinese breed from the mountainous Liangshan region of Sichuan, known for its lean athleticism, protective instincts, and versatility as both a hunting and livestock guardian dog with exceptional courage and endurance",Primitive,"An ancient regional landrace breed developed over centuries by the Yi people in the Liangshan mountains of Sichuan. Traditionally used both for hunting boar, rabbits, and mountain game, as well as protecting livestock from predators. Developed in isolation and recognized regionally in China but not by major international kennel clubs.","{'id': 'e4n7V6rqtL', 'url': 'https://cdn4.thedogapi.com/optimized/e4n7V6rqtL.jpg', 'width': 1408, 'height': 768}",25.0,40.0,32.5,56.0,71.0,63.5,10.0,14.0,12.0
Lithuanian Hound,2,"energetic, loyal, intelligent, courageous, alert, work-focused",Lithuania,LT,"Medium-sized, strong and tenacious scenthound with a short, glossy black and tan coat, developed for hunting in Lithuanian forests and known for endurance and strong hunting instincts",Hound,"The Lithuanian Hound has been known since the 16th century and is the only recognized dog breed indigenous to Lithuania. Nearly extinct after World War II, it was revived through dedicated breeding efforts starting in 1957 with the first official standard published in 1986. Developed by crossing local hunting dogs with Polish and Russian hounds for forest hunting.","{'id': 'rhUisMe2hp', 'url': 'https://cdn4.thedogapi.com/optimized/rhUisMe2hp.jpg', 'width': 1408, 'height': 768}",18.0,25.0,21.5,51.0,61.0,56.0,12.0,14.0,13.0
Lobito Herreño,2,"intelligent, loyal, energetic, alert, independent, protective","El Hierro, Canary Islands, Spain",ES,"A primitive, wolf-like medium-sized herding dog from the island of El Hierro, known for its agility, loyalty, and reserved nature. Also known as Pastor Herreño, this rustic breed was traditionally used for livestock management in volcanic terrain.",Herding,"A primitive landrace dog native to El Hierro island, descended from ancient dogs brought by pre-Hispanic settlers. Traditionally used for herding goats and sheep in volcanic terrain. Formally recognized by the Real Sociedad Canina de España (RSCE) in 2013 after recovery efforts saved it from near extinction.","{'id': 'SdxdZy6WhC', 'url': 'https://cdn4.thedogapi.com/optimized/SdxdZy6WhC.jpg', 'width': 1056, 'height': 1008}",18.0,22.0,20.0,47.0,54.0,50.5,12.0,15.0,13.5
Löwchen,2,"affectionate, outgoing, playful, intelligent, alert",France/Germany,FR,"Small companion dog known as the 'Little Lion Dog' with a long, flowing coat traditionally clipped into a distinctive lion trim featuring a plumed tail and mane. This bright, lively toy breed combines an affectionate nature with alert intelligence.",Non-Sporting,"Ancient breed with documented history in pre-Renaissance Europe, depicted in historical artworks for centuries and cherished by European nobility. Nearly extinct after WWII but saved through dedicated breeding efforts by Madame Bennert and other breeders. Once known as the rarest dog in the world before numbers recovered.","{'id': 'MRz5HSylED', 'url': 'https://cdn4.thedogapi.com/optimized/MRz5HSylED.jpg', 'width': 1168, 'height': 912}",4.0,8.0,6.0,30.0,36.0,33.0,,,
Lucas Terrier,2,"friendly, intelligent, alert, affectionate, adaptable",England,GB,"Small, sturdy working terrier with a dense, shaggy wiry coat, specifically bred for a friendly, non-quarrelsome temperament while maintaining robust health and working ability",Terrier,"Developed in the late 1940s by Sir Jocelyn Lucas crossing Norfolk Terriers and Sealyham Terriers to create a small, sturdy working terrier with a more companionable temperament and fewer health problems","{'id': 'jc0J82FZqW', 'url': 'https://cdn4.thedogapi.com/optimized/jc0J82FZqW.jpg', 'width': 1200, 'height': 896}",5.0,9.0,7.0,23.0,32.0,27.5,12.0,15.0,13.5
Lupo Italiano,2,"intelligent, loyal, alert, independent, work-focused",Italy,IT,"Medium to large Italian working dog developed from wolf-dog crosses, resembling a wolf in appearance with a sturdy, athletic build and erect ears. Known for its wolf-like features, endurance, and suitability for specialized work such as search and rescue.",Working,"Created in Italy in 1966 by Dr. Mario Messi through crossing a wild she-wolf from the Northern Apennines with German Shepherds. Developed under Italian government control for specialized utility roles including search and rescue, anti-poaching, and civil protection work.","{'id': 'gmzDQtEFjR', 'url': 'https://cdn4.thedogapi.com/optimized/gmzDQtEFjR.jpg', 'width': 1408, 'height': 768}",25.0,40.0,32.5,56.0,68.0,62.0,12.0,15.0,13.5
Lurcher,2,"intelligent, gentle, loyal, affectionate, athletic, independent",Great Britain and Ireland,GB,"Athletic, lean sighthound crossbreed combining speed, agility, and stamina, traditionally used for hunting and coursing. Known for versatility as a cross between sighthounds and pastoral or terrier breeds.",Mixed,"Traditional British and Irish crossbreed combining sighthounds (primarily Greyhounds) with terriers, pastoral, or herding breeds. Developed by traveling communities and poachers who needed fast, silent, and efficient hunting dogs for coursing and poaching.","{'id': 'creB1TPTKZ', 'url': 'https://cdn4.thedogapi.com/optimized/creB1TPTKZ.jpg', 'width': 1200, 'height': 896}",23.0,36.0,29.5,61.0,76.0,68.5,12.0,15.0,13.5
Mackenzie River Husky,2,"independent, hardy, work-focused, loyal, intelligent, alert","Mackenzie River Region, Northwest Territories, Canada",CA,"Large, powerful landrace of freighting sled dog developed in northern Canada, known for exceptional endurance, strength, and cold weather adaptation in sub-arctic regions",Working,Developed by indigenous peoples and fur traders in the Mackenzie River region as a functional landrace for freight hauling across vast northern territories. Created by crossing native sled dogs with large European breeds in the late 19th and early 20th centuries. Not recognized by major kennel clubs.,"{'id': 'esCgJUCo5D', 'url': 'https://cdn4.thedogapi.com/optimized/esCgJUCo5D.jpg', 'width': 1168, 'height': 912}",34.0,64.0,49.0,64.0,81.0,72.5,10.0,15.0,12.5
Magyar Agár,2,"loyal, calm, gentle, intelligent, athletic, independent",Hungary,HU,"Ancient Hungarian sighthound with elegant, robust build and short coat, bred for speed, stamina, and open-field coursing game across the Hungarian plains",Hound,"Ancient Hungarian sighthound whose origins trace back to the Magyar conquest of the Carpathian Basin, developed for coursing hare and deer with stamina over long distances and rugged terrain, nearly extinct after World War II but revived by dedicated breeders","{'id': 'oxYjbyiuEt', 'url': 'https://cdn4.thedogapi.com/optimized/oxYjbyiuEt.jpg', 'width': 1248, 'height': 848}",20.0,31.0,25.5,61.0,70.0,65.5,12.0,14.0,13.0
Mahratta Hound,2,"independent, loyal, intelligent, alert, athletic","Maharashtra, India",IN,"A rare, medium-sized sighthound from the Maharashtra region of India, known for its lean build, speed, stamina, and keen eyesight. Closely related to the Caravan Hound, this ancient breed is prized for its hunting prowess.",Hound,"An ancient sighthound breed originating from the Deccan Plateau in the state of Maharashtra, India. Traditionally used by local nobility and villagers for hunting hare, deer, and other small game. Maintained in rural communities as a rare landrace breed with no formal international breed standard.","{'id': 'oSY0Rc4R3g', 'url': 'https://cdn4.thedogapi.com/optimized/oSY0Rc4R3g.jpg', 'width': 1184, 'height': 896}",18.0,29.0,23.5,53.0,69.0,61.0,10.0,14.0,12.0
Majorca Shepherd Dog,2,"loyal, intelligent, protective, courageous, devoted","Majorca, Balearic Islands, Spain",ES,"Large, powerful, and noble black-coated shepherd dog with short coat, naturally adapted to Mediterranean climate. Known as Ca de Bestiar in its native land, this rustic livestock guardian and herder combines strength and agility with protective instincts.",Herding,"An ancient breed from the Balearic Islands, used for centuries as a shepherd and livestock guardian. Developed for herding and protecting livestock in Mediterranean conditions. Officially recognized with breed standard in 1980 as 'Ca de Bestiar'.","{'id': 'N5Y1E7MrFI', 'url': 'https://cdn4.thedogapi.com/optimized/N5Y1E7MrFI.jpg', 'width': 960, 'height': 1120}",30.0,40.0,35.0,60.0,73.0,66.5,11.0,13.0,12.0
Maltese,2,"playful, gentle, affectionate, charming, fearless, alert, adaptable","Malta, Mediterranean Basin",MT,"An ancient toy breed from the Mediterranean with a long, silky white coat and charming, playful personality combined with a fearless nature despite their diminutive size",Toy,"One of the world's oldest known breeds dating back over 2000 years, originating from the island of Malta. Historically known as 'Ye Ancient Dogge of Malta' and prized as companions to royalty and aristocracy throughout Mediterranean civilizations and European nobility","{'id': '6Kzt53hxrg', 'url': 'https://cdn4.thedogapi.com/optimized/6Kzt53hxrg.jpg', 'width': 1024, 'height': 1024}",1.8,3.2,2.5,18.0,23.0,20.5,12.0,15.0,13.5
Maltipoo,2,"affectionate, friendly, intelligent, playful, gentle",United States,US,"Small affectionate crossbreed between a Maltese and a Poodle, known for its soft, wavy or curly, low-shedding coat and playful companion nature",Mixed,"Popular designer crossbreed developed in the United States in the late 20th century, gaining popularity in the 1990s by crossing Maltese with Toy or Miniature Poodle to create a small, low-shedding companion dog","{'id': '4a7sNtOVLT', 'url': 'https://cdn4.thedogapi.com/optimized/4a7sNtOVLT.jpg', 'width': 1264, 'height': 848}",2.0,9.0,5.5,20.0,36.0,28.0,10.0,15.0,12.5
Maltshi,2,"affectionate, playful, friendly, gentle, outgoing, intelligent",United States,US,"Small designer crossbreed resulting from crossing a Maltese and Shih Tzu, known for their affectionate nature, low-shedding silky coat, and charming companion temperament",Mixed,"Modern designer crossbreed developed in the United States in the late 20th century by crossing the Maltese and Shih Tzu breeds. The goal was to create a small, affectionate companion dog with a low-shedding coat. Not recognized by major kennel clubs.","{'id': 'Xcd5972xkG', 'url': 'https://cdn4.thedogapi.com/optimized/Xcd5972xkG.jpg', 'width': 1408, 'height': 768}",2.7,6.8,4.75,20.0,28.0,24.0,10.0,16.0,13.0
Manchester Terrier,2,"alert, intelligent, loyal, energetic, spirited, independent","Manchester, England",GB,"Sleek, elegant terrier with distinctive black-and-tan coat and keen, alert expression. Known as the 'Gentleman's Terrier' in Victorian England, this racy, athletic breed exists in both Standard and Toy varieties with a clean-cut, spirited appearance.",Terrier,Developed in 19th-century Manchester by crossing Black and Tan Terriers with Whippets. Created as proficient rat-killer and rabbit-courser for working men of the industrial era. Recognized by AKC since 1886.,"{'id': '61HAAlrXzC', 'url': 'https://cdn4.thedogapi.com/optimized/61HAAlrXzC.jpg', 'width': 1104, 'height': 960}",5.0,10.0,7.5,38.0,41.0,39.5,,,
Maneto,2,"intelligent, energetic, alert, loyal, affectionate, devoted, independent","Andalusia, Spain",ES,"A small, short-legged (achondroplastic) sighthound from Andalusia, Spain, specifically developed from the Podenco Andaluz for hunting rabbits in dense undergrowth. Known for agility in hunting small game with a low-set build and smooth coat.",Spitz and Primitive Types,"The Maneto is a variety of the Podenco Andaluz, characterized by its short legs (achondroplasia). This ancient Spanish breed was selectively bred in the provinces of Málaga and Cádiz to create a dog adept at navigating dense scrub and brambles to hunt rabbits and partridges. It was officially recognized by the Real Sociedad Canina de España (RSCE) in 2004, with FCI provisional recognition.","{'id': 'eocHx2wDrd', 'url': 'https://cdn4.thedogapi.com/optimized/eocHx2wDrd.jpg', 'width': 1168, 'height': 912}",8.0,11.5,9.75,28.0,33.0,30.5,12.0,14.0,13.0
Maremma Sheepdog,2,"protective, independent, loyal, alert, calm",Italy (Maremma and Abruzzo regions),IT,"Large, well-balanced livestock guardian with thick white coat and confident demeanour. Also known as 'Maremmano-Abruzzese Sheepdog'",Working,"Ancient livestock guardian from central Italy, developed to protect sheep from predators in the regions of Maremma and Abruzzo. Recognized by FCI as Cane da Pastore Maremmano-Abruzzese.","{'id': 'ho6eDDtP2t', 'url': 'https://cdn4.thedogapi.com/optimized/ho6eDDtP2t.jpg', 'width': 1184, 'height': 896}",30.0,45.0,37.5,61.0,73.0,67.0,11.0,13.0,12.0
Markiesje,2,"friendly, intelligent, calm, alert, affectionate, energetic",Netherlands,NL,"Small, elegant black spaniel-type companion dog from the Netherlands, characterized by its silky, medium-length coat and intelligent, calm expression. This attentive and lively breed has a friendly temperament and appeared in Dutch paintings from the 17th and 18th centuries as a companion to noblewomen.",Companion,Ancient Dutch breed appearing in paintings from the 17th and 18th centuries as companion to noblewomen. Nearly extinct by 1970s but revived through dedicated breeding program starting in 1980s. Officially recognized by Dutch Kennel Club in 1999 and provisionally recognized by FCI.,"{'id': '8i1u7eq1KM', 'url': 'https://cdn4.thedogapi.com/optimized/8i1u7eq1KM.jpg', 'width': 1264, 'height': 848}",6.0,8.0,7.0,34.0,40.0,37.0,12.0,15.0,13.5
Mastidoodle,2,"gentle, intelligent, loyal, protective, calm",United States,US,Large crossbreed combining the gentle giant nature of the Mastiff with the intelligence and low-shedding coat of the Standard Poodle,Mixed,Modern designer crossbreed developed to combine the gentle temperament of Mastiffs with the intelligence and reduced shedding of Poodles,"{'id': 'TvQadPrtYh', 'url': 'https://cdn4.thedogapi.com/optimized/TvQadPrtYh.jpg', 'width': 1408, 'height': 768}",45.0,91.0,68.0,61.0,81.0,71.0,8.0,12.0,10.0
McNab,2,"intelligent, energetic, loyal, alert, work-focused","California, United States",US,"Medium-sized, agile herding dog with athletic build and exceptional working ability, known for intelligence, stamina, and versatility. Developed for ranch work in Northern California",Herding,"Developed in the late 1800s by Scottish immigrant Alexander McNab on his Mendocino County ranch, crossing Scottish Collies and local working collies with other herding dogs to create a versatile ranch dog suited to California terrain","{'id': '5S1dB0WPX1', 'url': 'https://cdn4.thedogapi.com/optimized/5S1dB0WPX1.jpg', 'width': 928, 'height': 1136}",14.0,29.0,21.5,41.0,64.0,52.5,,,
Miniature American Shepherd,2,"intelligent, energetic, devoted, loyal, eager to please, work-focused",United States,US,"Small, athletic herding dog with a striking double coat and keen intelligence, essentially a compact version of the Australian Shepherd with intense work drive and devotion",Herding,"Developed in California during the late 1960s from small Australian Shepherds, bred for compact size while maintaining herding ability. Became popular with equestrians traveling to horse shows and was recognized by the AKC Herding Group in 2015.","{'id': 'azYjQgJT4i', 'url': 'https://cdn4.thedogapi.com/optimized/azYjQgJT4i.jpg', 'width': 1264, 'height': 848}",9.0,18.0,13.5,33.0,46.0,39.5,12.0,13.0,12.5
Miniature Bull Terrier,2,"playful, energetic, courageous, loyal, mischievous, outgoing",England,GB,"Small, muscular terrier with distinctive egg-shaped head and spirited, mischievous personality. A strongly built breed known for its playful and comical nature.",Terrier,"Developed in 19th-century England as a smaller version of the Bull Terrier by selecting for smaller size while maintaining distinctive characteristics. Initially used for ratting and vermin control, evolved into companion dogs prized for courage and comical nature. Recognized by AKC in 1991.","{'id': 'G0wYTHus2i', 'url': 'https://cdn4.thedogapi.com/optimized/G0wYTHus2i.jpg', 'width': 1152, 'height': 928}",8.0,13.0,10.5,25.0,36.0,30.5,11.0,13.0,12.0
Miniature Dachshund,2,"clever, playful, courageous, loyal, independent, alert",Germany,DE,"A small, elongated scent hound breed originating from Germany. Originally bred to flush out rabbits and small quarry from burrows, the Miniature Dachshund is clever, playful, and courageous, known for its distinct long-backed and short-legged silhouette.",Hound,Developed in Germany during the 18th and 19th centuries by breeding standard Dachshunds down to a smaller size to pursue smaller quarry like rabbits. Recognized as a distinct size variety by kennel clubs worldwide.,"{'id': 'Xa95YxgKA8', 'url': 'https://cdn4.thedogapi.com/optimized/Xa95YxgKA8.jpg', 'width': 1408, 'height': 768}",5.0,5.0,5.0,13.0,15.0,14.0,12.0,16.0,14.0
Miniature Fox Terrier,2,"alert, energetic, intelligent, confident, loyal",Australia,AU,"Small, agile, and smooth-coated terrier known for its spirited, alert nature and compact build. Developed in Australia as a versatile vermin hunter and lively companion with an intelligent, courageous temperament.",Terrier,"Developed in Australia during the late 19th and early 20th centuries from crosses of English Fox Terriers and other small terriers brought by settlers, refined as a versatile vermin hunter and spirited companion for farm work","{'id': '2DPajjCe4f', 'url': 'https://cdn4.thedogapi.com/optimized/2DPajjCe4f.jpg', 'width': 1200, 'height': 896}",3.0,5.5,4.25,24.0,31.0,27.5,12.0,18.0,15.0
Miniature Pinscher,2,"energetic, alert, confident, intelligent, courageous, fearless",Germany,DE,"Small, compact, and elegant toy breed with a distinctive high-stepping 'hackney' gait and spirited personality. Despite resembling a miniature Doberman, this is an older, distinct German breed with a proud carriage and 'big dog' attitude in a small package.",Toy,"An old German breed (Zwergpinscher) developed centuries ago to hunt rats in homes and stables. Not a miniaturized Doberman Pinscher, but a distinct older breed likely descended from German Pinschers with contributions from Italian Greyhounds and Dachshunds.","{'id': 'Hy3H7g94X', 'url': 'https://cdn2.thedogapi.com/images/Hy3H7g94X_1280.jpg', 'width': 1500, 'height': 1125}",3.5,4.5,4.0,25.0,32.0,28.5,12.0,16.0,14.0
Miniature Schnauzer,2,"friendly, intelligent, alert, outgoing, energetic",Germany,DE,"Small, sturdy terrier-type dog with distinctive wiry coat, bushy eyebrows, and characteristic beard, known for its alert, friendly nature and square build",Terrier,Developed in late 19th century Germany by crossing Standard Schnauzers with smaller breeds like Affenpinschers and Poodles to create an all-purpose farm dog and efficient ratter for vermin control and companionship,"{'id': '28pSRwqLJd', 'url': 'https://cdn4.thedogapi.com/optimized/28pSRwqLJd.jpg', 'width': 1200, 'height': 896}",5.0,9.0,7.0,28.0,36.0,32.0,12.0,15.0,13.5
Mojee,2,"affectionate, playful, intelligent, gentle",unknown,unknown,"Small companion crossbreed with uncertain parentage, possibly involving Japanese Chin crossed with either Maltese or Poodle. Not recognized by major kennel clubs, this modern designer breed typically displays a cheerful and affectionate temperament.",Mixed,"Modern designer crossbreed developed in the early 21st century, though exact parentage and origins are uncertain. Not recognized by major authoritative kennel clubs.","{'id': 'TQ7O1QbuHV', 'url': 'https://cdn4.thedogapi.com/optimized/TQ7O1QbuHV.jpg', 'width': 1408, 'height': 768}",3.0,5.0,4.0,20.0,28.0,24.0,12.0,15.0,13.5
Molossus of Epirus,2,"protective, loyal, independent, calm, courageous, confident","Epirus, Greece",GR,"Large, powerful, and imposing livestock guardian dog from the Epirus region of Greece, descended from ancient Molossian dogs. Characterized by its robust build, dense double coat, and calm yet protective demeanor with strong guardian instincts.",Working,"Ancient livestock guardian breed from the mountainous Epirus region of Greece, descended from the Molossian dogs of antiquity and developed over centuries to guard livestock from predators like wolves and bears. Officially recognized by the Kennel Club of Greece in 2006.","{'id': 'PnX0Ak9Bqb', 'url': 'https://cdn4.thedogapi.com/optimized/PnX0Ak9Bqb.jpg', 'width': 1056, 'height': 1008}",40.0,68.0,54.0,64.0,75.0,69.5,10.0,12.0,11.0
Mongrel,2,,Worldwide,unknown,"Mixed breed dog of unknown or varied ancestry, combining traits from multiple breeds. Physical characteristics, temperament, and health are highly variable and unpredictable, though often display hybrid vigor.",Mixed,"Mixed breed dogs resulting from generations of natural or unintentional breeding between dogs of various ancestries. They have existed as long as domesticated dogs, predating modern purebred concepts, and are found worldwide though not recognized by kennel clubs.","{'id': 'rVXU1yHOSW', 'url': 'https://cdn4.thedogapi.com/optimized/rVXU1yHOSW.jpg', 'width': 880, 'height': 1200}",,,,,,,10.0,16.0,13.0
Montenegrin Mountain Hound,2,"alert, loyal, energetic, docile, intelligent, devoted",Montenegro,ME,"Medium-sized, agile scenthound from the Balkans with a distinctive black and tan coat and robust build. Known for its docility, dedication to hunting, and keen tracking ability in mountainous terrain.",Hound,"Ancient breed native to Montenegro's mountainous regions, developed for hunting hare, fox, and other small game. Formerly known as the 'black hound', it shares origins with other Balkan scenthounds and was recognized by the FCI with breed standard established in 1924. Prized by local hunters for stamina and strong sense of smell.","{'id': 'pAYdZJxA3J', 'url': 'https://cdn4.thedogapi.com/optimized/pAYdZJxA3J.jpg', 'width': 1040, 'height': 1024}",18.0,25.0,21.5,43.0,56.0,49.5,11.0,14.0,12.5
Morkie,2,"affectionate, playful, alert, energetic, intelligent",United States,US,"Small mixed breed companion dog combining the gentle nature of the Maltese with the spirited personality of the Yorkshire Terrier. Known for its long, silky, low-shedding coat and toy-sized stature.",Mixed,"Modern designer crossbreed that became popular in the late 1990s and early 2000s in North America. Developed by crossing purebred Maltese with Yorkshire Terrier to create a small, low-shedding companion dog. Not recognized by major kennel clubs but popular with designer breed enthusiasts.","{'id': 'eurhA5qneZ', 'url': 'https://cdn4.thedogapi.com/optimized/eurhA5qneZ.jpg', 'width': 1408, 'height': 768}",1.8,4.0,2.9,15.0,23.0,19.0,10.0,15.0,12.5
Moscow Watchdog,2,"protective, confident, loyal, alert, intelligent, independent",Russia,RU,"Large, powerfully built guardian breed developed in Soviet Russia with a pronounced guarding instinct, combining Saint Bernard and Caucasian Shepherd traits. Known for its balanced temperament, self-confidence, and devotion to family while maintaining strong protective instincts.",Working,"Developed in the 1950s at Soviet 'Red Star' military kennels in Moscow post-WWII by crossing Saint Bernard, Caucasian Shepherd Dog, and Russian Spotted Hound. Goal was to create ideal military guard dog adapted to harsh Russian climate.","{'id': 'LCIHIJJa7t', 'url': 'https://cdn4.thedogapi.com/optimized/LCIHIJJa7t.jpg', 'width': 1200, 'height': 896}",45.0,68.0,56.5,64.0,71.0,67.5,9.0,11.0,10.0
Mountain Cur,2,"courageous, intelligent, loyal, energetic, protective",Southern United States (Appalachian and Ozark Mountains),US,"Medium-sized rugged treeing hound and farm dog with strong, muscular build, bred as a pioneer's all-purpose hunting companion known for courage, athleticism, and excellent treeing abilities in mountainous terrain",Foundation Stock Service,"Developed by early settlers in the rugged Southern Mountains from European cur-type dogs, serving as invaluable all-purpose pioneer dogs for treeing game, farm work, and homestead protection. Formal breed registry established in 1956","{'id': 'MUWN5csaIu', 'url': 'https://cdn4.thedogapi.com/optimized/MUWN5csaIu.jpg', 'width': 1408, 'height': 768}",14.0,27.0,20.5,41.0,66.0,53.5,12.0,16.0,14.0
Mountain Feist,2,"energetic, alert, intelligent, courageous, loyal",Southern United States (Appalachian and Ozark Mountains),US,"Small to medium-sized hunting dog with compact, muscular build and short coat, developed in the southern United States for treeing small game. Known for exceptional agility, alertness, and tenacious hunting ability.",Hound,"Developed by pioneers and settlers in the rural mountainous regions of the southern United States for hunting small game. Descended from various terriers and hunting dogs brought by European immigrants, bred for tenacity, intelligence, and treeing ability.","{'id': '3Lz3zuDyO2', 'url': 'https://cdn4.thedogapi.com/optimized/3Lz3zuDyO2.jpg', 'width': 1120, 'height': 960}",5.0,14.0,9.5,30.0,46.0,38.0,10.0,15.0,12.5
Mudhol Hound,2,"loyal, independent, intelligent, alert, courageous","Mudhol, Karnataka, India",IN,"Ancient, elegant Indian sighthound with lean, athletic build and narrow head, known for remarkable speed, stamina, and loyalty. Also known as the Caravan Hound.",Hound,"Ancient Indian sighthound developed by rulers of Mudhol State for hunting in Deccan plateau region. Also known as Caravan Hound, prized for hunting prowess and guarding abilities. Recognized by Kennel Club of India and provisionally by FCI, recently inducted into Indian Army.","{'id': 'CKWwXe5CHG', 'url': 'https://cdn4.thedogapi.com/optimized/CKWwXe5CHG.jpg', 'width': 1408, 'height': 768}",18.0,28.0,23.0,61.0,72.0,66.5,10.0,15.0,12.5
Mudi,2,"energetic, intelligent, alert, loyal, adaptable, work-focused",Hungary,HU,"Medium-sized, versatile Hungarian herding dog with a wavy to curly coat, known for its intelligence, agility, and energetic nature. This all-purpose farm dog excels in various dog sports and herding activities.",Herding,"Developed in Hungary during the 19th and early 20th centuries as a versatile all-purpose herding and farm dog, likely from spontaneous crosses of Puli, Pumi, and German Spitz-type dogs. Nearly extinct after WWII but preserved by dedicated breeders. Officially recognized by FCI and AKC.","{'id': 'DDSgwisd93', 'url': 'https://cdn4.thedogapi.com/optimized/DDSgwisd93.jpg', 'width': 1184, 'height': 912}",8.0,13.0,10.5,38.0,47.0,42.5,12.0,14.0,13.0
Neapolitan Mastiff,2,"protective, loyal, calm, confident, affectionate",Italy,IT,"Massive and powerful ancient guardian breed with distinctive heavily wrinkled face, loose skin, and imposing presence. Despite its formidable appearance, it is a steady and loyal companion with protective instincts.",Working,"Ancient Italian guardian descended from Roman molossus war dogs. The modern breed was refined in the Naples region where it served as estate and farm guardian, and was revitalized in the mid-20th century as a distinct breed.","{'id': 'RrDwFh7kUI', 'url': 'https://cdn4.thedogapi.com/optimized/RrDwFh7kUI.jpg', 'width': 848, 'height': 1264}",50.0,91.0,70.5,61.0,79.0,70.0,7.0,9.0,8.0
Nenets Herding Laika,2,"intelligent, energetic, work-focused, independent, alert, loyal, hardy","Yamal Peninsula, Siberia, Russia",RU,"Medium-sized spitz-type herding dog from the Siberian Arctic with erect ears, thick weather-resistant double coat, and agile build. Developed by the indigenous Nenets people to manage reindeer herds in harsh tundra conditions, possessing enduring stamina and an independent, work-focused nature.",Herding,"An ancient landrace breed developed by the indigenous Nenets people of the Yamal Peninsula in Siberia. For centuries, it has been an essential partner for herding, guarding, and transporting reindeer in harsh Arctic conditions. The breed is an ancestor to the modern Samoyed and was fundamental in the development of several modern northern breeds.","{'id': 'J4kBQEWNXp', 'url': 'https://cdn4.thedogapi.com/optimized/J4kBQEWNXp.jpg', 'width': 1200, 'height': 896}",16.0,25.0,20.5,41.0,52.0,46.5,12.0,14.0,13.0
Newfoundland,2,"gentle, loyal, devoted, calm, intelligent","Newfoundland, Canada",CA,"Massive, powerful working dog known for exceptional water rescue abilities and gentle temperament. Often called the 'gentle giant,' this breed features a thick, water-resistant double coat, webbed feet, and natural swimming ability.",Working,"Developed by fishermen on the island of Newfoundland for water rescue, hauling nets, and cart pulling. Descended from indigenous water dogs and European breeds brought by fishermen, recognized by major kennel clubs in the 19th century.","{'id': 'Sk4DXl54m', 'url': 'https://cdn2.thedogapi.com/images/Sk4DXl54m_1280.jpg', 'width': 1174, 'height': 986}",45.0,68.0,56.5,66.0,76.0,71.0,9.0,10.0,9.5
Newfypoo,2,"gentle, intelligent, loyal, friendly, affectionate, calm",United States,US,"Large mixed breed cross between Newfoundland and Standard Poodle, combining the gentle, patient nature of the Newfoundland with Poodle intelligence and typically low-shedding coat qualities",Mixed,"Modern designer crossbreed developed over the past few decades in North America by crossing the giant Newfoundland with the intelligent Standard Poodle, aiming to combine the loving, gentle temperament and water rescue abilities of the Newfoundland with the low-shedding coat and high trainability of the Poodle","{'id': 'mkJRrPLdXB', 'url': 'https://cdn4.thedogapi.com/optimized/mkJRrPLdXB.jpg', 'width': 1408, 'height': 768}",29.0,68.0,48.5,56.0,71.0,63.5,8.0,12.0,10.0
New Guinea Singing Dog,2,"independent, alert, intelligent, energetic, cautious",New Guinea,PG,"Primitive medium-small wild dog known for distinctive howling vocalizations, fox-like appearance, and exceptional agility. Closely related to the dingo, this rare breed retains wild characteristics and is considered semi-domesticated.",Primitive,"Ancient primitive breed native to New Guinea highlands and forests, believed to be one of the oldest dog breeds with limited human domestication. Very rare and considered wild or semi-domesticated, not recognized by major kennel clubs but noted for distinctive melodious vocalizations.","{'id': 'SURAUVGUb9', 'url': 'https://cdn4.thedogapi.com/optimized/SURAUVGUb9.jpg', 'width': 1136, 'height': 928}",8.0,14.0,11.0,33.0,46.0,39.5,,,
New Zealand Heading Dog,2,"intelligent, energetic, work-focused, loyal, alert",New Zealand,NZ,"Medium-sized, agile working dog renowned for its intelligence and strong herding instinct, specifically developed for controlling sheep with keen eyes, quick movement, and exceptional responsiveness in New Zealand's rugged terrain",Herding,"Developed in New Zealand during the late 19th and early 20th centuries from imported Border Collies and other British herding breeds, selectively bred for 'heading' ability using strong eye and silent, agile movements to cast out and bring sheep towards the shepherd","{'id': 'Y7K0QBM4UB', 'url': 'https://cdn4.thedogapi.com/optimized/Y7K0QBM4UB.jpg', 'width': 1024, 'height': 1024}",14.0,25.0,19.5,43.0,56.0,49.5,12.0,16.0,14.0
Norfolk Terrier,2,"alert, courageous, affectionate, energetic, playful","Norfolk, England",GB,"Small, sturdy, and fearless terrier with a wiry, weather-resistant coat and characteristic drop ears. Known for its spirited, affectionate nature and bred for ratting and companionship.",Terrier,"Developed in Norfolk and East Anglia, England in the 1880s-early 20th century as farm dogs to control vermin and hunt foxes. Originally classified as the drop-eared variety of the Norwich Terrier, separated as distinct breed in 1964 by The Kennel Club (UK) and 1979 by the AKC based on ear carriage.","{'id': 'B1ADQg94X', 'url': 'https://cdn2.thedogapi.com/images/B1ADQg94X_1280.jpg', 'width': 1468, 'height': 1092}",5.0,5.5,5.25,23.0,25.0,24.0,12.0,16.0,14.0
Norrbottenspets,2,"alert, energetic, intelligent, courageous, confident, independent","Norrbotten, Sweden",SE,"Small, compact spitz-type hunting dog from northern Sweden with erect ears, curled tail, and white coat with colored patches. Known for its alert, agile, and fearless nature with a well-muscled body built for athleticism.",Hound,Ancient spitz breed from northern Sweden developed as versatile farm and hunting dog for small game from grouse to moose. Nearly extinct after WWII but revived by dedicated breeders and enthusiasts in the 1960s.,"{'id': 'T4bRANE8Fb', 'url': 'https://cdn4.thedogapi.com/optimized/T4bRANE8Fb.jpg', 'width': 1120, 'height': 960}",8.0,14.0,11.0,40.0,46.0,43.0,12.0,16.0,14.0
Northern Inuit Dog,2,"friendly, intelligent, loyal, independent, gentle, alert",United Kingdom,GB,"Large, athletic, wolf-like dog developed in the UK to resemble wolves while maintaining a domestic temperament suitable for companionship. Known for intelligence and loyalty but also independent nature.",Mixed,"Developed in the UK from the late 1980s by Eddie Harrison (Edwina Harrison) crossing German Shepherds, Siberian Huskies, Alaskan Malamutes, and selected Inuit-type dogs to create a companion dog with wolf-like appearance. Not recognized by major international kennel clubs but governed by the Northern Inuit Society.","{'id': 'G85y9mmWDz', 'url': 'https://cdn4.thedogapi.com/optimized/G85y9mmWDz.jpg', 'width': 1264, 'height': 848}",25.0,50.0,37.5,58.0,76.0,67.0,12.0,15.0,13.5
Norwegian Buhund,2,"intelligent, energetic, friendly, confident, alert, loyal, playful",Norway,NO,"An ancient Nordic spitz-type herding dog with a compact, square build, dense double coat, curled tail, and alert expression. Known for their cheerful disposition and intelligence, this energetic breed combines sturdy construction with an agile, confident demeanor.",Herding,"An ancient Nordic spitz-type breed from Norway with roots tracing back to the Viking age, where their skeletons have been found in Viking graves. They served as versatile farm dogs, primarily for herding sheep and cattle, and as loyal watchdogs and companions.","{'id': 'JAsKm2ZSyr', 'url': 'https://cdn4.thedogapi.com/optimized/JAsKm2ZSyr.jpg', 'width': 1024, 'height': 1024}",12.0,18.0,15.0,41.0,47.0,44.0,12.0,15.0,13.5
Norwegian Elkhound,2,"friendly, confident, energetic, loyal, independent",Norway,NO,"Medium-sized spitz-type hunting dog with thick double coat and curled tail, bred for hunting elk and moose. Bold and energetic, this hardy gray hunting dog is known for its versatility, courage, and stamina in tracking large game.",Hound,"Ancient Nordic spitz-type breed dating back 6000 years, companion of Vikings used for hunting elk bear and moose in Scandinavian forests. Officially recognized by AKC in 1913.","{'id': 'pMv275bBLr', 'url': 'https://storage.googleapis.com/dog-api-uploads-prod/originals/662ee232-8979-4e7d-a459-9b6daac9b9ed.jpeg', 'width': 1408, 'height': 768}",20.0,27.0,23.5,48.0,53.0,50.5,12.0,15.0,13.5
Norwegian Lundehund,2,"alert, energetic, loyal, intelligent",Norway,NO,"A small, agile spitz-type breed from Norway with unique anatomical features including six functional toes per foot and extraordinary flexibility, specifically adapted for hunting puffins on steep, rocky cliffs",Non-Sporting,"An ancient Norwegian spitz breed from the remote Lofoten Islands, developed specifically for hunting puffins on steep, rocky cliffs. Its unique anatomical traits allowed it to navigate treacherous terrain and access bird nests. Nearly extinct after World War II but saved through dedicated breeding programs and now recognized by the AKC and FCI.","{'id': 'zo1sXtZ06E', 'url': 'https://cdn4.thedogapi.com/optimized/zo1sXtZ06E.jpg', 'width': 1200, 'height': 880}",9.0,14.0,11.5,30.0,38.0,34.0,12.0,15.0,13.5
Norwich Terrier,2,"alert, energetic, affectionate, courageous, outgoing","East Anglia, England",GB,"Small, sturdy, and compact terrier with distinctive prick ears, wiry double coat, and lively disposition. Known for its hardy constitution and fearless but affectionate nature.",Terrier,"Developed in East Anglia, England in the 1880s as a rugged earth-dog for ratting and fox bolting. Originally grouped with Norfolk Terrier until official separation in 1964 based on ear carriage (Norwich has prick ears). Recognized by AKC in 1979.","{'id': 'D9NaMDkqnJ', 'url': 'https://cdn4.thedogapi.com/optimized/D9NaMDkqnJ.jpg', 'width': 944, 'height': 1120}",5.0,5.5,5.25,23.0,25.0,24.0,12.0,15.0,13.5
Nova Scotia Duck Tolling Retriever,2,"intelligent, energetic, playful, outgoing, alert, affectionate","Nova Scotia, Canada",CA,"The smallest of the retrievers, this medium-sized, athletic sporting dog is known for its distinctive reddish coat with white markings and enthusiastic personality. Originally bred for luring and retrieving waterfowl by playing along the shoreline.",Sporting,"Developed in early 19th century Nova Scotia, specifically in the Little River Harbour area of Yarmouth County, to 'toll' (lure) ducks within gunshot range by playing along the shoreline, then retrieve shot birds. Recognized by AKC in 2003.","{'id': 'hCcdtR8rVg', 'url': 'https://cdn4.thedogapi.com/optimized/hCcdtR8rVg.jpg', 'width': 1152, 'height': 928}",16.0,23.0,19.5,43.0,53.0,48.0,12.0,14.0,13.0
Nureongi,2,"intelligent, alert, loyal, independent",Korea,KR,"Medium-sized Korean landrace dog with characteristic yellowish coat, not a formally standardized breed but a distinct genetic group with spitz-type features including erect ears and curled tail",Landrace,"Traditional Korean landrace dog meaning 'yellow one' with long presence in rural Korea. Historically served as multipurpose farm dog, livestock guardian, and watchdog. Not formally recognized by major kennel clubs but confirmed as distinct landrace group through genetic studies. Currently facing conservation efforts","{'id': 'biZlM5ccPp', 'url': 'https://cdn4.thedogapi.com/optimized/biZlM5ccPp.jpg', 'width': 1248, 'height': 848}",16.0,25.0,20.5,43.0,56.0,49.5,12.0,15.0,13.5
Old Danish Pointer,2,"calm, gentle, intelligent, loyal, confident, courageous",Denmark,DK,"Medium to large, strongly-built pointer of noble appearance with distinctive white coat and brown markings, bred for endurance hunting in Danish terrain and known for its calm, stable temperament",Sporting,"Ancient Danish hunting breed also known as Gammel Dansk Hønsehund, dating back to around 1710. Developed by crossing local Danish farm dogs with Spanish Pointers and scenthounds to create a versatile, steady gundog with endurance for varied terrain. Nearly extinct after WWII but preserved by dedicated breeders.","{'id': 'e3sVpQhzyK', 'url': 'https://cdn4.thedogapi.com/optimized/e3sVpQhzyK.jpg', 'width': 1040, 'height': 1024}",26.0,36.0,31.0,54.0,62.0,58.0,12.0,14.0,13.0
Olde English Bulldogge,2,"confident, courageous, alert, friendly, loyal",United States,US,"Athletic and muscular, medium-sized bulldog breed developed to recreate the healthier, more athletic Regency-era English Bulldog with improved health, stable temperament, and well-balanced features without exaggeration",Foundation Stock Service,"Developed in the 1970s by David Leavitt to recreate the healthier, more athletic bulldog of the 18th and 19th centuries (Regency Period) using crosses of English Bulldog, American Bulldog, American Pit Bull Terrier, and Bullmastiff. Recognized by UKC but not AKC","{'id': 'NUF657Zjvh', 'url': 'https://cdn4.thedogapi.com/optimized/NUF657Zjvh.jpg', 'width': 1056, 'height': 1008}",23.0,36.0,29.5,41.0,51.0,46.0,9.0,14.0,11.5
Old English Sheepdog,2,"intelligent, gentle, playful, adaptable, affectionate",England,GB,"Large, athletic herding dog of great strength with distinctive profuse, shaggy double coat in gray and white, famous for its peek-a-boo hairdo and characteristic bear-like gait",Herding,Developed in western England in the late 18th century likely from breeds like Bearded Collie and Russian Owtchar. Bred as drovers' dogs to drive cattle and sheep to market. Tails were historically docked to identify them as working dogs exempting them from taxes. Recognized by AKC in 1888,"{'id': 'HkZ57lq4m', 'url': 'https://cdn2.thedogapi.com/images/HkZ57lq4m_1280.jpg', 'width': 1334, 'height': 889}",27.0,45.0,36.0,53.0,61.0,57.0,10.0,12.0,11.0
Otterhound,2,"friendly, gentle, independent, energetic, amiable",England,GB,"Large, shaggy-coated scent hound with webbed feet and waterproof double coat, bred for hunting otters in medieval England. Known for its boisterous and amiable temperament, keen nose, and distinctive love of water.",Hound,"Developed in medieval England for otter hunting, perfected for water work with webbed feet, oily double coat, and powerful scenting ability. Nearly extinct when otter hunting was banned in 1978, now among the rarest British breeds.","{'id': 'xngQFS0mai', 'url': 'https://cdn4.thedogapi.com/optimized/xngQFS0mai.jpg', 'width': 1264, 'height': 832}",34.0,54.0,44.0,58.0,74.0,66.0,10.0,13.0,11.5
Pachón Navarro,2,"intelligent, loyal, calm, work-focused, docile, alert, affectionate","Navarre, Spain",ES,"Medium to large-sized, robust Spanish pointing dog with distinctive split or 'double' nose, renowned for its hunting abilities as a versatile and athletic worker. This resilient and tireless breed is a prized hunting companion with excellent scenting ability.",Sporting,"Ancient Spanish pointing dog with origins tracing back to the Middle Ages in the Navarre region. Famed for its scenting ability and distinctive double nose, it was a prized hunting companion for centuries. The breed faced near extinction in the 20th century but was revived through dedicated conservation efforts and breeding programs. Recognized by the Real Sociedad Canina de España and provisionally by the FCI.","{'id': 'B7dMuIShw3', 'url': 'https://cdn4.thedogapi.com/optimized/B7dMuIShw3.jpg', 'width': 1408, 'height': 768}",20.0,33.0,26.5,52.0,64.0,58.0,12.0,14.0,13.0
Pampas Deerhound,2,"loyal, intelligent, energetic, courageous, devoted","Argentina, Uruguay, Brazil (Pampas region)",AR,"Large athletic sighthound developed for hunting deer in the South American grasslands. Also known as Veadeiro Pampeano, this slender but strong scenthound is known for its keen hunting ability, endurance, and resistance.",Hound,Developed in South America from Iberian hounds and adapted over centuries for hunting pampas deer and large game in the harsh Pampas grasslands. Shares lineage with European sighthounds and recognized by FCI as Galgo Barbucho. The breed was nearly extinct but has been revived through dedicated breeder efforts.,"{'id': 'P3k9HghTKg', 'url': 'https://cdn4.thedogapi.com/optimized/P3k9HghTKg.jpg', 'width': 1200, 'height': 896}",27.0,41.0,34.0,61.0,76.0,68.5,12.0,14.0,13.0
Papillon,2,"friendly, intelligent, alert, energetic, happy",France and Belgium,FR,"Small, fine-boned, and elegant toy spaniel with distinctive butterfly-like ears (papillon is French for 'butterfly') and silky flowing coat, known for their alert, friendly, and energetic nature",Toy,"Descended from continental toy spaniels that were popular in European courts for centuries, appearing in paintings by masters like Titian, Goya, and Rubens. The breed was refined in France and Belgium, with the original drop-eared variety (Phalène) later joined by the erect-eared 'butterfly' version (Papillon)","{'id': '0qgmSrCbvZ', 'url': 'https://cdn4.thedogapi.com/optimized/0qgmSrCbvZ.jpg', 'width': 896, 'height': 1200}",2.0,4.5,3.25,20.0,28.0,24.0,,,
Papipoo,2,"intelligent, alert, playful, affectionate, friendly",United States,US,"Small designer crossbreed combining the Papillon's distinctive butterfly ears and alertness with the Toy Poodle's intelligence and low-shedding qualities, featuring a coat that ranges from straight and silky to wavy or curly",Mixed,"Modern designer crossbreed developed in recent decades by intentionally crossing Papillon and Toy Poodle to create a small, intelligent companion dog with a low-shedding, potentially hypoallergenic coat. Not recognized by major kennel clubs but seen in designer breed registries.","{'id': 'NETQAEnRs5', 'url': 'https://cdn4.thedogapi.com/optimized/NETQAEnRs5.jpg', 'width': 1408, 'height': 768}",2.0,6.0,4.0,20.0,28.0,24.0,12.0,16.0,14.0
Parson Russell Terrier,2,"alert, confident, energetic, intelligent, athletic, courageous",England,GB,"Athletic, energetic white terrier with a square build and weather-resistant coat, bred for fox hunting with exceptional stamina and endurance. Known for their bold yet friendly nature and ready-for-anything attitude.",Terrier,"Developed in the mid-1800s by Reverend John 'The Sporting Parson' Russell in southern England. Created to be an ideal earth-working terrier that could keep up with foxhounds and bolt, but not kill, fox during hunts. Standardized and recognized by the AKC in 1997 as distinct from the Jack Russell Terrier.","{'id': 'OnOywWfsh1', 'url': 'https://cdn4.thedogapi.com/optimized/OnOywWfsh1.jpg', 'width': 1200, 'height': 896}",6.0,8.0,7.0,33.0,38.0,35.5,12.0,16.0,14.0
Pastore della Lessinia e del Lagorai,2,"intelligent, energetic, loyal, alert, work-focused","Lessinia and Lagorai regions, Triveneto, Northern Italy",IT,"A medium-sized, rustic sheepdog with a wolfish appearance and agile build, characterized by its endurance and semi-long, often merle coat. Developed for herding livestock in the mountainous regions of Northeast Italy.",Herding,"An ancient sheepdog breed from northeastern Italy, used for centuries by shepherds in the Lessinia and Lagorai mountain regions for herding and transhumance. Nearly extinct, the breed was formally recognized through recovery efforts starting in the 1990s, with FCI granting provisional recognition in 2018.","{'id': 'ZDhVv8zMJi', 'url': 'https://cdn4.thedogapi.com/optimized/ZDhVv8zMJi.jpg', 'width': 832, 'height': 1264}",19.0,33.0,26.0,46.0,58.0,52.0,12.0,15.0,13.5
Pastor Garafiano,2,"docile, intelligent, loyal, alert, work-focused","La Palma, Canary Islands, Spain",ES,"A medium to large, lupoid-type herding dog from the Canary Islands with a robust build, long abundant double coat, and strong working instincts. Known for its docile character and suitability as both a herding dog and family companion.",Herding,"An autochthonous breed from La Palma island in the Canary Islands, developed from pre-Hispanic dogs and used traditionally for herding goats and sheep in mountainous terrain. Officially recognized by the Real Sociedad Canina de España and provisionally by the FCI (Standard No. 321)","{'id': 'lGQ2EbMwZQ', 'url': 'https://cdn4.thedogapi.com/optimized/lGQ2EbMwZQ.jpg', 'width': 912, 'height': 1152}",22.0,35.0,28.5,53.0,64.0,58.5,12.0,14.0,13.0
Patagonian Sheepdog,2,"intelligent, loyal, work-focused, protective, energetic, independent",Patagonia (Chile/Argentina),CL,"A medium-to-large, hardy herding dog developed in the harsh climate of Patagonia, known for its dense, weather-resistant double coat, strong work ethic, and unwavering loyalty to its handlers",Herding,"Developed in the late 19th and early 20th centuries from various European sheepdogs brought by settlers to the Patagonian regions of Chile and Argentina. Through natural selection in the harsh environment, it evolved into a distinct landrace uniquely suited for herding sheep in the region's challenging climate. Not recognized by major kennel clubs but established in Patagonian ranching communities","{'id': 'uHqxcSzA2Q', 'url': 'https://cdn4.thedogapi.com/optimized/uHqxcSzA2Q.jpg', 'width': 1152, 'height': 928}",21.0,30.0,25.5,48.0,58.0,53.0,12.0,15.0,13.5
Patterdale Terrier,2,"energetic, courageous, confident, independent, alert, work-focused",England (Lake District),GB,"Small, compact, and tough working terrier developed in the Lake District of England for hunting and dispatching vermin. Known for its strong build, endurance, and confident, work-focused nature with smooth or broken coat.",Terrier,"Developed in the Lake District of Northern England in the early 20th century as a tough, game working terrier for fox hunting and vermin control in rocky fells. Bred for stamina, courage, and ability to work in tight burrows. Not currently recognized by major kennel clubs.","{'id': 'T3mbY3ZONG', 'url': 'https://cdn4.thedogapi.com/optimized/T3mbY3ZONG.jpg', 'width': 1264, 'height': 848}",5.0,6.0,5.5,25.0,38.0,31.5,10.0,13.0,11.5
Peekapoo,2,"affectionate, intelligent, alert, playful",United States,US,Small companion mixed breed with soft curled or wavy coat combining the Pekingese and Toy Poodle,Mixed,"Peekapoo originated in the United States in the 1950s as a deliberate cross between a Pekingese and Toy Poodle, valued for companionship and hypoallergenic potential. Not recognized by major kennel clubs.","{'id': 'cRkaGVpQ8A', 'url': 'https://cdn4.thedogapi.com/optimized/cRkaGVpQ8A.jpg', 'width': 1408, 'height': 768}",4.0,8.0,6.0,20.0,30.0,25.0,10.0,15.0,12.5
Pekeapoo,2,"affectionate, intelligent, alert, playful, loyal",United States,US,"Small designer crossbreed combining Pekingese and Poodle traits, creating an intelligent and affectionate companion dog with a compact size and low-shedding coat",Mixed,"Designer crossbreed developed in the United States in the 1950s-1960s as one of the earliest intentional hybrids, crossing Pekingese with Toy or Miniature Poodle to create a small companion dog with reduced shedding and playful temperament","{'id': 'CSH0wDdydu', 'url': 'https://cdn4.thedogapi.com/optimized/CSH0wDdydu.jpg', 'width': 1264, 'height': 848}",4.0,9.0,6.5,20.0,28.0,24.0,12.0,15.0,13.5
Pekingese,2,"loyal, independent, confident, courageous, affectionate, alert",China,CN,"Small, compact toy dog of Chinese nobility with a long, profuse double coat, distinctive flat-faced expression, rolling gait, and regal bearing originally bred for Chinese royalty",Toy,Ancient breed developed in Chinese imperial court and held sacred in the Imperial Palace in Peking (now Beijing). Exclusively owned by royalty for over 1000 years until Western dogs were brought to England after British troops entered the Forbidden City in 1860 during the Opium Wars.,"{'id': 'QpW51pxyRk', 'url': 'https://cdn4.thedogapi.com/optimized/QpW51pxyRk.jpg', 'width': 1248, 'height': 848}",3.2,6.4,4.800000000000001,15.0,23.0,19.0,12.0,14.0,13.0
Pembroke Welsh Corgi,2,"intelligent, affectionate, alert, outgoing, playful","Pembrokeshire, Wales",GB,"A low-set, strong, and sturdily built herding dog with short legs, fox-like face, alert expression, and naturally bobbed tail. Known for their intelligence, sturdy build, and distinctive appearance.",Herding,"Ancient herding breed from Pembrokeshire, Wales, brought by Flemish weavers in 1107. Developed as a cattle herding dog, their low stature allowed them to nip at cattle's heels and avoid being kicked. Closely associated with British royalty.","{'id': 'R33EpeVC4M', 'url': 'https://cdn4.thedogapi.com/optimized/R33EpeVC4M.jpg', 'width': 1200, 'height': 896}",11.0,14.0,12.5,25.0,30.0,27.5,12.0,13.0,12.5
Perdigueiro Galego,2,"intelligent, loyal, docile, energetic, alert","Galicia, Spain",ES,"Medium-sized, noble Spanish pointing dog from the Galicia region with a refined build, short dense coat, and excellent hunting instincts. Known for its calm temperament and versatile abilities as an upland game retriever.",Sporting,"Ancient Iberian pointing breed native to northwestern Spain's Galicia region, developed for hunting upland game birds in rugged terrain. Nearly extinct but recovered through dedicated preservation efforts, formally recognized by Spain's Ministry of Agriculture in 2001 and Real Sociedad Canina de España in 2002.","{'id': 'HcqlTd5uG1', 'url': 'https://cdn4.thedogapi.com/optimized/HcqlTd5uG1.jpg', 'width': 1424, 'height': 752}",18.0,30.0,24.0,50.0,60.0,55.0,12.0,14.0,13.0
Perro Majorero,2,"loyal, protective, intelligent, alert, confident, calm, courageous","Fuerteventura, Canary Islands, Spain",ES,"Medium-sized primitive-type molossoid dog with a distinctive brindle coat, originating from Fuerteventura in the Canary Islands. This rustic livestock guardian dog combines the sturdy build of a working breed with the alert temperament needed for protecting goats and cattle.",Working,"Ancient indigenous breed from Fuerteventura in the Canary Islands, descended from dogs brought in pre-Hispanic times. Traditionally used by the Majorero people (natives of Fuerteventura) for herding goats and cattle and guarding livestock. Recognized by Spanish breed clubs and the Real Sociedad Canina de España.","{'id': 'J0T27pfJm9', 'url': 'https://cdn4.thedogapi.com/optimized/J0T27pfJm9.jpg', 'width': 992, 'height': 1072}",25.0,40.0,32.5,53.0,63.0,58.0,11.0,14.0,12.5
Peruvian Inca Orchid,2,"loyal, affectionate, alert, intelligent, agile",Peru,PE,"Ancient hairless sighthound breed known for its graceful build, smooth skin, and affectionate personality",Non-Sporting,"An ancient Peruvian breed dating back to pre-Incan civilizations valued for companionship and hunting, recognized by FCI and AKC.","{'id': 'QG1q1hFN5w', 'url': 'https://cdn4.thedogapi.com/optimized/QG1q1hFN5w.jpg', 'width': 1408, 'height': 768}",8.0,25.0,16.5,41.0,65.0,53.0,12.0,14.0,13.0
Petit Basset Griffon Vendéen,2,"happy, outgoing, independent, alert, confident, energetic","Vendée, France",FR,"Small, rough-coated French scent hound with sturdy build, distinctive beard and mustache, built low to the ground for hunting rabbit and hare through dense underbrush. Known for their happy demeanor and lively personality.",Hound,"Developed in the 16th century Vendée region of France from larger Grand Griffon Vendéen hounds, bred specifically for hunting rabbit and hare in dense brush. The name describes the breed: Petit (small), Basset (low to the ground), Griffon (rough-coated), and Vendéen (from Vendée). First officially recognized in late 19th century.","{'id': '8pr48PjzQD', 'url': 'https://cdn4.thedogapi.com/optimized/8pr48PjzQD.jpg', 'width': 1232, 'height': 864}",11.0,18.0,14.5,33.0,38.0,35.5,12.0,16.0,14.0
Petit Bleu de Gascogne,2,"gentle, calm, intelligent, loyal, affectionate, alert","Gascony, France",FR,"Medium-sized, noble French scent hound distinguished by its distinctive mottled 'blue' coat, long drooping ears, and exceptional sense of smell. Originally developed as a smaller version of the Grand Bleu de Gascogne, this diligent and determined hunter excels at tracking small game.",Hound,"Originating from the Gascogne province of southwestern France, the Petit Bleu de Gascogne is a direct descendant of the Grand Bleu de Gascogne. Developed as a smaller version specifically for hunting small game such as hare and rabbit, recognized and standardized by the FCI.","{'id': 'yc0zqL4sEi', 'url': 'https://cdn4.thedogapi.com/optimized/yc0zqL4sEi.jpg', 'width': 1408, 'height': 768}",16.0,25.0,20.5,50.0,58.0,54.0,10.0,13.0,11.5
Phalène,2,"friendly, intelligent, alert, gentle, playful, happy","France, Belgium",FR,"The Phalène is the drop-eared variety of the Continental Toy Spaniel, an elegant and fine-boned toy breed with a long, flowing silky coat and alert expression. Known as the 'moth-eared' spaniel, this small, delicate breed is closely related to the Papillon.",Toy,"The Phalène, or 'moth-eared' spaniel, is the original drop-eared variety of the Continental Toy Spaniel, predating the erect-eared Papillon. Known since at least the 16th century, these toy spaniels were favorites in European royal courts and are depicted in famous paintings. The FCI recognizes it as distinct from the Papillon for its ear carriage, though both types are often born in the same litters.","{'id': 'VYMODGbg3w', 'url': 'https://cdn4.thedogapi.com/optimized/VYMODGbg3w.jpg', 'width': 784, 'height': 1344}",2.3,4.5,3.4,20.0,28.0,24.0,,,
Pharaoh Hound,2,"intelligent, friendly, playful, alert, affectionate",Malta,MT,"Medium-sized elegant sighthound with short tan coat, alert expression, and distinctive ability to 'blush' on nose and ears when excited. A graceful, powerful, and swift breed of ancient origins.",Hound,"National dog of Malta and ancient breed believed descended from Egyptian hunting dogs brought by Phoenician traders over 2,000 years ago. Known as 'Kelb tal-Fenek' (rabbit dog) in Malta, used for rabbit hunting. One of oldest domesticated breeds with depictions found in ancient Egyptian tombs. Recognized by AKC in 1983.","{'id': 'Byz6mgqEQ', 'url': 'https://cdn2.thedogapi.com/images/Byz6mgqEQ_1280.jpg', 'width': 3918, 'height': 2938}",20.0,25.0,22.5,53.0,64.0,58.5,12.0,14.0,13.0
Philippine Forest Dog,2,"alert, intelligent, independent, agile",Philippines,PH,"Medium-small native landrace dog adapted to the Philippines' forests, characterized by agility and alertness. This ancient indigenous breed has evolved to thrive in forest environments.",Unknown,"Ancient native dog population indigenous to the Philippines, adapted to forest environments and traditionally used for hunting and companionship. Not formally recognized by major kennel clubs.","{'id': '7jhMib9rEF', 'url': 'https://cdn4.thedogapi.com/optimized/7jhMib9rEF.jpg', 'width': 1120, 'height': 944}",9.0,16.0,12.5,36.0,46.0,41.0,12.0,14.0,13.0
Phu Quoc Ridgeback,2,"intelligent, loyal, alert, independent, courageous","Phu Quoc Island, Vietnam",VN,"Medium-sized, athletic primitive hunting dog from Vietnam, distinguished by a characteristic ridge of hair running along its back in the opposite direction from the rest of the coat. One of only three ridge-backed breeds in the world, this agile and intelligent dog originated on Phu Quoc Island.",Primitive,"Ancient and primitive breed native to Phu Quoc Island in Vietnam's Kien Giang Province. For centuries used by local people as loyal companions for hunting, guarding property, and carting. Not recognized by major international kennel clubs; standards maintained by regional breed organizations.","{'id': 'xauA8by62m', 'url': 'https://cdn4.thedogapi.com/optimized/xauA8by62m.jpg', 'width': 1200, 'height': 896}",15.0,23.0,19.0,46.0,56.0,51.0,12.0,15.0,13.5
Picardy Spaniel,2,"gentle, calm, intelligent, docile, devoted, adaptable","Picardy, France",FR,"Medium-sized, strongly-built French pointing dog with distinctive grey-mottled brown feathered coat, drop ears, and gentle, docile expression. This elegant gundog combines calm adaptability with natural hunting ability.",Sporting,"One of the oldest continental spaniel-type pointing breeds, originating in the Picardy region of France. Valued by hunters for its versatility and weather-resistant coat, its numbers declined with imported English breeds but were saved from extinction by dedicated breeders after World War II.","{'id': '9IJw0HBpVd', 'url': 'https://cdn4.thedogapi.com/optimized/9IJw0HBpVd.jpg', 'width': 1088, 'height': 992}",20.0,25.0,22.5,56.0,61.0,58.5,12.0,14.0,13.0
Pitsky,2,"energetic, loyal, intelligent, confident, playful",United States,US,"A powerful and energetic mixed breed combining the athleticism and striking appearance of the Siberian Husky with the strength of the American Pit Bull Terrier, known for its athletic build and energetic temperament",Mixed,Modern designer crossbreed developed in recent decades by crossing the American Pit Bull Terrier with the Siberian Husky to create a dog with the Terrier's strength and the Husky's endurance and appearance. No formal breed club or standard exists.,"{'id': 'Ki4KpB53UX', 'url': 'https://cdn4.thedogapi.com/optimized/Ki4KpB53UX.jpg', 'width': 1408, 'height': 768}",14.0,32.0,23.0,46.0,61.0,53.5,12.0,15.0,13.5
Plott Hound,2,"loyal, alert, courageous, intelligent, devoted","North Carolina, United States",US,"Athletic, streamlined, and powerful scent hound with distinctive brindle coat, known for its intelligence, courage, and exceptional tracking ability. Originally bred for big-game hunting including bear and boar.",Hound,Developed in the mountains of North Carolina by German immigrant Johannes Georg Plott from German Hanoverian Schweisshunds brought in the 1750s. Perfected over generations for big-game hunting in the Appalachian Mountains. The only coonhound breed not descended from foxhounds and official state dog of North Carolina.,"{'id': 'xqSZ5QgaTA', 'url': 'https://cdn4.thedogapi.com/optimized/xqSZ5QgaTA.jpg', 'width': 1264, 'height': 848}",18.0,27.0,22.5,51.0,64.0,57.5,12.0,14.0,13.0
Plummer Terrier,2,"intelligent, courageous, energetic, alert, work-focused",United Kingdom,GB,"Small, energetic working terrier with a distinctive smooth red and white coat, bred specifically for vermin control and known for its tenacious, fearless nature and athletic build",Terrier,"Developed in the 1960s by Dr. David Brian Plummer in the UK by crossing Jack Russell Terriers, Beagles, Fell Terriers, and Bull Terriers to create a hardy, versatile working terrier specialized for fox control and vermin hunting","{'id': 'DcFx1gRKx3', 'url': 'https://cdn4.thedogapi.com/optimized/DcFx1gRKx3.jpg', 'width': 848, 'height': 1248}",4.0,8.0,6.0,25.0,36.0,30.5,12.0,15.0,13.5
Podenco Andaluz,2,"independent, alert, energetic, intelligent, loyal","Andalusia, Spain",ES,"An ancient, agile Spanish sighthound from the Andalusia region with erect ears and athletic build, known for its keen senses and hunting prowess. Exists in three size varieties and three coat types, specialized for rabbit hunting in Andalusian terrain.",Hound,"Ancient primitive hound whose origins trace back to pharaonic dogs brought to the Iberian Peninsula by Phoenician traders. Developed in Andalusia for versatile hunting of rabbits and small game, utilizing sight, sound, and scent. Comes in three size varieties with shared hunting heritage.","{'id': 'ZjV6Fd7GkZ', 'url': 'https://cdn4.thedogapi.com/optimized/ZjV6Fd7GkZ.jpg', 'width': 1040, 'height': 1024}",7.5,32.5,20.0,32.0,65.0,48.5,10.0,15.0,12.5
Podenco Canario,2,"energetic, intelligent, alert, independent, courageous, loyal","Canary Islands, Spain",ES,"An ancient, athletic sighthound of primitive type from the Canary Islands, characterized by its lean, elegant build, large erect ears, and remarkable agility. This medium-sized hunting dog has a smooth short coat and slender build optimized for speed and hunting rabbits in rocky volcanic terrain.",Hound,"Ancient breed originating in the Canary Islands, believed descended from primitive dogs brought by early Mediterranean settlers like the Phoenicians. Adapted over centuries to the volcanic terrain, becoming a highly specialized rabbit hunter recognized by the FCI as a primitive-type hunting breed.","{'id': 'ehWJa7ymxp', 'url': 'https://cdn4.thedogapi.com/optimized/ehWJa7ymxp.jpg', 'width': 1200, 'height': 896}",17.0,25.0,21.0,53.0,64.0,58.5,12.0,14.0,13.0
Podenco Valenciano,2,"alert, energetic, independent, intelligent, loyal, athletic","Valencia, Spain",ES,"Medium-sized, primitive-type sighthound from the Valencian region of Spain with lean, athletic build and large ears. Known for its keen hunting senses using sight, smell, and hearing, this agile breed was traditionally used for rabbit hunting across varied terrain.",Hound,"Ancient, native breed from the Valencian region of Spain, traditionally used by hunters for finding and catching rabbits. A rustic, resilient dog that is standardized by the Real Sociedad Canina de España (RSCE) and recognized by FCI as a regional variety related to the Podenco Ibicenco.","{'id': 'nAVMegfuAc', 'url': 'https://cdn4.thedogapi.com/optimized/nAVMegfuAc.jpg', 'width': 1136, 'height': 944}",16.0,24.0,20.0,48.0,61.0,54.5,12.0,14.0,13.0
Pointer,2,"intelligent, loyal, energetic, affectionate, even-tempered, adaptable",England,GB,"An athletic and graceful medium-large sporting dog renowned for its speed, stamina, and keen nose. Known for its characteristic pointing stance and aristocratic demeanor, the Pointer is a hard-driving hunting companion with exceptional field abilities.",Sporting,"The Pointer's ancestors are believed to have originated in Spain and were brought to England in the early 1700s. Developed by crossing Spanish Pointers with local scent and setter-type dogs, the breed was refined by British sportsmen into the premier bird-hunting gundog known for its iconic pointing stance.","{'id': 'nkXpNZTOqK', 'url': 'https://cdn4.thedogapi.com/optimized/nkXpNZTOqK.jpg', 'width': 1168, 'height': 912}",20.0,34.0,27.0,58.0,71.0,64.5,12.0,17.0,14.5
Poitevin,2,"intelligent, courageous, independent, gentle, devoted","Poitou region, France",FR,"Large, elegant French scent hound with distinctive tricolor coat and lean, muscular build. Bred for endurance and stamina in pack hunting, originally developed for hunting wolves and large game with exceptional scenting ability and melodic voice.",Hound,"Created in 1692 by Marquis François de Larrye from remnants of Haut-Poitou hound packs, developed for hunting wolves and large game. Nearly extinct after WWII but restored using English Foxhound crosses. Recognized by the FCI in the Scenthound Group.","{'id': 'oUtlyz7JvP', 'url': 'https://cdn4.thedogapi.com/optimized/oUtlyz7JvP.jpg', 'width': 1040, 'height': 1024}",25.0,35.0,30.0,60.0,72.0,66.0,10.0,13.0,11.5
Polish Hound,2,"loyal, calm, intelligent, alert, gentle",Poland,PL,"Medium-sized, strongly built scent hound with robust build and distinctive black and tan coat, bred for stamina and tracking large game in dense forests. Known for its powerful, melodious voice and calm yet alert temperament.",Hound,"Ancient Polish hunting breed dating back to the Middle Ages, with origins documented in 14th century literature. Developed by crossing local hounds with imported St. Hubert Hounds for tracking large game in forests. Colonel Józef Pawłusiewicz was instrumental in re-establishing the breed after World War II. Recognized by FCI as national breed of Poland.","{'id': 'hd5tL4zFqW', 'url': 'https://cdn4.thedogapi.com/optimized/hd5tL4zFqW.jpg', 'width': 1264, 'height': 848}",20.0,32.0,26.0,51.0,66.0,58.5,10.0,14.0,12.0
Polish Lowland Sheepdog,2,"intelligent, confident, alert, loyal, energetic",Poland,PL,"Medium-sized, shaggy-coated herding dog known for its lively, intelligent, and confident temperament. Has a long, thick double coat that covers its eyes and is valued for its adaptability and energetic work ethic.",Herding,"Ancient herding breed from Poland descended from herding dogs of the Hungarian plains, used for herding and guarding flocks in lowland regions. Known as Polski Owczarek Nizinny (PON), nearly driven to extinction after WWII but revived by dedicated breeders including a Polish veterinarian.","{'id': 'MaOsXpqfXf', 'url': 'https://cdn4.thedogapi.com/optimized/MaOsXpqfXf.jpg', 'width': 1104, 'height': 960}",14.0,23.0,18.5,43.0,51.0,47.0,12.0,14.0,13.0
Pomapoo,2,"intelligent, affectionate, playful, alert, adaptable",United States,US,"A small designer crossbreed between a Pomeranian and Toy or Miniature Poodle, featuring a soft, fluffy coat and expressive face. This intelligent, affectionate companion dog often inherits the Poodle's low-shedding coat with a lively, adaptable personality.",Mixed,"Modern designer crossbreed developed in the United States by crossing Pomeranian with Toy or Miniature Poodle. Primary goal was to create a small, intelligent companion dog with reduced-shedding coat suitable for allergy sufferers.","{'id': 'tfrLGRWVfO', 'url': 'https://storage.googleapis.com/dog-api-uploads-prod/originals/92e18567-ef1c-427f-9f45-ea0aaddba343.jpeg', 'width': 1408, 'height': 768}",2.0,7.0,4.5,20.0,25.0,22.5,12.0,16.0,14.0
Pomeranian,2,"alert, intelligent, playful, confident, outgoing",Pomerania region (now parts of Germany and Poland),DE,"Small, compact, active toy spitz breed with abundant fluffy double coat, fox-like expression, and plumed tail carried over the back",Toy,Descended from larger Arctic spitz-type sled dogs and bred down to current small size in the Pomerania region. Popularity greatly increased by Queen Victoria who became a breeder and established distinct breed standards,"{'id': 'zuTzCtrqg3', 'url': 'https://cdn4.thedogapi.com/optimized/zuTzCtrqg3.jpg', 'width': 1136, 'height': 944}",1.4,3.2,2.3,15.0,18.0,16.5,12.0,16.0,14.0
Pomsky,2,"playful, intelligent, energetic, alert, affectionate, loyal",United States,US,"Designer crossbreed between Pomeranian and Siberian Husky with striking wolf-like appearance in a compact, manageable size. Features thick plush coat, fox-like face resembling a miniature Husky, with varied appearance and size depending on individual inheritance.",Mixed,Modern designer crossbreed that gained popularity in the early 2010s through internet fame. Breeders aimed to create smaller apartment-friendly dog with Husky appearance by crossing with Pomeranian. Not recognized by major kennel clubs.,"{'id': 'eOOcXjCLBH', 'url': 'https://storage.googleapis.com/dog-api-uploads-prod/originals/c6ff37ea-e453-4cb0-8f92-727092c45878.jpeg', 'width': 1408, 'height': 768}",7.0,14.0,10.5,25.0,38.0,31.5,12.0,15.0,13.5
Pont-Audemer Spaniel,2,"affectionate, intelligent, gentle, athletic, devoted, playful, loyal","Pont-Audemer, Normandy, France",FR,"Medium-sized, rustic French water spaniel with distinctive curly, water-resistant coat, topknot, and gentle, clownish expression. Specialized for wetland game retrieval with excellent swimming abilities.",Sporting,"Developed in 19th century Normandy, France by crossing local water spaniels with Irish Water Spaniels and potentially Poodles for waterfowl hunting in marshlands. Numbers dwindled after World War II and was revived through careful breeding.","{'id': 'jsLQPbw6N3', 'url': 'https://cdn4.thedogapi.com/optimized/jsLQPbw6N3.jpg', 'width': 960, 'height': 1104}",18.0,25.0,21.5,50.0,58.0,54.0,12.0,14.0,13.0
Poochon,2,"friendly, intelligent, playful, affectionate, outgoing, adaptable",United States,US,"Small designer crossbreed combining Toy Poodle intelligence with Bichon Frisé cheerfulness, featuring a hypoallergenic curly coat and playful, affectionate personality",Mixed,"Modern designer crossbreed developed in the late 1990s and early 2000s to combine the hypoallergenic qualities and intelligence of the Toy Poodle with the cheerful, friendly temperament of the Bichon Frisé","{'id': 'k9615fpj7z', 'url': 'https://cdn4.thedogapi.com/optimized/k9615fpj7z.jpg', 'width': 1408, 'height': 768}",3.0,8.0,5.5,23.0,38.0,30.5,12.0,15.0,13.5
Poodle,2,"intelligent, athletic, alert, confident, loyal, eager to please","Germany, France",DE,"An exceptionally intelligent, proud, and elegant dog with athletic bearing and curly hypoallergenic coat. Originally bred as a water retriever, this athletic breed excels as a companion and in various dog sports.",Non-Sporting,"Originated in Germany as a water retrieving dog, with name derived from German 'pudelin' meaning 'to splash in the water.' Later standardized and refined in France where it became a popular companion. One of the oldest hunting dogs recognized globally for intelligence and versatility.","{'id': 'H41ubgiUtm', 'url': 'https://cdn4.thedogapi.com/optimized/H41ubgiUtm.jpg', 'width': 1264, 'height': 832}",18.0,32.0,25.0,45.0,61.0,53.0,10.0,18.0,14.0
Poodle (Miniature),2,"intelligent, alert, playful, confident, eager to please",Germany,DE,"Elegant, athletic, and intelligent smaller version of the Standard Poodle with a curly, hypoallergenic coat and proud carriage",Non-Sporting,"Originally developed as water retrievers in Germany, the name 'Poodle' comes from German 'pudel' meaning 'to splash in water'. Miniature variety was bred down from Standard Poodles for companionship, circus performance, and truffle hunting","{'id': 'Hkxk4ecVX', 'url': 'https://cdn2.thedogapi.com/images/Hkxk4ecVX_1280.jpg', 'width': 1280, 'height': 853}",4.5,6.8,5.65,25.0,38.0,31.5,12.0,16.0,14.0
Poodle (Toy),2,"intelligent, alert, confident, playful, affectionate, loyal, outgoing",Germany,DE,"Smallest Poodle variety with dense curly hypoallergenic coat and alert, intelligent demeanor. An elegant, proud companion dog known for exceptional trainability and performing ability.",Toy,Despite association with France the Poodle originated in Germany as water retrieving dog from German pudel meaning to splash in water. The Toy variety was bred down from Standard and Miniature Poodles for urban companionship and prized by aristocracy for intelligence and performing ability. AKC recognition 1887.,"{'id': 'rJFJVxc4m', 'url': 'https://cdn2.thedogapi.com/images/rJFJVxc4m_1280.jpg', 'width': 620, 'height': 403}",1.8,2.7,2.25,20.0,25.0,22.5,10.0,18.0,14.0
Porcelaine,2,"gentle, intelligent, energetic, friendly, work-focused",France,FR,"Elegant, medium-sized French scenthound with a distinctive glossy white coat that gives the breed its name, resembling porcelain. Known for its refined build, endurance, speed, and exceptional nose for hunting.",Hound,"One of the oldest French scent hounds, descended from white St. Hubert hounds in the Franche-Comté region. Dating back to the 18th century, the breed nearly disappeared after the French Revolution and WWII but was carefully reconstructed by enthusiasts in the mid-19th century using Swiss specimens.","{'id': '1cuN1HIJuA', 'url': 'https://cdn4.thedogapi.com/optimized/1cuN1HIJuA.jpg', 'width': 1088, 'height': 976}",25.0,28.0,26.5,53.0,58.0,55.5,12.0,13.0,12.5
Portuguese Podengo,2,"alert, intelligent, energetic, loyal, independent",Portugal,PT,"Ancient multi-purpose hound from Portugal that comes in three sizes (Pequeno, Medio, Grande) and two coat types (smooth and wire). Medium-sized, agile breed with erect ears, wedge-shaped head, and keen sight and scent abilities developed for hunting rabbits and small game",Hound,"Ancient breed dating back over 2000 years, likely descended from dogs brought by Phoenician and Roman traders. Developed in three distinct sizes to hunt different game across various Portuguese terrains, primarily rabbits and small game","{'id': 'yuhm3p2bXC', 'url': 'https://cdn4.thedogapi.com/optimized/yuhm3p2bXC.jpg', 'width': 1136, 'height': 944}",16.0,20.0,18.0,40.0,55.0,47.5,12.0,15.0,13.5
Portuguese Pointer,2,"affectionate, loyal, intelligent, devoted, energetic, alert",Portugal,PT,"A medium-sized, athletic gundog of noble appearance with short dense coat and expressive face, known for its extreme devotion to its master, excellent scenting ability, and dedicated, persistent hunting style",Sporting,"Ancient Portuguese hunting breed descended from Iberian hunting dogs, used for centuries by nobility to hunt partridge and game birds. Known locally as Perdigueiro Português, the breed standard was established in early 20th century, reviving it from near extinction.","{'id': 'gE21YYMYgG', 'url': 'https://cdn4.thedogapi.com/optimized/gE21YYMYgG.jpg', 'width': 1152, 'height': 928}",16.0,27.0,21.5,48.0,56.0,52.0,12.0,14.0,13.0
Portuguese Sheepdog,2,"intelligent, loyal, energetic, alert, devoted","Serra de Aires, Portugal",PT,"Medium-sized herding dog with long, shaggy wavy coat and lively intelligent expression, known for its monkey-like gait and rustic appearance",Herding,"Developed in the Serra de Aires region of Portugal, likely from Briards brought in the early 1900s. Used extensively for herding sheep, goats, and cattle. Known locally as 'cão macaco' (monkey dog) for its lively antics.","{'id': 'LLuF7P7dnb', 'url': 'https://cdn4.thedogapi.com/optimized/LLuF7P7dnb.jpg', 'width': 1184, 'height': 896}",16.0,27.0,21.5,41.0,55.0,48.0,12.0,14.0,13.0
Portuguese Water Dog,2,"intelligent, loyal, energetic, athletic, eager to please",Portugal,PT,"Athletic, medium-sized working dog with a robust build and webbed feet, known for its single coat of curly or wavy waterproof hair. Originally bred as an all-around fisherman's helper.",Working,"Ancient breed from Portuguese coast, developed as fisherman's helper for herding fish into nets, retrieving tackle, and carrying messages between ships and shore. Nearly extinct in 20th century but saved through dedicated breeding efforts.","{'id': 'R3s06o7M9f', 'url': 'https://cdn4.thedogapi.com/optimized/R3s06o7M9f.jpg', 'width': 1120, 'height': 960}",16.0,27.0,21.5,43.0,58.0,50.5,11.0,13.0,12.0
Posavac Hound,2,"calm, devoted, energetic, intelligent, independent","Sava River Valley, Croatia",HR,"Medium-sized Croatian scenthound of robust, noble build with distinctive reddish coat and white markings. Known for exceptional stamina, scenting ability, and sonorous voice when tracking.",Hound,Ancient Croatian scenthound from the Posavina region with ancestry depicted in 15th-century frescoes. Formally documented in 18th century with first FCI standard published in 1955.,"{'id': 'nZvXIpDrwz', 'url': 'https://cdn4.thedogapi.com/optimized/nZvXIpDrwz.jpg', 'width': 1008, 'height': 1056}",16.0,25.0,20.5,46.0,58.0,52.0,12.0,14.0,13.0
Pražský Krysařík,2,"alert, intelligent, loyal, affectionate, lively, playful, confident",Czech Republic,CZ,"Very small, elegant toy breed with fine bone structure, alert expression, and smooth or long coat varieties. Originally bred in Bohemia as a companion and ratter in royal courts.",Toy,"Ancient Czech breed dating to Middle Ages, developed as companion and ratting dog favored by nobility in Prague Castle and royal courts. Recognized by FCI as Czech national breed and revived from near-extinction in the 1980s.","{'id': 'rvutCKI940', 'url': 'https://cdn4.thedogapi.com/optimized/rvutCKI940.jpg', 'width': 1200, 'height': 896}",1.0,3.0,2.0,20.0,24.0,22.0,12.0,14.0,13.0
Presa Canario,2,"confident, calm, protective, intelligent, loyal, courageous","Canary Islands, Spain",ES,"Large, powerfully built mastiff-type dog with robust frame, calm attentive expression, and imposing presence as a confident guardian",Working,"Ancient breed native to the Canary Islands, originally developed as versatile farm and guard dog for guarding livestock and property, used for catching and holding cattle. Nearly extinct by the 1960s but revived through careful breeding programs in the 1970s","{'id': 'nF8GskKeDc', 'url': 'https://cdn4.thedogapi.com/optimized/nF8GskKeDc.jpg', 'width': 1200, 'height': 880}",39.0,59.0,49.0,56.0,66.0,61.0,9.0,11.0,10.0
Pudelpointer,2,"intelligent, loyal, eager to please, work-focused, energetic, playful",Germany,DE,"Medium to large versatile hunting dog combining Poodle intelligence with Pointer field abilities, featuring a distinctive dense wiry coat and keen, energetic temperament bred for exceptional performance in both field and water",Sporting,"Developed in Germany in the late 19th century by Baron von Zedlitz, who crossed German Poodles (Pudel) with English Pointers to create the ideal versatile gundog for field and water work","{'id': 'k2y6PuHMFy', 'url': 'https://cdn4.thedogapi.com/optimized/k2y6PuHMFy.jpg', 'width': 1232, 'height': 864}",20.0,32.0,26.0,53.0,69.0,61.0,11.0,14.0,12.5
Pug,2,"affectionate, playful, friendly, charming, adaptable",China,CN,"Small, compact, and sturdy toy breed with a distinctive wrinkled, short-muzzled face, curled tail, and charming, mischievous personality",Toy,"Ancient breed originating in China as prized companions for Chinese emperors. Brought to Europe in the 16th century by Dutch traders, became official dog of House of Orange in Holland, gained widespread popularity in Victorian England","{'id': 'sKx0rFHMRN', 'url': 'https://cdn4.thedogapi.com/optimized/sKx0rFHMRN.jpg', 'width': 1264, 'height': 832}",6.0,8.0,7.0,25.0,33.0,29.0,,,
Pugapoo,2,"affectionate, playful, intelligent, outgoing, adaptable",United States,US,"Small designer crossbreed combining Pug and Poodle traits, featuring a compact build with wavy or curly coat and lively, affectionate temperament. Appearance varies significantly depending on genetic inheritance from parent breeds.",Mixed,Modern designer crossbreed developed in late 20th century by crossing Pug with Poodle to combine affectionate comical Pug temperament with Poodle intelligence and potentially lower-shedding coat. Not recognized by major kennel clubs.,"{'id': 'Hr4AWlhkRY', 'url': 'https://cdn4.thedogapi.com/optimized/Hr4AWlhkRY.jpg', 'width': 1408, 'height': 768}",6.0,14.0,10.0,25.0,38.0,31.5,12.0,15.0,13.5
Puggle,2,"friendly, playful, affectionate, outgoing, energetic, intelligent",United States,US,"Small to medium-sized mixed breed crossbreed between a Pug and Beagle, known for its wrinkled, hound-like face, sturdy body, and energetic, affectionate nature",Mixed,"Designer crossbreed first bred in the 1980s in the United States, gaining significant popularity in the early 2000s. Intentionally created by crossing Pug with Beagle to combine the affectionate nature of the Pug with the energetic traits of the Beagle","{'id': 'zNERaPYRAW', 'url': 'https://cdn4.thedogapi.com/optimized/zNERaPYRAW.jpg', 'width': 1408, 'height': 768}",6.0,14.0,10.0,25.0,38.0,31.5,10.0,15.0,12.5
Puli,2,"intelligent, energetic, loyal, alert, devoted, playful",Hungary,HU,"Compact, medium-sized Hungarian herding dog known for its distinctive, naturally corded coat resembling dreadlocks, giving it an agile and athletic build with quick, spirited movement",Herding,"Ancient Hungarian sheepdog breed brought by Magyar tribes over 1000 years ago, traditionally used for herding and guarding livestock on the Hungarian plains. Their unique corded coat provided protection from predators and harsh weather. Nearly decimated by World War II but saved by dedicated breeding programs","{'id': 'BH8KAhIGvc', 'url': 'https://cdn4.thedogapi.com/optimized/BH8KAhIGvc.jpg', 'width': 1168, 'height': 912}",11.0,16.0,13.5,37.0,44.0,40.5,10.0,16.0,13.0
Pumi,2,"intelligent, energetic, alert, playful, loyal, confident",Hungary,HU,"Medium-sized, agile Hungarian herding dog known for its whimsical, terrier-like expression, distinctive corkscrew-curled coat, and high-set semi-erect ears with an alert, lively attitude",Herding,"Developed in Hungary during the 17th-18th centuries from crossbreeding the native Puli with German and French herding dogs and terriers. Used as versatile farm dogs for herding cattle, sheep, and swine","{'id': 'yJmx50juxq', 'url': 'https://cdn4.thedogapi.com/optimized/yJmx50juxq.jpg', 'width': 1104, 'height': 960}",10.0,13.0,11.5,38.0,47.0,42.5,12.0,13.0,12.5
Pungsan,2,"loyal, courageous, intelligent, alert, independent","Pungsan County, North Korea (Kaema Plateau region)",KP,"Medium to large spitz-type hunting dog from North Korea with thick white double coat and wolf-like appearance, known for strength, stamina, and resilience in harsh mountain climates",Northern,"Developed in the mountainous Kaema Plateau of North Korea as a versatile and resilient hunter of large game including wild boar. Considered a national treasure of North Korea. In 2000, a pair was given as a state gift to South Korea, increasing international recognition.","{'id': 'fWHQjAOjtm', 'url': 'https://cdn4.thedogapi.com/optimized/fWHQjAOjtm.jpg', 'width': 1200, 'height': 896}",20.0,36.0,28.0,51.0,62.0,56.5,12.0,15.0,13.5
Pyredoodle,2,"intelligent, loyal, gentle, protective, calm, affectionate",United States,US,"Large mixed breed created by crossing a Great Pyrenees and Standard Poodle, combining the Poodle's intelligence and low-shedding coat with the Great Pyrenees' calm, protective nature. Features a sturdy build with wavy or curly coat, though traits can vary significantly.",Mixed,Modern designer crossbreed developed in the United States to combine the Poodle's intelligence and low-shedding coat with the Great Pyrenees' calm temperament and protective instincts. Recognized by designer dog registries but not major kennel clubs.,"{'id': 'CyLhARcHLV', 'url': 'https://cdn4.thedogapi.com/optimized/CyLhARcHLV.jpg', 'width': 1408, 'height': 768}",34.0,54.0,44.0,56.0,81.0,68.5,10.0,13.0,11.5
Pyrenean Mastiff,2,"calm, gentle, courageous, protective, intelligent, loyal","Aragonese Pyrenees, Spain",ES,"A giant, powerful, and noble livestock guardian breed from the Spanish Pyrenees, known for its calm demeanor, thick white double coat with darker patches, and courageous yet gentle protective nature",Working,"Ancient livestock guardian breed from the Pyrenees mountains of Spain, developed to protect flocks from wolves and bears. The breed faced near extinction after the Spanish Civil War but was revived by dedicated breeders in the 1970s","{'id': 'gIomaJrAKU', 'url': 'https://cdn4.thedogapi.com/optimized/gIomaJrAKU.jpg', 'width': 1216, 'height': 880}",55.0,100.0,77.5,72.0,81.0,76.5,8.0,13.0,10.5
Pyrenean Mountain Dog,2,"gentle, confident, protective, independent, calm, loyal","Pyrenees Mountains, France",FR,"Large, majestic, and immensely powerful livestock guardian with thick white double coat and natural guardian instincts developed for mountain work",Working,Ancient breed used for centuries by shepherds in the Pyrenees Mountains of France and Spain to guard flocks against predators like wolves and bears. Known as 'Chien de Montagne des Pyrénées' and standardized by the FCI.,"{'id': 'tmAE5C1taz', 'url': 'https://storage.googleapis.com/dog-api-uploads-prod/originals/1b8f2066-261d-46d4-a358-23f61edc5d1a.png', 'width': 2950, 'height': 2242}",39.0,73.0,56.0,63.0,81.0,72.0,10.0,12.0,11.0
Pyrenean Sheepdog,2,"energetic, intelligent, alert, courageous, playful, devoted, work-focused",France (Pyrenees Mountains),FR,"Small to medium-sized herding dog with long, flowing coat, known for its intelligence, boundless energy, and mischievous nature. Bred for working sheep in the Pyrenees mountains, this lean and agile breed exists in both rough-faced and smooth-faced varieties.",Herding,"Ancient breed developed in the Pyrenees mountains of France for herding sheep, often working in partnership with Great Pyrenees as flock guardians. Recognized by FCI as Chien de Berger des Pyrénées with two coat varieties.","{'id': '6o8TVUUJpD', 'url': 'https://cdn4.thedogapi.com/optimized/6o8TVUUJpD.jpg', 'width': 1168, 'height': 912}",7.0,15.0,11.0,38.0,47.0,42.5,,,
Rafeiro do Alentejo,2,"calm, confident, protective, loyal, independent, alert","Alentejo region, Portugal",PT,"Large, powerful livestock guardian dog from the Alentejo region of Portugal with an imposing presence, dense coat, and calm, sober temperament developed for protecting herds against predators",Working,"Ancient Iberian mastiff-type breed descended from dogs of the Tibetan plateau, used for centuries by Portuguese shepherds to guard flocks against predators in the Alentejo plains; recognized by FCI as breed 96","{'id': 'IIMOCnjcu2', 'url': 'https://cdn4.thedogapi.com/optimized/IIMOCnjcu2.jpg', 'width': 1200, 'height': 896}",40.0,60.0,50.0,64.0,74.0,69.0,12.0,14.0,13.0
Rajapalayam,2,"loyal, protective, independent, alert, courageous, intelligent","Rajapalayam, Tamil Nadu, India",IN,"Large, muscular Indian sighthound with pristine white coat and distinctive pink nose. This powerful breed has a loyal, protective nature and was historically used for hunting wild boar and as a royal companion.",Hound,"Ancient breed named after the town of Rajapalayam in Tamil Nadu, developed as hunting and guard dogs by royalty and aristocracy in Southern India. Traditionally used for hunting wild boar and recognized by the Kennel Club of India.","{'id': 'kZiM1ViZ28', 'url': 'https://cdn4.thedogapi.com/optimized/kZiM1ViZ28.jpg', 'width': 1088, 'height': 976}",25.0,35.0,30.0,58.0,75.0,66.5,9.0,12.0,10.5
Rampur Greyhound,2,"loyal, intelligent, independent, courageous, protective","Rampur, Uttar Pradesh, India",IN,"Large, powerfully-built sighthound from India with a lean, athletic build and short coat, known for incredible speed, endurance, and deep loyalty, originally developed for hunting large game in the Indian subcontinent",Hound,"Developed in the princely state of Rampur during the 18th-20th century by royalty including Ahmad Ali Khan, the Nawab of Rampur, by crossing Afghan Hounds, Persian Greyhounds (Salukis), and English Greyhounds for hunting large and dangerous game","{'id': '61EkhCUeNb', 'url': 'https://cdn4.thedogapi.com/optimized/61EkhCUeNb.jpg', 'width': 1168, 'height': 912}",23.0,34.0,28.5,56.0,76.0,66.0,10.0,14.0,12.0
Rastreador Brasileiro,2,"courageous, intelligent, loyal, calm, alert, work-focused",Brazil,BR,"Large, athletic Brazilian scenthound with a short, dense coat, developed for tracking jaguar and other large game with exceptional scenting ability, known for perseverance and courage in hunting",Hound,Developed in Brazil from European scenthounds and local dogs for tracking jaguar and large game in Brazilian terrain. Declared extinct by FCI in 1973 following disease outbreak but successfully reconstituted through dedicated breeding project and granted definitive FCI recognition again in 2019,"{'id': 'gJ8e08IuX1', 'url': 'https://cdn4.thedogapi.com/optimized/gJ8e08IuX1.jpg', 'width': 1200, 'height': 896}",20.0,32.0,26.0,58.0,69.0,63.5,10.0,12.0,11.0
Ratonero Murciano,2,"alert, energetic, intelligent, loyal, courageous","Murcia, Spain",ES,"Small, agile, and athletic Spanish terrier breed from the Murcia region, historically developed for ratting and farm work with a compact build and alert expression",Terrier,"Traditional landrace terrier developed in the agricultural region of Murcia in southeastern Spain, essential for controlling rodent populations in farms, wineries, and stables. Refined over centuries from small terriers brought to the area for their specific hunting purpose. Officially recognized by the Real Sociedad Canina de España (RSCE) in 2011.","{'id': 'lggolw3I81', 'url': 'https://cdn4.thedogapi.com/optimized/lggolw3I81.jpg', 'width': 1408, 'height': 768}",5.0,8.0,6.5,30.0,38.0,34.0,12.0,15.0,13.5
Rat Terrier,2,"alert, intelligent, energetic, friendly, playful, loyal",United States,US,"Compact, energetic American terrier with smooth coat and athletic build, developed as a versatile all-purpose farm dog and vermin hunter",Terrier,"Developed in early 20th century United States from European terriers brought by British migrants, including Fox Terrier and Manchester Terrier, for farm vermin control and companionship. President Theodore Roosevelt was a notable owner and credited with naming the breed. AKC recognition in 2013.","{'id': 'mR1VeAsbKF', 'url': 'https://cdn4.thedogapi.com/optimized/mR1VeAsbKF.jpg', 'width': 1152, 'height': 928}",4.0,11.0,7.5,25.0,46.0,35.5,12.0,18.0,15.0
Redbone Coonhound,2,"friendly, loyal, eager to please, energetic, affectionate",United States,US,"Medium to large athletic hound with a striking solid red coat, known for its speed, agility, and powerful scenting ability. Sleek and muscular, this breed was developed specifically for hunting raccoons and other game.",Hound,"Developed in the American South, primarily in Georgia, during the late 18th and early 19th centuries by Scottish immigrants. Created from red-colored Irish Foxhounds and Bloodhounds to produce a fast, hot-nosed hound for trailing and treeing raccoons and larger game. The breed name is attributed to early breeder Peter Redbone. Recognized by the AKC in 2009.","{'id': 'HJMzEl5N7', 'url': 'https://cdn2.thedogapi.com/images/HJMzEl5N7_1280.jpg', 'width': 1537, 'height': 1323}",20.0,32.0,26.0,53.0,69.0,61.0,12.0,15.0,13.5
Rhodesian Ridgeback,2,"loyal, intelligent, confident, independent, affectionate",Southern Africa,ZA,"Large, muscular, and athletic hound with a distinctive ridge of hair running along its back, originally bred to hunt lions in Africa. Known for their dignified, even-tempered nature and loyal disposition.",Hound,"Developed in Southern Africa by crossing native ridged Khoikhoi dogs with European breeds like Mastiffs and Greyhounds. Bred by farmers and hunters for tracking and holding big game, notably lions, at bay. Recognized by South African Kennel Union in the 1920s.","{'id': 'Q3DE5jQ8fR', 'url': 'https://cdn4.thedogapi.com/optimized/Q3DE5jQ8fR.jpg', 'width': 1264, 'height': 832}",29.0,41.0,35.0,61.0,69.0,65.0,10.0,12.0,11.0
Ridgeypoo,2,"intelligent, loyal, athletic, confident, affectionate, energetic",United States,US,"A large, athletic mixed breed created by crossing a Rhodesian Ridgeback with a Standard Poodle, combining the Poodle's intelligence and low-shedding coat with the Ridgeback's strength, loyalty, and distinctive athletic build",Mixed,"Modern designer crossbreed developed by combining the Rhodesian Ridgeback and Standard Poodle to create a large, athletic, intelligent companion dog with a lower-shedding coat","{'id': 'g7LIGKGipr', 'url': 'https://cdn4.thedogapi.com/optimized/g7LIGKGipr.jpg', 'width': 1408, 'height': 768}",20.0,41.0,30.5,51.0,69.0,60.0,10.0,15.0,12.5
Rize Koyun,2,"protective, independent, courageous, loyal, alert","Rize Province, Turkey",TR,"A rare, large and powerful Turkish livestock guardian dog from the Rize province, featuring a thick double coat and protective temperament. This regional landrace is specifically adapted for protecting flocks in the mountainous Black Sea region.",Working,"A landrace livestock guardian dog developed over centuries by shepherds in Turkey's Rize province in the Black Sea region. Bred to protect sheep and other livestock from predators in rugged, mountainous terrain. Shares ancestry with other Turkish shepherd breeds but specifically adapted for local climate and terrain. Not recognized as a standardized breed by major international kennel clubs.","{'id': 'XyafVCcsrd', 'url': 'https://cdn4.thedogapi.com/optimized/XyafVCcsrd.jpg', 'width': 1408, 'height': 768}",40.0,59.0,49.5,66.0,79.0,72.5,10.0,13.0,11.5
Romanian Mioritic Shepherd Dog,2,"calm, protective, independent, loyal, intelligent, courageous, devoted",Romania,RO,"Large, powerful livestock guardian dog native to the Carpathian Mountains of Romania, covered in an abundant, long, shaggy double coat that is typically white or grey. Known for its imposing presence, calm demeanor, and strong protective instincts developed for guarding sheep flocks against predators like bears, wolves, and lynx.",Working,"Ancient breed developed as a premier livestock guardian dog in the Carpathian Mountains of Romania, selected for courage and ability to protect flocks from large predators. First breed standard written by Romanian Cynological Association in 1981, provisionally recognized by FCI in 2005.","{'id': '78Tlo53z9G', 'url': 'https://cdn4.thedogapi.com/optimized/78Tlo53z9G.jpg', 'width': 1040, 'height': 1024}",36.0,65.0,50.5,65.0,75.0,70.0,12.0,14.0,13.0
Romanian Raven Shepherd Dog,2,"protective, loyal, calm, courageous, intelligent, independent, devoted","Romania, Carpathian Mountains",RO,"Large, powerful livestock guardian dog from the Carpathian Mountains, distinguished by its impressive size and entirely black coat. Known as 'Corb' (meaning 'Raven' in Romanian), this robust and courageous breed was developed for protecting sheep flocks from wolves, bears, and lynx, valued for its calm demeanor and devotion to its flock and family.",Working,"Ancient native breed from the Carpathian and Sub-Carpathian regions of Romania, used for centuries as guardian of livestock against large predators. Officially recognized by the FCI on provisional basis in 2019, valued for courage, loyalty and ability to deter wolves, bears and lynx","{'id': 'Y2jDrsC9Ow', 'url': 'https://cdn4.thedogapi.com/optimized/Y2jDrsC9Ow.jpg', 'width': 1152, 'height': 928}",40.0,63.0,51.5,65.0,78.0,71.5,10.0,14.0,12.0
Rottle,2,"intelligent, loyal, protective, confident, affectionate, energetic",United States,US,"Large, athletic and intelligent mixed breed crossing the Rottweiler and Standard Poodle, combining the Rottweiler's protective nature and strength with the Poodle's intelligence and potentially low-shedding curly or wavy coat",Mixed,Modern designer crossbreed intentionally developed by mixing Rottweiler and Standard Poodle to combine the Rottweiler's loyal guardian nature with the Poodle's high intelligence and low-shedding coat qualities. Not recognized by major kennel clubs.,"{'id': 'lycu4ryZwQ', 'url': 'https://cdn4.thedogapi.com/optimized/lycu4ryZwQ.jpg', 'width': 1408, 'height': 768}",23.0,57.0,40.0,51.0,69.0,60.0,9.0,14.0,11.5
Rottsky,2,"intelligent, loyal, energetic, protective, athletic, confident",United States,US,"Large, athletic mixed breed with well-muscled build and thick double coat, combining the strength and loyalty of the Rottweiler with the endurance and independent spirit of the Siberian Husky. Physical appearance and temperament can vary significantly.",Mixed,"Modern designer crossbreed created by breeding Rottweiler with Siberian Husky, aiming to blend guarding instincts and loyalty with stamina and intelligence. Not recognized by major kennel clubs.","{'id': 'jJivuB6mPN', 'url': 'https://cdn4.thedogapi.com/optimized/jJivuB6mPN.jpg', 'width': 1408, 'height': 768}",23.0,61.0,42.0,51.0,69.0,60.0,10.0,14.0,12.0
Rottweiler,2,"confident, loyal, courageous, calm, protective, affectionate","Rottweil, Germany",DE,"Large, robust, muscular working dog with black coat and tan markings, known for great strength, protective instincts, and confident temperament. A loyal and loving guardian breed.",Working,"Descended from Roman drover dogs, developed in the German town of Rottweil as cattle herders and guard dogs. Known as the 'Butcher's Dog of Rottweil', they protected butchers' money to and from market. Numbers declined with advent of railroads but was revived in early 20th century. Later used for protection and police work","{'id': 'LxI7Kkc5oH', 'url': 'https://cdn4.thedogapi.com/optimized/LxI7Kkc5oH.jpg', 'width': 1184, 'height': 896}",36.0,61.0,48.5,56.0,69.0,62.5,9.0,10.0,9.5
Rough Collie,2,"intelligent, loyal, devoted, gentle, protective, alert, athletic",Scotland,GB,"An elegant and graceful large herding dog with a long, profuse double coat and intelligent expression, known for unwavering loyalty and gentle nature",Herding,Developed in the Scottish Highlands and Northern England as a versatile sheep-herding dog. The breed's popularity soared after Queen Victoria became an enthusiast in the 19th century. The fictional character 'Lassie' made the Rough Collie a global icon.,"{'id': 'WSxoPB2xcZ', 'url': 'https://cdn4.thedogapi.com/optimized/WSxoPB2xcZ.jpg', 'width': 1264, 'height': 848}",23.0,34.0,28.5,56.0,66.0,61.0,12.0,14.0,13.0
Russian Spaniel,2,"energetic, friendly, intelligent, devoted, loyal",Russia,RU,"Small to medium-sized sporting dog with long, silky coat and feathered ears, known for its energetic, friendly nature. The only gundog breed developed in Russia, this sturdy flushing spaniel was created for hunting game birds in Russian terrain.",Sporting,"Developed in the Soviet Union after World War II by crossing English Cocker Spaniels, English Springer Spaniels, and other European spaniels to create a versatile gundog suited to the vast and varied terrain of Russia. The first official breed standard was established in 1951.","{'id': '4RCSX1i1yE', 'url': 'https://cdn4.thedogapi.com/optimized/4RCSX1i1yE.jpg', 'width': 1120, 'height': 960}",11.0,16.0,13.5,36.0,43.0,39.5,12.0,14.0,13.0
Russian Toy,2,"alert, intelligent, loyal, playful, affectionate, energetic, outgoing",Russia,RU,"Very small, elegant toy breed with fine bone structure and lively expression, available in both smooth and long coat varieties. Known for their cheerful disposition and fragile build.",Toy,"Developed in Russia from English Toy Terriers in the early 20th century. Nearly extinct after the Russian Revolution but rebuilt from remaining dogs post-WWII, leading to standardization of both smooth and long-coated varieties. Recently recognized by AKC in 2022.","{'id': 'DXnBRzsNdw', 'url': 'https://cdn4.thedogapi.com/optimized/DXnBRzsNdw.jpg', 'width': 1040, 'height': 1024}",1.4,3.0,2.2,20.0,28.0,24.0,12.0,14.0,13.0
Russian Tsvetnaya Bolonka,2,"affectionate, playful, friendly, intelligent, loyal, sweet-tempered",Russia,RU,"Small, sturdy toy dog with a sweet, loving temperament and a hypoallergenic wavy or curly coat. Known for its playful, affectionate nature and ability to bond closely with families.",Toy,"Developed in the Soviet Union (Russia) after WWII when dog imports were restricted. Bred from small dogs like the Bichon Frise, Shih Tzu, and Pekingese to create a perfect apartment-sized companion. Officially recognized by the AKC in 2026.","{'id': 'p3V16n1GEY', 'url': 'https://cdn4.thedogapi.com/optimized/p3V16n1GEY.jpg', 'width': 1408, 'height': 768}",2.0,5.0,3.5,24.0,26.0,25.0,12.0,16.0,14.0
Russo-European Laika,2,"alert, courageous, independent, intelligent, loyal, energetic, confident",Northern European Russia,RU,"Medium-sized, strong spitz-type hunting dog of the northern forest zone with erect ears, curled bushy tail, and dense weather-resistant double coat, known for its lively, balanced temperament and versatile hunting abilities",Spitz and Primitive Types,Developed from aboriginal hunting dogs (Laikas) from the northern regions of European Russia and northeastern Europe. Officially standardized in the mid-20th century to preserve the working qualities of these versatile hunting spitz for hunting game including small mammals and birds.,"{'id': 'DEezdzbC0K', 'url': 'https://cdn4.thedogapi.com/optimized/DEezdzbC0K.jpg', 'width': 848, 'height': 1264}",16.0,25.0,20.5,48.0,58.0,53.0,11.0,15.0,13.0
Ryukyu,2,"loyal, intelligent, independent, courageous, alert, energetic","Ryukyu Islands (Okinawa), Japan",JP,"Medium-sized, primitive hunting dog from the Ryukyu Islands of Japan with an athletic build, triangular ears, and a distinctive brindle coat. Known for its loyalty to family and traditional use in wild boar hunting. Also, known as 'Ryukyu Inu'.",Primitive,"An indigenous primitive dog native to the Ryukyu Islands, traditionally used for hunting wild boar in dense subtropical forests. The breed faced near extinction but was revived through dedicated preservation efforts starting in the 1980s by the Ryukyu Inu Hozonkai (Ryukyu Dog Preservation Society). Rare breed recognized by the Nihon Ken Hozonkai but not by major international kennel clubs.","{'id': 'CQUHaShvmM', 'url': 'https://cdn4.thedogapi.com/optimized/CQUHaShvmM.jpg', 'width': 1264, 'height': 848}",12.0,20.0,16.0,43.0,52.0,47.5,12.0,14.0,13.0
Saarloos Wolfdog,2,"independent, alert, loyal, reserved, intelligent",Netherlands,NL,"Large, strongly built wolf-like dog with reserved temperament and strong pack instincts, originally created by crossing a German Shepherd with a Eurasian wolf",Working,"Created in the 1930s by Dutch breeder Leendert Saarloos by crossing a German Shepherd Dog with a female Eurasian wolf, aiming to create a more natural, robust working dog. Officially recognized by the Dutch Kennel Club in 1975.","{'id': 'yVQS4vzbtg', 'url': 'https://cdn4.thedogapi.com/optimized/yVQS4vzbtg.jpg', 'width': 1184, 'height': 896}",30.0,41.0,35.5,60.0,75.0,67.5,10.0,12.0,11.0
Sabueso Español,2,"loyal, intelligent, calm, devoted, courageous","Iberian Peninsula, Spain",ES,"A medium-sized, ancient Spanish scenthound characterized by its long, pendulous ears, noble expression, and exceptional scenting ability, bred for tracking game across varied terrain of the Iberian Peninsula",Hound,"Believed to be the oldest of the Iberian scenthound breeds, with descriptions dating back to the 14th century in writings by King Alfonso XI. Developed for tracking wild boar and other game across the Iberian Peninsula, recognized by the FCI","{'id': 'kP06NVq1Ti', 'url': 'https://cdn4.thedogapi.com/optimized/kP06NVq1Ti.jpg', 'width': 1200, 'height': 896}",20.0,25.0,22.5,48.0,57.0,52.5,10.0,13.0,11.5
Saint Berdoodle,2,"gentle, intelligent, friendly, loyal, affectionate, calm, protective",United States,US,"Large and powerful mixed breed combining the gentle, patient nature of the Saint Bernard with the intelligence and often low-shedding coat of the Standard Poodle. Traits can vary significantly based on genetic inheritance, often featuring wavy or curly coats.",Mixed,"Modern designer crossbreed developed in the United States in the late 20th century as part of the 'designer dog' movement. The goal was to combine Saint Bernard's gentle temperament with Standard Poodle's intelligence and hypoallergenic qualities to create a large, family-friendly companion.","{'id': 'ffxc0ncCgZ', 'url': 'https://cdn4.thedogapi.com/optimized/ffxc0ncCgZ.jpg', 'width': 1408, 'height': 768}",41.0,82.0,61.5,56.0,76.0,66.0,8.0,12.0,10.0
Saint Bernard,2,"gentle, friendly, calm, patient, loyal, protective",Switzerland,CH,"A powerful, giant-sized working breed from the Swiss Alps with distinctive markings and massive head, originally bred for mountain rescue. Known for its gentle, patient nature and calm temperament.",Working,Developed by monks at the Great St. Bernard Hospice on the border of Switzerland and Italy for rescue work in treacherous Alpine conditions. Used to locate and rescue travelers lost in snow and fog of dangerous Alpine passes,"{'id': 'K9nzmg0TL', 'url': 'https://cdn2.thedogapi.com/images/K9nzmg0TL.jpg', 'width': 1080, 'height': 1350}",54.0,82.0,68.0,66.0,76.0,71.0,8.0,10.0,9.0
Saint Miguel Cattle Dog,2,"loyal, intelligent, protective, work-focused, courageous, alert","São Miguel Island, Azores, Portugal",PT,"Medium-sized, robust Portuguese cattle herding dog with distinctive brindle coat, known for intelligence, strong work ethic, and guarding instincts. Native to the Azores islands.",Herding,"Developed on São Miguel Island in the Azores, Portugal. Origins linked to extinct Terceira Dog and molosser types brought by early settlers. Served for centuries as exceptional cattle herding and farm guardian dog, with first written standard appearing in 1984. Also known as Cão Fila de São Miguel.","{'id': 'KJ4LZb2yXL', 'url': 'https://cdn4.thedogapi.com/optimized/KJ4LZb2yXL.jpg', 'width': 1040, 'height': 1024}",18.0,32.0,25.0,46.0,60.0,53.0,11.0,14.0,12.5
Saint-Usuge Spaniel,2,"gentle, affectionate, intelligent, eager to please, loyal, devoted, energetic, adaptable","Bresse region, France",FR,"A medium-sized, elegant, and robust French spaniel with a brown coat, known for its versatility as a pointing and retrieving gundog with a gentle and affectionate personality",Sporting,"An ancient French breed developed in the 19th century in the Bresse region of France as a versatile gundog. It nearly became extinct after World War II, but its survival is credited to the dedicated efforts of Father Robert Billard, who began a careful breeding program in 1950 using remaining stock and regional historical standards. The breed was recognized by the Société Centrale Canine (France) in 1990 and provisionally by the FCI in 2003.","{'id': 'OHWsNdOh9O', 'url': 'https://cdn4.thedogapi.com/optimized/OHWsNdOh9O.jpg', 'width': 1136, 'height': 928}",13.0,20.0,16.5,41.0,54.0,47.5,12.0,15.0,13.5
Sakhalin Husky,2,"loyal, intelligent, independent, work-focused, energetic, courageous","Sakhalin Island, Russia",RU,"Large, powerful spitz-type sled dog originating from Sakhalin Island, also known as the Karafuto Ken. This robust arctic breed with dense double coat was originally bred for endurance and strength in cold climates but is now considered functionally extinct with no active breeding programs.",Working,"Developed by the indigenous Nivkh people of Sakhalin Island for sledding, hunting and transportation. Gained international fame after the 1958 Japanese Antarctic expedition where dogs Taro and Jiro survived a year abandoned in Antarctica. Despite revival efforts, the breed is considered functionally extinct since the last confirmed purebred died in the 1970s.","{'id': 'mEFVWsxfjh', 'url': 'https://cdn4.thedogapi.com/optimized/mEFVWsxfjh.jpg', 'width': 1200, 'height': 896}",25.0,40.0,32.5,51.0,66.0,58.5,12.0,15.0,13.5
Saluki,2,"gentle, independent, intelligent, devoted, calm, reserved",Middle East (Fertile Crescent),EG,"Ancient, elegant sighthound of the Middle East with graceful build, feathered ears and tail, known for extraordinary speed, endurance, and dignified nature. Bred for hunting gazelle across desert terrain.",Hound,"One of the most ancient domesticated dog breeds, treasured by royalty and Bedouin tribes for thousands of years. Considered sacred by Muslims and revered throughout the Middle East for hunting gazelle and swift prey across desert terrain.","{'id': 'VdUHW9aaz', 'url': 'https://cdn2.thedogapi.com/images/VdUHW9aaz.jpg', 'width': 1280, 'height': 1920}",16.0,29.0,22.5,58.0,71.0,64.5,10.0,17.0,13.5
Samoyed,2,"friendly, gentle, adaptable, alert, intelligent, playful",Siberia,RU,"A powerful and graceful medium to large Arctic spitz breed with a thick, all-white double coat and distinctive 'Samoyed smile' created by the upturned corners of the mouth",Working,"Ancient breed developed by the nomadic Samoyede people of Siberia over 3,000 years ago for herding reindeer, pulling sleds, and companionship. Their thick coats protected them from brutal climate, and they often slept with families for warmth. Brought out of Siberia in late 19th and early 20th centuries. Recognized by AKC in 1906.","{'id': 'bLkWhvuqNJ', 'url': 'https://cdn4.thedogapi.com/optimized/bLkWhvuqNJ.jpg', 'width': 1024, 'height': 1040}",16.0,29.0,22.5,48.0,60.0,54.0,12.0,14.0,13.0
Sapsali,2,"loyal, gentle, friendly, protective, intelligent, patient",Korea,KR,"Medium-sized Korean breed with long, shaggy coat covering the eyes and robust build, originally kept as a spiritual guardian believed to dispel evil spirits and bring good fortune",Non-Sporting,"Ancient Korean breed traditionally believed to dispel evil spirits and bring good fortune. Nearly extinct during Japanese occupation but saved through dedicated preservation efforts by professors at Kyungpook National University, leading to designation as National Treasure","{'id': 'W6BdzlKxKS', 'url': 'https://cdn4.thedogapi.com/optimized/W6BdzlKxKS.jpg', 'width': 1264, 'height': 848}",14.0,28.0,21.0,46.0,58.0,52.0,10.0,14.0,12.0
Sarabi,2,"protective, independent, calm, loyal, courageous","Sarab County, East Azerbaijan Province, Iran",IR,"A large, powerful livestock guardian landrace breed from Sarab County in Iran, known for its massive frame, protective instincts, loyalty, and imposing presence",Working,"An ancient landrace breed from the Sarab region of northwestern Iran, developed over centuries as a powerful livestock guardian dog to protect flocks from large predators such as wolves and bears. Not officially recognized by major international kennel clubs.","{'id': 'Z18jXR6P8m', 'url': 'https://cdn4.thedogapi.com/optimized/Z18jXR6P8m.jpg', 'width': 896, 'height': 1200}",45.0,90.0,67.5,71.0,89.0,80.0,10.0,12.0,11.0
Sarail Hound,2,"loyal, courageous, intelligent, protective, energetic, alert","Sarail, Bangladesh",BD,"A rare, tall, and athletic sighthound native to Bangladesh, renowned for its speed, endurance, and hunting ability. Known for being courageous, loyal, and protective, this breed was historically prized for hunting and guarding estates.",Hound,"An ancient and rare sighthound breed originating from the Sarail region of Bangladesh. Believed to have been developed by Moghul zamindars by crossing Arabian Salukis with local dog breeds. Historically used by village households and officials, valued for speed, loyalty, and guarding ability in hunting and coursing game.","{'id': 'aZCddydGBk', 'url': 'https://cdn4.thedogapi.com/optimized/aZCddydGBk.jpg', 'width': 1264, 'height': 848}",20.0,32.0,26.0,58.0,69.0,63.5,10.0,14.0,12.0
Sardinian Shepherd Dog,2,"protective, loyal, independent, intelligent, alert, courageous","Sardinia, Italy",IT,"Medium-sized rustic livestock guardian native to the island of Sardinia, known for its robust build, weather-resistant goat-like coat, and strong protective instincts developed through centuries of guarding livestock in rugged terrain",Pastoral/Herding,"Ancient landrace breed native to the island of Sardinia, traditionally used by local shepherds for guarding livestock against predators for centuries. Developed through natural selection in relative isolation, preserving strong working instincts and hardiness. Also known as Pastore Fonnese or Cane da Pastore Fonnese, officially recognized by Italian Kennel Club (ENCI) in 2013","{'id': 'WbBoMR05UB', 'url': 'https://cdn4.thedogapi.com/optimized/WbBoMR05UB.jpg', 'width': 1168, 'height': 912}",25.0,35.0,30.0,52.0,60.0,56.0,12.0,14.0,13.0
Šarplaninac,2,"independent, protective, loyal, calm, courageous, confident","Šar Mountains region (Serbia, North Macedonia, Kosovo, Albania)",RS,"Large, robust livestock guardian dog from the Balkan region with a dense, weather-resistant double coat and calm, independent protective nature. This ancient molossoid-type breed is known for its powerful build and natural guardian instincts.",Working,"Ancient molossoid-type livestock guardian breed developed in the Šar Mountains region, used for centuries to protect sheep from wolves and bears. First standardized by the Yugoslavian Kennel Club in 1939 and recognized by the FCI in 1957 as the Yugoslav Shepherd Dog—Sharplanina.","{'id': 'mcyRKMW9rs', 'url': 'https://cdn4.thedogapi.com/optimized/mcyRKMW9rs.jpg', 'width': 1152, 'height': 928}",30.0,55.0,42.5,56.0,70.0,63.0,11.0,13.0,12.0
Schapendoes,2,"friendly, intelligent, energetic, playful, courageous, alert",Netherlands,NL,"Medium-sized Dutch herding dog with a long, shaggy double coat and lively, cheerful disposition. Known for its springy, effortless movement and lightly built frame, this energetic breed combines intelligence with an independent herding nature.",Herding,Ancient Dutch herding breed developed to herd sheep in the wetlands of the Netherlands. Nearly extinct after WWII but successfully revived by P.M.C. Toepoel and dedicated fanciers in the 1940s-1950s from remaining dogs.,"{'id': '8MxYvv13el', 'url': 'https://cdn4.thedogapi.com/optimized/8MxYvv13el.jpg', 'width': 1232, 'height': 864}",12.0,20.0,16.0,40.0,51.0,45.5,12.0,15.0,13.5
Schillerstövare,2,"energetic, intelligent, alert, loyal, courageous, work-focused",Sweden,SE,"A medium-sized, noble Swedish scenthound with a distinctive tan coat and black mantle, known for its athletic nature and exceptional ability as a hunter of fox and hare. This energetic Scandinavian breed combines endurance with keen scenting abilities.",Hound,"Developed in the late 19th century by Swedish farmer Per Schiller, who crossed Swiss and German scenthounds with local hounds and English Harrier-type hounds. Created to be an exceptional hunter of fox and hare, first exhibited in 1907.","{'id': 'UrFbsc08eC', 'url': 'https://cdn4.thedogapi.com/optimized/UrFbsc08eC.jpg', 'width': 1040, 'height': 1024}",18.0,25.0,21.5,52.0,61.0,56.5,12.0,15.0,13.5
Schipperke,2,"alert, confident, energetic, intelligent, independent, curious",Belgium,BE,"Small, compact, tailless spitz-type dog with a distinctive fox-like face, thick double coat, and abundant ruff around the neck. Known as the 'little captain', this agile black dog has a confident demeanor and alert expression.",Non-Sporting,Developed in the Flemish regions of Belgium as a canal barge watchdog and ratter. The name means 'little captain' and the breed served as an adept guardian and vermin hunter on Belgian waterways for centuries.,"{'id': 'fWSbovpqXi', 'url': 'https://cdn4.thedogapi.com/optimized/fWSbovpqXi.jpg', 'width': 1200, 'height': 896}",4.5,7.0,5.75,25.0,33.0,29.0,12.0,14.0,13.0
Schnoodle,2,"intelligent, loyal, playful, alert, affectionate, devoted, energetic",United States,US,"A crossbreed between a Poodle and a Schnauzer, combining intelligence, charming personality, and low-shedding coat. This mixed breed companion dog is known for its playful nature, with size and appearance varying significantly depending on the parent breeds used.",Mixed,Developed in the United States starting in the 1980s as a designer crossbreed created to combine the Poodle's intelligence and low-shedding coat with the Schnauzer's sturdiness and alert nature for companion and family purposes,"{'id': 'zd9lGN4m1Q', 'url': 'https://cdn4.thedogapi.com/optimized/zd9lGN4m1Q.jpg', 'width': 1264, 'height': 848}",4.5,36.0,20.25,25.0,66.0,45.5,10.0,16.0,13.0
Schweizerischer Niederlaufhund,2,"intelligent, alert, energetic, friendly, loyal, independent",Switzerland,CH,"A smaller version of the Swiss Hound, the Schweizerischer Niederlaufhund (Small Swiss Hound) is a sturdy, energetic scenthound with short legs bred for hunting in the mountainous terrain of Switzerland. This medium-small scent hound comes in four distinct coat varieties and possesses keen hunting instincts ideal for tracking game in confined territories.",Scenthound,"Developed in Switzerland around 1905 when hunting regulations restricted hunting to specific districts, favoring smaller, slower hounds. Created by selectively breeding smaller specimens of existing Swiss Hounds to create dogs well-suited for hunting in confined mountainous territories.","{'id': 'ZrLwvor3sA', 'url': 'https://cdn4.thedogapi.com/optimized/ZrLwvor3sA.jpg', 'width': 1200, 'height': 896}",15.0,18.0,16.5,33.0,43.0,38.0,12.0,14.0,13.0
Schweizer Laufhund,2,"energetic, intelligent, gentle, devoted, alert, independent",Switzerland,CH,"Medium-sized Swiss scent hound with lean, athletic build and distinctive tricolor or bicolor coat, bred for tracking game in mountainous terrain. Known for noble appearance, endurance, and passionate hunting ability, this ancient breed comes in four distinct varieties: Bernese, Jura, Lucerne, and Schwyz.",Hound,"Ancient breed descending from scenthounds present in Switzerland since Roman times, prized by European gentry in the 15th-18th centuries. The modern standard was established in the late 19th and early 20th centuries, unifying four regional varieties into one breed standard.","{'id': '9BQJvVBwXk', 'url': 'https://cdn4.thedogapi.com/optimized/9BQJvVBwXk.jpg', 'width': 1072, 'height': 992}",16.0,25.0,20.5,47.0,59.0,53.0,12.0,14.0,13.0
Scoodle,2,"intelligent, confident, alert, playful, loyal",United States,US,"Small to medium spirited crossbreed combining Scottish Terrier's bold, confident temperament with Poodle's intelligence and low-shedding coat. Features a sturdy build with wiry or curly coat and lively expression.",Mixed,"Modern designer crossbreed intentionally developed in the United States to combine Scottish Terrier's bold, confident personality with Poodle's intelligence and hypoallergenic coat qualities","{'id': 'd70Xh3AAKD', 'url': 'https://cdn4.thedogapi.com/optimized/d70Xh3AAKD.jpg', 'width': 1408, 'height': 768}",4.5,10.0,7.25,25.0,38.0,31.5,12.0,15.0,13.5
Scottish Deerhound,2,"gentle, dignified, calm, loyal, friendly",Scotland,GB,"Large, athletic sighthound with rough, wiry coat and dignified bearing, often called the 'Royal Dog of Scotland', bred for coursing giant red deer in the Scottish Highlands",Hound,"Ancient sighthound breed developed in Scottish Highlands to hunt giant wild red deer. Once so prized that ownership was restricted to nobility, nearly went extinct with decline of clan system but was revived in 19th century. Recognized by AKC in 1886.","{'id': 'i9G4f21V3R', 'url': 'https://cdn4.thedogapi.com/optimized/i9G4f21V3R.jpg', 'width': 1264, 'height': 832}",34.0,50.0,42.0,71.0,81.0,76.0,8.0,11.0,9.5
Scottish Terrier,2,"confident, independent, alert, intelligent, loyal",Scotland,GB,"Small, compact, and sturdy terrier with a distinctive wiry coat, erect ears, beard and eyebrows, and dignified, confident presence",Terrier,"One of Scotland's oldest Highland terrier breeds, developed in the Scottish Highlands for hunting vermin in difficult terrain. Recognized by The Kennel Club (UK) in 1883 and the AKC in 1885.","{'id': 'Bklnce5NX', 'url': 'https://cdn2.thedogapi.com/images/Bklnce5NX_1280.jpg', 'width': 1280, 'height': 976}",8.0,10.0,9.0,25.0,28.0,26.5,12.0,15.0,13.5
Sealyham Terrier,2,"friendly, alert, confident, outgoing, courageous","Wales, United Kingdom",GB,"Small, sturdy white terrier with rectangular body shape, long hard wiry coat, and distinctive beard and furnishings on face and legs",Terrier,Developed in the mid-19th century by Captain John Edwardes at his Sealy Ham estate in Wales for hunting badgers foxes and otters. Recognized by The Kennel Club in 1910 and AKC in 1911,"{'id': '24xhPdACjq', 'url': 'https://cdn4.thedogapi.com/optimized/24xhPdACjq.jpg', 'width': 1200, 'height': 896}",9.5,11.0,10.25,27.0,28.0,27.5,12.0,14.0,13.0
Segugio dell'Appennino,2,"energetic, intelligent, alert, courageous, work-focused, independent","Apennine Mountains, Italy",IT,"A medium-sized, rugged Italian scenthound with a short coat (smooth or wire-haired varieties), specifically developed for hunting hare in the challenging mountainous terrain of the Apennines. This athletic, work-focused breed combines intelligence with the independent determination typical of scenthounds.",Hound,"Descended from ancient hounds of the Italian Apennines, likely influenced by dogs brought by Phoenician merchants. Traditional Italian scenthound developed over centuries specifically for hunting hare in the region's challenging mountainous terrain. Recognized by FCI provisionally in 2019 with both smooth and wire-haired varieties.","{'id': 'SShC6Vout4', 'url': 'https://cdn4.thedogapi.com/optimized/SShC6Vout4.jpg', 'width': 1408, 'height': 768}",10.0,20.0,15.0,40.0,52.0,46.0,12.0,15.0,13.5
Segugio Italiano,2,"intelligent, energetic, loyal, alert, determined, eager to please",Italy,IT,"An ancient Italian scenthound of noble appearance with medium-sized, athletic build and distinctive hound features. Bred for speed and endurance in hunting, the breed comes in two coat varieties: shorthaired (pelo raso) and wirehaired (pelo forte), renowned for exceptional scenting ability.",Hound,"Descended from ancient hounds of Egypt and Phoenicia, the Segugio Italiano has existed in Italy for centuries. Refined during the Renaissance, this ancient breed has long been prized by Italian hunters for stamina, speed, and exceptional scenting ability in hunting hare and wild boar.","{'id': 'h32ZmgvIVI', 'url': 'https://cdn4.thedogapi.com/optimized/h32ZmgvIVI.jpg', 'width': 1120, 'height': 960}",18.0,28.0,23.0,48.0,60.0,54.0,10.0,14.0,12.0
Segugio Maremmano,2,"alert, energetic, intelligent, courageous, independent","Maremma region, Tuscany, Italy",IT,"Medium-sized Italian scent hound with athletic build and strong hunting instincts, developed for wild boar hunting in the Maremma region of Tuscany. Known for its endurance, determination, and sturdy rustic build designed for challenging terrain.",Hound,Ancient Italian breed developed in the coastal Maremma region of Tuscany for hunting wild boar and hare. Descended from ancient Roman hunting hounds and perfected by local hunters over generations for tenacity and skill in challenging terrain. Recognized by the FCI and Italian Kennel Club.,"{'id': 'hW0pGzebu5', 'url': 'https://cdn4.thedogapi.com/optimized/hW0pGzebu5.jpg', 'width': 992, 'height': 1072}",16.0,24.0,20.0,46.0,56.0,51.0,10.0,14.0,12.0
Serbian Hound,2,"energetic, loyal, intelligent, courageous, devoted, tenacious",Serbia,RS,"Medium-sized, robust scent hound with a distinctive short, dense red coat and black saddle (mantle), known for stamina, determination, and endurance in mountainous hunting terrain",Hound,"Ancient Balkan scenthound believed descended from Phoenician hounds, developed in Serbia for hunting hare, fox, and wild boar in mountainous terrain. First standard dates to 1924, formerly known as the Balkan Hound, recognized by FCI","{'id': '1TJAXgPjbT', 'url': 'https://cdn4.thedogapi.com/optimized/1TJAXgPjbT.jpg', 'width': 1104, 'height': 960}",18.0,25.0,21.5,44.0,56.0,50.0,12.0,14.0,13.0
Serbian Tricolour Hound,2,"energetic, intelligent, loyal, alert, devoted, gentle",Serbia,RS,"Medium-sized, robust scenthound with distinctive tricolor coat and solid construction, known for its tenacity, keen tracking ability, and lively temperament. Bred for hunting hare, fox, and larger game like wild boar in mountainous terrain.",Scenthound,"Developed in the Balkan region by crossing local Balkan hounds in early 20th century. First official standard drawn up in 1959 as 'Yugoslavian Tricolour Hound', officially recognized by FCI in 1961, renamed Serbian Tricolour Hound in 2006 after Yugoslavia's dissolution.","{'id': 'nw1zk4Lbf4', 'url': 'https://cdn4.thedogapi.com/optimized/nw1zk4Lbf4.jpg', 'width': 1408, 'height': 768}",18.0,30.0,24.0,44.0,56.0,50.0,12.0,14.0,13.0
Serrano Bulldog,2,"loyal, protective, confident, courageous, calm, alert","Brazil (Serra Gaúcha region, Southern Brazil)",BR,"Medium-sized, powerful, and muscular molosser-type bulldog breed developed in southern Brazil for guarding, property protection, and cattle work",Working,"Developed in the highlands of Southern Brazil (Serra Gaúcha region) from dogs brought by European immigrants, primarily the old Bullenbeisser, crossed with local working dogs. The breed was adapted for working with cattle (catching and holding), guarding property, and family protection in the local rustic environment. Recognized by the Confederação Brasileira de Cinofilia (CBKC).","{'id': '70lgNuWy8z', 'url': 'https://cdn4.thedogapi.com/optimized/70lgNuWy8z.jpg', 'width': 896, 'height': 1200}",25.0,40.0,32.5,46.0,56.0,51.0,10.0,12.0,11.0
Sheepadoodle,2,"intelligent, playful, gentle, energetic, friendly, loyal",United States,US,"Large crossbreed combining the Old English Sheepdog's gentle herding nature with the Poodle's intelligence and low-shedding coat. Known for a shaggy coat and family-friendly disposition, with characteristics varying depending on genetic inheritance from parent breeds",Mixed,"Designer crossbreed developed in the United States in the 1980s, gaining popularity in the late 20th century. Created by crossing Old English Sheepdog with Standard Poodle for a large, family-oriented dog with low-shedding coat qualities","{'id': 'AXFsmfa5hg', 'url': 'https://cdn4.thedogapi.com/optimized/AXFsmfa5hg.jpg', 'width': 1408, 'height': 768}",20.0,39.0,29.5,53.0,69.0,61.0,10.0,15.0,12.5
Shetland Sheepdog,2,"intelligent, loyal, alert, playful, gentle, eager to please","Shetland Islands, Scotland",GB,"Small, agile herding dog from the Shetland Islands, resembling a miniature Rough Collie with a dense double coat, intelligent expression, and alert demeanor. A distinct breed known for its bright, playful nature and collie-like appearance.",Herding,"Developed in the rugged Shetland Islands of Scotland as a small, hardy herding dog for sheep and ponies in harsh conditions. Created by crossing native dogs with Border Collies, Scotch Collies and possibly Spitz breeds. Recognized by AKC in 1911.","{'id': 'sed3BFUfdo', 'url': 'https://cdn4.thedogapi.com/optimized/sed3BFUfdo.jpg', 'width': 1200, 'height': 896}",7.0,11.0,9.0,33.0,41.0,37.0,12.0,14.0,13.0
Shiba Inu,2,"alert, confident, intelligent, independent, loyal, courageous",Japan,JP,"An ancient Japanese spitz breed with a small, compact, well-muscled frame and distinctive fox-like appearance. Known for its spirited personality, confident bearing, and agile movement.",Non-Sporting,"One of Japan's six oldest native breeds, originally developed for hunting small game in mountainous terrain. Nearly extinct after WWII but saved through dedicated breeding programs. First brought to the United States in 1954.","{'id': 'YOZ3-uVvB', 'url': 'https://cdn2.thedogapi.com/images/YOZ3-uVvB.jpg', 'width': 1080, 'height': 1350}",7.0,11.0,9.0,34.0,42.0,38.0,,,
Shih Poo,2,"affectionate, friendly, playful, intelligent, outgoing",United States,US,"Small designer crossbreed between Shih Tzu and Poodle with soft, wavy or curly coat and hypoallergenic potential. Known for friendly temperament and playful nature, though appearance and temperament can vary as a mixed breed.",Mixed,Modern designer crossbreed developed in the late 20th/early 21st century in the United States by crossing Shih Tzu with Toy or Miniature Poodle. Primary goal was to create a small companion dog combining Shih Tzu affectionate nature with Poodle intelligence and low-shedding coat. Not recognized as standardized breed by major kennel clubs.,"{'id': 'MaMX41o2vV', 'url': 'https://cdn4.thedogapi.com/optimized/MaMX41o2vV.jpg', 'width': 1408, 'height': 768}",3.5,8.0,5.75,20.0,38.0,29.0,10.0,17.0,13.5
Shih Tzu,2,"affectionate, playful, outgoing, loyal",Tibet/China,CN,"Small, sturdy toy breed with a distinctive short snout, large dark eyes, and luxurious long flowing double coat. Known for their charming, affectionate companion temperament",Toy,"Ancient breed developed in Tibetan monasteries and refined by imperial breeders in Chinese palace courts. Believed to descend from Tibetan breeds, possibly crosses between Lhasa Apso and Pekingese, prized as house pets for centuries","{'id': 'FpTUahuFwc', 'url': 'https://cdn4.thedogapi.com/optimized/FpTUahuFwc.jpg', 'width': 1152, 'height': 928}",4.0,7.0,5.5,23.0,27.0,25.0,10.0,18.0,14.0
Shikoku,2,"alert, loyal, energetic, intelligent, courageous, independent","Shikoku Island, Japan",JP,"A medium-sized, primitive spitz-type hunting dog from Japan with a wolf-like appearance, compact build, and dense double coat. Known for its keen senses, endurance, and spirited yet cautious nature.",Spitz and Primitive Types,"Ancient Japanese breed developed for hunting wild boar and deer in mountainous regions of Kochi Prefecture on Shikoku Island. Declared Japanese Natural Monument in 1937 for preservation, maintained in relative isolation.","{'id': '7nEFc5yLdc', 'url': 'https://cdn4.thedogapi.com/optimized/7nEFc5yLdc.jpg', 'width': 1184, 'height': 896}",16.0,25.0,20.5,44.0,55.0,49.5,10.0,15.0,12.5
Shiloh Shepherd,2,"calm, gentle, intelligent, loyal, confident, affectionate","New York, United States",US,"Large, well-balanced shepherd breed developed from German Shepherds with a plush double coat, bred specifically for a calmer, gentler temperament and improved health compared to traditional German Shepherds",Herding,"Developed in the 1970s in New York by Tina Barber, who crossed larger old-style German Shepherds with Alaskan Malamutes and other breeds to create a larger, calmer shepherd with focus on sound hips, stable temperament, reduced hip dysplasia, and family companionship","{'id': 'ls767UKreG', 'url': 'https://cdn4.thedogapi.com/optimized/ls767UKreG.jpg', 'width': 1136, 'height': 944}",36.0,59.0,47.5,66.0,76.0,71.0,9.0,14.0,11.5
Shorkie,2,"affectionate, playful, intelligent, alert, loyal, confident",United States,US,"Small designer crossbreed combining Shih Tzu and Yorkshire Terrier traits, known for its big personality, silky coat, and spirited yet affectionate nature in a compact companion dog",Mixed,"Modern designer crossbreed developed in the United States during the 21st century by crossing Shih Tzu and Yorkshire Terrier to create a small companion dog with low-shedding coat and lively, affectionate temperament. Not recognized by major kennel clubs.","{'id': 'HiV2OGY5KH', 'url': 'https://cdn4.thedogapi.com/optimized/HiV2OGY5KH.jpg', 'width': 1408, 'height': 768}",3.0,7.0,5.0,18.0,28.0,23.0,11.0,16.0,13.5
Siberian Husky,2,"friendly, outgoing, intelligent, alert, gentle, independent, energetic","Siberia, Russia",RU,"Medium-sized, athletic working sled dog with thick double coat, striking wolf-like appearance, and erect triangular ears, bred for endurance sledding in harsh arctic conditions",Working,"Developed by the Chukchi people of Siberia as an endurance sled dog for transportation in harsh arctic conditions. Brought to Alaska in 1908 for sled dog racing, gained fame during the 1925 serum run to Nome, and recognized by AKC in 1930.","{'id': 'S17ZilqNm', 'url': 'https://cdn2.thedogapi.com/images/S17ZilqNm_1280.jpg', 'width': 1920, 'height': 1280}",16.0,27.0,21.5,51.0,60.0,55.5,12.0,14.0,13.0
Silken Windhound,2,"friendly, gentle, affectionate, intelligent, playful, calm",United States,US,"Medium-sized graceful sighthound with a silky, moderately long coat and elegant athletic build, combining the speed of a sighthound with a trainable, affectionate temperament and gentle nature",Hound,"Developed in the 1980s by Francie Stull crossing Borzoi, Whippets, and small amount of Shetland Sheepdog to create a medium-sized sighthound with longer coat and biddable temperament","{'id': 'VywKKonr8P', 'url': 'https://cdn4.thedogapi.com/optimized/VywKKonr8P.jpg', 'width': 1152, 'height': 928}",9.0,25.0,17.0,46.0,60.0,53.0,12.0,18.0,15.0
Sinhala Hound,2,"alert, independent, loyal, intelligent, energetic",Sri Lanka,LK,"An ancient landrace sighthound from Sri Lanka with a lean, athletic build and short coat. This medium-sized primitive dog is known for its keen hunting instincts, alert expression, and reserved yet loyal nature.",Sighthound & Pariah,"Ancient pariah-type landrace native to Sri Lanka, traditionally used by indigenous Vedda people for hunting small game, tracking, and village guarding. Efforts are underway by the Kennel Association of Sri Lanka to standardize and preserve this primitive breed with strong survival instincts.","{'id': 'ttwT2KqpTi', 'url': 'https://cdn4.thedogapi.com/optimized/ttwT2KqpTi.jpg', 'width': 1248, 'height': 864}",13.0,20.0,16.5,43.0,56.0,49.5,12.0,15.0,13.5
Skye Terrier,2,"loyal, courageous, intelligent, calm, confident","Isle of Skye, Scotland",GB,"Long, low-built terrier with flowing double coat that parts down the middle and distinctive feathered ears. Despite its elegant, stylish appearance, this is a hardy and courageous working dog with a dignified demeanor, originally bred for hunting vermin on the Isle of Skye.",Terrier,"Developed on the Isle of Skye in Scotland for hunting fox, otter, and vermin in rocky terrain. Gained popularity in the 19th century when Queen Victoria became a fancier. Made famous by Greyfriars Bobby in Edinburgh. Recognized by AKC in 1887.","{'id': 'EAOmB1oGAh', 'url': 'https://cdn4.thedogapi.com/optimized/EAOmB1oGAh.jpg', 'width': 1200, 'height': 880}",11.0,20.0,15.5,23.0,27.0,25.0,12.0,14.0,13.0
Sloughi,2,"independent, gentle, loyal, intelligent, reserved",North Africa,MA,"Ancient, elegant North African sighthound with lean athletic build and smooth short coat, bred by Berber and Bedouin tribes for hunting in desert terrain. Known for its noble, graceful appearance and reserved temperament.",Hound,"Ancient sighthound breed developed by Berber and Bedouin tribes in North Africa for hunting desert game such as gazelle, hare, fox, and jackal over vast distances. Highly prized for speed, endurance, and graceful gait in harsh desert conditions. Recognized by FCI and AKC.","{'id': 'Hty4RiVLuY', 'url': 'https://cdn4.thedogapi.com/optimized/Hty4RiVLuY.jpg', 'width': 928, 'height': 1152}",16.0,32.0,24.0,61.0,74.0,67.5,12.0,15.0,13.5
Slovak Cuvac,2,"alert, courageous, loyal, protective, independent, confident",Slovakia,SK,"Large, robust white livestock guardian dog of the mountain type with thick double coat, known for its imposing stature and courageous, protective nature developed for livestock protection in Slovakia",Working,"Ancient breed developed in Slovak mountainous regions for guarding livestock for centuries. After World War II, the breed was nearly extinct until Dr. Antonin Hruza established a breeding program to restore numbers. Officially standardized in 20th century and recognized by FCI in 1964.","{'id': 'ScJbN2cIKo', 'url': 'https://cdn4.thedogapi.com/optimized/ScJbN2cIKo.jpg', 'width': 1200, 'height': 896}",30.0,45.0,37.5,59.0,70.0,64.5,11.0,13.0,12.0
Slovak Rough-haired Pointer,2,"intelligent, loyal, energetic, work-focused, adaptable",Slovakia,SK,"A versatile and noble-looking medium-to-large gundog with harsh, wiry gray coat and muscular, athletic build. Distinguished by its endurance in the field and developed for pointing, tracking, and retrieving on land and in water.",Sporting,"Developed in Slovakia after World War II in the 1950s by crossing German Wirehaired Pointers, Weimaraners, and Cesky Fousek with local hunting dogs. The goal was to create a versatile, durable gundog capable of pointing, tracking, and retrieving on land and in water. Officially recognized by the FCI in 1983.","{'id': 'fn2j6dPENK', 'url': 'https://cdn4.thedogapi.com/optimized/fn2j6dPENK.jpg', 'width': 896, 'height': 1200}",22.0,35.0,28.5,57.0,68.0,62.5,12.0,15.0,13.5
Slovenský kopov,2,"courageous, energetic, intelligent, loyal, alert, work-focused",Slovakia,SK,"Medium-sized black and tan scent hound of Slovakian origin, known for exceptional endurance and tenacious courage. Bred specifically for tracking and hunting wild boar in mountainous and rugged terrain, this persistent scenthound combines intelligence with a distinctive work-focused temperament.",Hound,Ancient national breed developed in Slovakia during the 1950s by crossing local hunting dogs with other European scent hounds. Specifically bred as a versatile scenthound for tracking and hunting wild boar and deer in mountainous terrain. The breed standard was first established in 1963.,"{'id': 'w1x9MMmJmL', 'url': 'https://cdn4.thedogapi.com/optimized/w1x9MMmJmL.jpg', 'width': 1184, 'height': 896}",15.0,20.0,17.5,40.0,50.0,45.0,12.0,14.0,13.0
Smaland Hound,2,"calm, intelligent, loyal, alert, energetic","Småland, Sweden",SE,"Medium-sized Swedish scenthound and the oldest native Swedish scent hound, featuring a compact, sturdy build with a tricolor coat and often naturally bobbed tail. Known for keen hunting ability and alert, energetic temperament.",Hound,"Sweden's oldest native scent hound with origins dating back to the 16th century, developed in Småland province for hunting hare and fox. Modern breed established in early 20th century from local scenthounds and imported European hounds, bred for natural bobtail trait and versatility in dense southern Swedish forests.","{'id': 'RFKlSlB9G5', 'url': 'https://cdn4.thedogapi.com/optimized/RFKlSlB9G5.jpg', 'width': 1088, 'height': 976}",13.6,20.4,17.0,43.2,53.5,48.35,12.0,15.0,13.5
Small Međimurje Dog,2,"energetic, intelligent, alert, loyal, affectionate","Međimurje, Croatia",HR,"A small Croatian hunting dog with compact build and keen scenting abilities, historically known as 'Međimurski ftičar' (little bird hunter). This rare, energetic breed combines primitive-type characteristics with scenthound abilities and makes a loyal companion and courageous watchdog.",Hound,"Developed in the Međimurje region of northwestern Croatia as a hunting companion for small game, traditionally known as 'Međimurski ftičar' (little bird hunter). Known locally for generations as both hunter and companion, provisionally recognized by the FCI in 2022.","{'id': 'EAo8K4kp5t', 'url': 'https://cdn4.thedogapi.com/optimized/EAo8K4kp5t.jpg', 'width': 1200, 'height': 896}",7.0,16.0,11.5,32.0,43.0,37.5,12.0,15.0,13.5
Small Münsterländer,2,"intelligent, eager to please, energetic, loyal, adaptable","Münster region, Germany",DE,"Medium-sized versatile hunting dog of German origin with distinctive brown and white or brown roan feathered coat, known for excellent pointing and retrieving abilities and elegant appearance",Sporting,"Developed in the Münsterland region of Germany in the early 1900s from crossing German Longhaired Pointers with Brittany-type dogs and long-haired German Spaniels to create a versatile, all-purpose hunting companion","{'id': 'AX0nuGJ1W9', 'url': 'https://cdn4.thedogapi.com/optimized/AX0nuGJ1W9.jpg', 'width': 1344, 'height': 800}",18.0,30.0,24.0,50.0,56.0,53.0,12.0,14.0,13.0
Smithfield,2,"intelligent, loyal, work-focused, alert, independent, courageous",England,GB,"Large historical herding dog with thick, shaggy coat originally used for droving cattle to London's Smithfield Market. Considered an ancestor of the Old English Sheepdog, this hardy working breed is now extinct in its original form, though similar types persist in Australia as landrace breeds.",Herding,"Historic droving breed originating in England, named after London's Smithfield Market where these dogs drove and managed cattle. Known for hardiness and intelligence, they were brought to Australia and Tasmania by early settlers. The original English Smithfield is now extinct, but similar types persist as landrace breeds in Australia. Considered a key ancestor to modern Old English Sheepdogs and Bearded Collies.","{'id': 'Zf32t5dOel', 'url': 'https://cdn4.thedogapi.com/optimized/Zf32t5dOel.jpg', 'width': 896, 'height': 1200}",14.0,25.0,19.5,43.0,53.0,48.0,12.0,14.0,13.0
Smooth Collie,2,"intelligent, loyal, gentle, friendly, devoted",Scotland and Northern England,GB,"Medium to large graceful herding dog with short, dense, smooth coat and elegant build. Distinguished by its intelligent, gentle expression and lithe, active build, the Smooth Collie shares the same chassis and sweet temperament as its rough-coated counterpart but is an easier-to-groom variety",Herding,"Developed in the Scottish Highlands and Northern England as a sheep-herding dog, sharing ancestry with the Rough Collie but selected for shorter coat favored in milder climates. Popularity surged after Queen Victoria became an enthusiast in the 19th century","{'id': 'UDfnMbIhDx', 'url': 'https://cdn4.thedogapi.com/optimized/UDfnMbIhDx.jpg', 'width': 1264, 'height': 848}",23.0,34.0,28.5,56.0,66.0,61.0,12.0,14.0,13.0
Smooth Fox Terrier,2,"energetic, alert, intelligent, friendly, courageous, playful",England,GB,"Compact, energetic terrier with a predominantly white, short, smooth coat and keen, alert expression. This sturdy, medium-sized breed combines intelligence with the bold, lively spirit characteristic of terriers.",Terrier,"Developed in England in the 18th-19th century for fox hunting, with their primary role being to 'bolt' foxes from dens. Refined from various terrier breeds and hounds, standardized by English foxhunters. Smooth and Wire Fox Terriers were considered one breed until 1985.","{'id': 'Syszjx9Em', 'url': 'https://cdn2.thedogapi.com/images/Syszjx9Em_1280.jpg', 'width': 1600, 'height': 1031}",7.0,8.5,7.75,36.0,39.0,37.5,12.0,15.0,13.5
Soft Coated Wheaten Terrier,2,"friendly, happy, intelligent, devoted, energetic",Ireland,IE,"Medium-sized, hardy and agile terrier distinguished by its soft, silky, gently waving coat of warm wheaten color and lively expression. Known for their joyful, affectionate nature with a steady, confident temperament.",Terrier,"Ancient Irish breed developed over 200 years as versatile farm dog for herding, guarding property, and vermin control. Known as the 'poor man's Wolfhound,' gained official recognition from Irish Kennel Club in 1937 and AKC in 1973.","{'id': 'ikOLxquC5T', 'url': 'https://cdn4.thedogapi.com/optimized/ikOLxquC5T.jpg', 'width': 1136, 'height': 928}",14.0,18.0,16.0,43.0,48.0,45.5,12.0,15.0,13.5
Spanish Greyhound,2,"gentle, calm, intelligent, affectionate, independent, loyal",Spain,ES,"An ancient sighthound breed from Spain known for its lean, athletic build, speed, and gentle, calm temperament. Also called Galgo Español, they come in both smooth and wire-coated varieties and are bred for grace and reserved demeanor.",Hound,Ancient breed with roots tracing back over 2000 years to Celtic hounds in the Iberian Peninsula. Used by Spanish nobility and rural hunters for coursing hare across open plains and fields. Recognized by FCI and national Spanish kennel club.,"{'id': 'RWX91nugBL', 'url': 'https://cdn4.thedogapi.com/optimized/RWX91nugBL.jpg', 'width': 992, 'height': 1072}",20.0,30.0,25.0,58.0,70.0,64.0,12.0,15.0,13.5
Spanish Mastiff,2,"protective, calm, loyal, intelligent, independent, affectionate",Spain,ES,"A massive, powerful livestock guardian dog with loose skin, thick double coat, and noble demeanor. Known for its deep bark and protective nature, this giant breed combines calm temperament with strong guardian instincts.",Working,"Ancient livestock guardian breed from the Iberian Peninsula, used for centuries to protect migrating Merino sheep flocks from wolves and other predators. Documented since medieval times and recognized by the FCI.","{'id': '0LTwpSgZVX', 'url': 'https://cdn4.thedogapi.com/optimized/0LTwpSgZVX.jpg', 'width': 1168, 'height': 912}",50.0,100.0,75.0,71.0,89.0,80.0,10.0,12.0,11.0
Spanish Water Dog,2,"loyal, intelligent, work-focused, athletic, energetic, alert",Spain,ES,"Medium-sized rustic water dog with distinctive curly woolly coat, athletic build, and versatile multi-purpose working ability",Herding,"Ancient all-purpose farm dog from the Iberian Peninsula, used for centuries in Spain for herding livestock, retrieving waterfowl for hunters, and assisting fishermen. Nearly extinct but successfully revived in the 1970s","{'id': 'HJf4jl9VX', 'url': 'https://cdn2.thedogapi.com/images/HJf4jl9VX_1280.jpg', 'width': 1200, 'height': 922}",14.0,22.0,18.0,40.0,50.0,45.0,12.0,14.0,13.0
Spino degli Iblei,2,"courageous, independent, loyal, alert, intelligent","Sicily, Italy",IT,"Medium-sized rough-coated Italian hunting dog developed in the Iblean Mountains of Sicily for wild boar and game tracking, characterized by a rustic appearance and strong territorial nature",Hound,"Ancient Sicilian hunting breed developed in the Iblean Mountains for wild boar and game hunting, brought back from near extinction through dedicated recovery efforts and recognized by Italian breed registries","{'id': 'MZoAyXQoxY', 'url': 'https://cdn4.thedogapi.com/optimized/MZoAyXQoxY.jpg', 'width': 1120, 'height': 944}",18.0,35.0,26.5,43.0,56.0,49.5,12.0,14.0,13.0
Spinone Italiano,2,"gentle, patient, loyal, intelligent, docile, affectionate",Italy,IT,"Large, robust, and muscular hunting dog with a distinctive dense wiry coat, expressive beard and eyebrows, and patient gentle expression. Built for all-terrain hunting with a rugged yet versatile build and methodical hunting style.",Sporting,"Ancient Italian breed from the Piedmont region dating back to 500 BC, developed as a versatile gundog for hunting in dense, thorny terrain. Known since at least the Renaissance and valued for tracking, pointing and retrieving. The breed faced near extinction after World War II but was revived by dedicated enthusiasts.","{'id': 'AO4eNHKHfu', 'url': 'https://cdn4.thedogapi.com/optimized/AO4eNHKHfu.jpg', 'width': 1200, 'height': 896}",28.0,37.0,32.5,56.0,69.0,62.5,10.0,12.0,11.0
Sporting Lucas Terrier,2,"alert, intelligent, friendly, energetic, courageous",England,GB,"Small, sturdy, and active working terrier developed for hunting ability with a harsh weatherproof double coat and compact build, known for its friendly and game nature",Terrier,"Developed in the late 1940s by Sir Jocelyn Lucas in England, crossing Sealyham Terriers with Norfolk Terriers to create a smaller, more agile working terrier capable of accompanying hounds","{'id': 'wcG7Cht3oK', 'url': 'https://cdn4.thedogapi.com/optimized/wcG7Cht3oK.jpg', 'width': 1056, 'height': 1008}",5.0,8.0,6.5,25.0,33.0,29.0,12.0,15.0,13.5
Springerdoodle,2,"intelligent, friendly, energetic, playful, affectionate, eager to please, loyal",United States,US,"Medium to large crossbreed combining the English Springer Spaniel's athleticism and friendly sporting nature with the Poodle's intelligence and low-shedding coat. This energetic, versatile designer breed often has a curly coat and makes an excellent family companion.",Mixed,"Modern designer crossbreed developed primarily in the United States in recent decades to combine the English Springer Spaniel's friendly, athletic sporting nature with the Poodle's intelligence and hypoallergenic coat qualities. Also seen in the UK but not recognized by major kennel clubs.","{'id': 'CbujZhEfZg', 'url': 'https://cdn4.thedogapi.com/optimized/CbujZhEfZg.jpg', 'width': 1408, 'height': 768}",16.0,32.0,24.0,43.0,64.0,53.5,11.0,15.0,13.0
Sprocker Spaniel,2,"energetic, intelligent, friendly, loyal, affectionate, active, eager to please",United Kingdom,GB,"A popular, highly energetic and intelligent crossbreed combining the Springer Spaniel and the Cocker Spaniel. Originally bred by gamekeepers for working and hunting, Sprockers have boundless stamina, exceptional agility, and a very friendly, loyal temperament.",Mixed breed,Developed in the United Kingdom by gamekeepers who desired a robust working gundog that combined the stamina of the English Springer Spaniel with the size and agility of the Cocker Spaniel. Very popular in the UK as both a working dog and a companion.,"{'id': 'vx7aj4UuCl', 'url': 'https://cdn4.thedogapi.com/optimized/vx7aj4UuCl.jpg', 'width': 1408, 'height': 768}",13.6,20.0,16.8,35.0,46.0,40.5,10.0,14.0,12.0
Sprollie,2,"intelligent, energetic, loyal, athletic, eager to please, work-focused",United Kingdom,GB,"Medium to large energetic crossbreed between a Border Collie and English Springer Spaniel, known for its high intelligence, athleticism, work drive, and affectionate nature",Mixed,"Modern designer crossbreed developed by crossing English Springer Spaniels with Border Collies to combine the intense intelligence and work ethic of the Collie with the friendly, eager-to-please nature of the Spaniel, creating a versatile companion and sporting dog","{'id': 'vo4IzA5V8M', 'url': 'https://storage.googleapis.com/dog-api-uploads-prod/originals/2423c12a-5bff-4690-95fd-0a2bdbe1c78e.jpeg', 'width': 1408, 'height': 768}",14.0,32.0,23.0,43.0,56.0,49.5,12.0,15.0,13.5
Stabyhoun,2,"gentle, intelligent, calm, loyal, friendly, devoted","Friesland, Netherlands",NL,"Medium-sized versatile Dutch pointing dog from Friesland with a distinctive sleek, longish black and white coat and gentle, calm temperament. One of the rarest breeds in the world and considered a Dutch national treasure.",Sporting,"Developed in the Friesland province of the Netherlands in the 1800s as a versatile farm dog for pointing, retrieving game, and controlling vermin. One of the rarest breeds in the world and considered a Dutch national treasure.","{'id': 'byIyyFpQpl', 'url': 'https://cdn4.thedogapi.com/optimized/byIyyFpQpl.jpg', 'width': 1248, 'height': 864}",18.0,25.0,21.5,47.0,55.0,51.0,,,
Staffordshire Bull Terrier,2,"courageous, intelligent, affectionate, loyal, confident, energetic","Staffordshire, England",GB,"Compact, muscular, and stocky terrier with broad head and strong build, known for great strength, agility, courage, and affectionate nature with family",Terrier,"Developed in 19th-century Staffordshire, England by crossing bulldogs with local terriers for bull-baiting and dog fighting. After these sports were banned, breeders refined the breed into the affectionate and reliable family companion known today","{'id': 'H1zSie9V7', 'url': 'https://cdn2.thedogapi.com/images/H1zSie9V7_1280.jpg', 'width': 1280, 'height': 852}",11.0,17.0,14.0,36.0,41.0,38.5,12.0,14.0,13.0
Standard Schnauzer,2,"intelligent, alert, energetic, loyal, protective, devoted",Germany,DE,"Medium-sized, robust dog with distinctive beard and eyebrows, square build and wiry coat. An intelligent, high-spirited breed that serves as both a versatile working dog and loyal companion.",Working,"The original Schnauzer breed dating back to the Middle Ages in Germany, developed as versatile farm dogs for guarding property, herding livestock, ratting and exterminating vermin. Recognized by AKC since 1904.","{'id': 'dtz9b2Lrz', 'url': 'https://cdn2.thedogapi.com/images/dtz9b2Lrz.jpg', 'width': 1275, 'height': 1920}",14.0,23.0,18.5,44.0,50.0,47.0,,,
Stephens Stock,2,"courageous, loyal, intelligent, alert, work-focused, energetic","Southeastern Kentucky, United States",US,"Medium-sized American treeing hound with compact, muscular build and agile frame. Known for courage, intelligence, and tenacity in hunting game from squirrels to bears. Features a short, dense coat typically black with white markings or black and tan coloring.",Hound,"Developed in southeastern Kentucky by the Stephens family in the early 20th century from Mountain Cur stock. Selectively bred for specific 'silent on track, tree with a chop' hunting style for small game, notably squirrel and raccoon. Recognized by United Kennel Club in 1995.","{'id': 'UNrBXeDyzu', 'url': 'https://cdn4.thedogapi.com/optimized/UNrBXeDyzu.jpg', 'width': 960, 'height': 1120}",16.0,29.0,22.5,41.0,58.0,49.5,10.0,16.0,13.0
St. Hubert Jura Hound,2,"gentle, intelligent, devoted, calm, work-focused","Jura Mountains, Switzerland",CH,"A medium-sized Swiss scent hound of the Jura variety, distinguished by its noble appearance, long ears, and more substantial head structure indicating St. Hubert Hound influence. Known for exceptional stamina, tracking ability, and endurance in mountainous terrain.",Hound,"A variety of the Swiss Hound originating in the Jura Mountains, descended from ancient St. Hubert Hounds. Developed for tracking hare, roe deer, and fox in mountainous terrain. The 'St. Hubert' type shows heavier build and head structure indicating French St. Hubert Hound influence.","{'id': 'Lkbg05afOk', 'url': 'https://cdn4.thedogapi.com/optimized/Lkbg05afOk.jpg', 'width': 1200, 'height': 896}",15.0,25.0,20.0,44.0,58.0,51.0,12.0,14.0,13.0
Styrian Coarse-haired Hound,2,"work-focused, loyal, courageous, independent, alert","Styria, Austria",AT,"Medium-sized, rugged Austrian scent hound with a distinctive coarse, wiry red coat, known for its perseverance and stamina as a hunter in mountainous terrain. Bred specifically for tracking wounded game over difficult, high-altitude terrain.",Hound,"Developed in the 1870s in the Austrian province of Styria by Carl Peintinger by crossing a Hanoverian Scenthound with an Istrian Coarse-haired Hound to create a resilient hound capable of tracking boar and deer in high-altitude, rugged mountainous terrain","{'id': '30LyjIob3H', 'url': 'https://cdn4.thedogapi.com/optimized/30LyjIob3H.jpg', 'width': 992, 'height': 1072}",15.0,18.0,16.5,45.0,53.0,49.0,12.0,14.0,13.0
Sussex Spaniel,2,"calm, gentle, friendly, loyal, alert","Sussex, England",GB,"A long, low, and muscular spaniel with a distinctive rich golden liver coat and rolling gait, bred for hunting in dense undergrowth. Known for its calm and affectionate nature, this massive spaniel moves with deliberate purpose and steady temperament.",Sporting,Developed in Sussex County England in the 18th-19th centuries by landowners specifically for hunting in dense forests and undergrowth. Nearly extinct after WWII but saved by dedicated breeders. Recognized by Kennel Club in 1872 and AKC in 1884.,"{'id': 'mGvB4pgQ05', 'url': 'https://cdn4.thedogapi.com/optimized/mGvB4pgQ05.jpg', 'width': 1440, 'height': 736}",16.0,20.0,18.0,33.0,38.0,35.5,12.0,15.0,13.5
Swedish Lapphund,2,"alert, intelligent, affectionate, friendly, energetic, loyal",Sweden,SE,"Medium-sized spitz-type herding dog with dense black double coat and curled tail, bred by the Sami people for reindeer herding. Known for its lively expression, intelligence, and versatile working ability as both herder and guardian.",Herding,"Ancient Nordic spitz breed developed by the Sami people for herding and guarding reindeer in Arctic regions of Sweden. One of Sweden's three national breeds and oldest spitz breeds, officially recognized by Swedish Kennel Club in 1944.","{'id': 'nMhxLqzAph', 'url': 'https://cdn4.thedogapi.com/optimized/nMhxLqzAph.jpg', 'width': 1168, 'height': 912}",17.0,30.0,23.5,40.0,51.0,45.5,12.0,14.0,13.0
Swedish Vallhund,2,"alert, energetic, friendly, intelligent, courageous, playful, eager to please",Sweden,SE,"Small, powerful spitz-type herding dog with short legs, pointed ears, curled tail, and distinctive wolf-like markings. This ancient and fearless breed is often referred to as 'the Viking dog' and features a weather-resistant double coat.",Herding,"Ancient Swedish breed dating back over 1,000 years to the Viking era, used as an all-purpose farm dog for herding cattle, vermin control, and guarding. Also called Västgötaspets, believed to share ancestry with the Welsh Corgi. Recognized by Swedish Kennel Club in 1943, AKC in 2007.","{'id': 'HJ-Dix94Q', 'url': 'https://cdn2.thedogapi.com/images/HJ-Dix94Q_1280.jpg', 'width': 1280, 'height': 851}",9.0,16.0,12.5,29.0,35.0,32.0,12.0,15.0,13.5
Taigan,2,"independent, calm, intelligent, loyal, courageous, reserved",Kyrgyzstan,KG,"Ancient, elegant sighthound from the high-altitude Tian Shan mountains of Kyrgyzstan with long, silky coat and feathered ears, adapted for hunting in mountainous terrain",Hound,"Ancient aboriginal sighthound breed from the mountainous Tian Shan region of Kyrgyzstan, developed by nomadic tribes as a versatile hunter capable of working at high altitudes in harsh conditions. Integral part of Kyrgyz national culture and recognized by FCI as breed No. 337","{'id': 'WhscnPubJR', 'url': 'https://cdn4.thedogapi.com/optimized/WhscnPubJR.jpg', 'width': 1216, 'height': 880}",25.0,35.0,30.0,60.0,71.0,65.5,11.0,14.0,12.5
Taiwan Dog,2,"alert, loyal, courageous, intelligent, independent",Taiwan,TW,"Medium-sized spitz-type dog with triangular erect ears, wedge-shaped head, and sickle tail. This athletic, ancient hunting breed is characterized by its keen senses, strong hunting instincts, and unwavering loyalty to family.",Spitz and Primitive Types,Ancient indigenous breed descended from hunting dogs of Taiwanese aboriginal tribes in the central mountain regions. Originally used for hunting wild boar and as guard dogs. Nearly extinct but revived through dedicated breeding program in the 1970s. Recognized by FCI (Standard No. 348).,"{'id': 'JF4NsbSm9C', 'url': 'https://cdn4.thedogapi.com/optimized/JF4NsbSm9C.jpg', 'width': 1264, 'height': 848}",11.0,18.0,14.5,43.0,52.0,47.5,12.0,15.0,13.5
Tamaskan Dog,2,"intelligent, loyal, friendly, athletic, alert, energetic",Finland,FI,"Large, athletic wolf-like breed developed to resemble wolves while maintaining a friendly, trainable domestic dog temperament. Features a thick double coat and striking wolf-like appearance created through selective breeding of Nordic breeds.",Working,"Developed in Finland in the 1980s by crossing Siberian Huskies, Alaskan Malamutes, and German Shepherds to create a dog with distinctive wolf-like appearance combined with gentle, family-oriented temperament. Part of AKC Foundation Stock Service but not fully recognized by major kennel clubs.","{'id': '5ePe368T3Z', 'url': 'https://cdn4.thedogapi.com/optimized/5ePe368T3Z.jpg', 'width': 1264, 'height': 848}",23.0,45.0,34.0,61.0,71.0,66.0,,,
Tang Dog,2,"loyal, intelligent, independent, protective, alert",China,CN,"A medium-sized, ancient Chinese landrace dog with athletic build, thick double coat, and curled tail. Known for its primitive appearance, loyalty, intelligence, and protective temperament.",Non-Sporting,"An ancient, indigenous Chinese landrace dog that has served for centuries as a versatile farm and family dog in southern China, especially in Hong Kong and the Pearl River Delta. Valued for guarding, hunting, and companionship, this breed is closely related to other primitive East Asian breeds and is currently the subject of preservation efforts to standardize and protect it.","{'id': '8Nj2jRAIDp', 'url': 'https://cdn4.thedogapi.com/optimized/8Nj2jRAIDp.jpg', 'width': 1200, 'height': 896}",12.0,25.0,18.5,40.0,55.0,47.5,12.0,16.0,14.0
Tarsus Çatalburun,2,"loyal, intelligent, energetic, alert, work-focused","Tarsus, Turkey",TR,A rare Turkish gundog known for its distinctive split nose and exceptional scenting abilities. This athletic hunting breed from the Tarsus region combines keen pointing skills with a unique congenital split nose believed to enhance scenting ability.,Sporting,"A rare landrace gundog from the Tarsus region of Turkey, prized by local hunters for centuries. This ancient breed is one of the few with a congenital split nose, believed to enhance scenting ability. Traditionally used for hunting partridge and small game, it is recognized as a national breed by the Turkish Kennel Club (KIF) but not by major international kennel clubs.","{'id': 'CRhGHQDQZt', 'url': 'https://cdn4.thedogapi.com/optimized/CRhGHQDQZt.jpg', 'width': 1408, 'height': 768}",16.0,25.0,20.5,46.0,61.0,53.5,10.0,14.0,12.0
Tatra Shepherd Dog,2,"protective, intelligent, calm, confident, loyal, independent, courageous","Tatra Mountains, Poland",PL,"Large, powerful, and purely white livestock guardian dog from the Tatra Mountains with dense double coat, imposing presence, and noble bearing. Ancient flock guardian bred for autonomous work protecting sheep from wolves and bears.",Working,Ancient breed developed for centuries by Goral highlanders in the Polish Tatra Mountains as independent livestock guardian protecting flocks from wolves and bears. White coat helped shepherds distinguish it from predators at night. Recognized by FCI and The Kennel Club (UK).,"{'id': 'pnfOqux3JC', 'url': 'https://cdn4.thedogapi.com/optimized/pnfOqux3JC.jpg', 'width': 1072, 'height': 992}",36.0,59.0,47.5,60.0,71.0,65.5,10.0,13.0,11.5
Teddy Roosevelt Terrier,2,"alert, loyal, intelligent, courageous, energetic, playful, friendly",United States,US,"A low-set, compact, muscular terrier with short legs and sturdy build, slightly longer than tall with a lively, alert expression. Developed as a small-to-medium-sized hunting and farm terrier for ratting and vermin control duties.",Terrier,"Developed in the United States from Rat Terriers and other small terriers, bred for farm work, hunting, and vermin control abilities. Named in honor of President Theodore Roosevelt, who was associated with similar terrier types. Recognized by the AKC in 2022.","{'id': 'w7RJ7eRzvW', 'url': 'https://cdn4.thedogapi.com/optimized/w7RJ7eRzvW.jpg', 'width': 1072, 'height': 992}",4.0,11.0,7.5,20.0,38.0,29.0,,,
Telomian,2,"intelligent, alert, independent, loyal, energetic",Malaysia,MY,"Medium-sized primitive spitz-type dog from Malaysia with distinctive upright ears, curled tail, and compact athletic build. Known for its unique climbing ability and originally developed by the Orang Asli people for hunting and pest control.",Pariah,Originated among the Orang Asli indigenous people of Malaysia as a vermin hunter and camp watchdog. Their unique climbing ability evolved from entering raised stilt houses. First documented pair brought to United States in 1963 by anthropologist Dr. Orville Elliot.,"{'id': '93VflGzJBY', 'url': 'https://cdn4.thedogapi.com/optimized/93VflGzJBY.jpg', 'width': 1120, 'height': 944}",8.0,13.0,10.5,38.0,48.0,43.0,12.0,15.0,13.5
Tenterfield Terrier,2,"alert, intelligent, energetic, loyal, confident, affectionate, playful, friendly","Tenterfield, New South Wales, Australia",AU,"Small, compact, agile terrier with a smooth, short coat and alert expression. Strong, active, and athletic, slightly longer than high, this breed was developed for farm work and vermin control with an alert and friendly disposition.",Terrier,"Developed in Australia from small terriers and miniature Fox Terriers brought by British settlers in the 19th century to the Tenterfield region of New South Wales. Bred as versatile vermin hunters and companions for farm work and ratting, developing as a distinct breed through the 19th and 20th centuries. The breed name references the town of Tenterfield, NSW, where they were prevalent, and was officially adopted in the late 20th century. Recognized by the Australian National Kennel Council.","{'id': '20lCLdGZ6Q', 'url': 'https://cdn4.thedogapi.com/optimized/20lCLdGZ6Q.jpg', 'width': 896, 'height': 1200}",2.7,4.5,3.6,24.0,31.0,27.5,12.0,16.0,14.0
Thai Bangkaew Dog,2,"alert, loyal, protective, intelligent, independent","Bangkaew, Phitsanulok Province, Thailand",TH,"Medium-sized spitz-type dog with a fox-like face, thick double coat, pricked ears, and plumed tail, known for its loyalty and protective nature",Spitz and Primitive Types,"Originated from Wat Bangkaew monastery in early 20th century from a cross between a native domestic dog and wild canid. Developed as guard dog and companion in rural Thailand, traditionally kept as watchdogs. Recognized by FCI in Group 5.","{'id': 'ZrUZGKHJZq', 'url': 'https://cdn4.thedogapi.com/optimized/ZrUZGKHJZq.jpg', 'width': 1184, 'height': 896}",14.0,20.5,17.25,41.0,53.0,47.0,12.0,14.0,13.0
Thai Ridgeback,2,"intelligent, loyal, independent, protective, athletic, alert",Thailand,TH,"An ancient, medium-sized hound known for the distinctive ridge of hair running along its back, with a muscular, athletic build and an independent, protective nature",Hound,"An ancient, primitive breed native to eastern Thailand, developed for hunting small game, vermin control, and serving as a guard dog. Its isolation in the region preserved its unique characteristics, including the dorsal ridge, for centuries. One of only three breeds with hair ridge.","{'id': '0mUBUQ68p', 'url': 'https://cdn2.thedogapi.com/images/0mUBUQ68p.jpg', 'width': 1080, 'height': 1196}",16.0,34.0,25.0,51.0,61.0,56.0,12.0,13.0,12.5
Tibetan Kyi Apso,2,"protective, independent, loyal, alert, intelligent",Tibet,CN,"Large, powerful Tibetan guardian dog with dense, shaggy double coat, developed for guarding livestock in harsh mountain climates. Known as the 'Bearded Lion Dog', this rugged working breed combines protective instincts with independent temperament.",Guardian,Ancient Tibetan guardian breed developed by nomadic herders to protect livestock and property in harsh Himalayan mountain conditions. Known as the 'Bearded Lion Dog' and considered holy bearers of good luck. Related to but distinct from the Tibetan Mastiff.,"{'id': 'ph6Fr3SvzE', 'url': 'https://cdn4.thedogapi.com/optimized/ph6Fr3SvzE.jpg', 'width': 1408, 'height': 768}",30.0,54.0,42.0,56.0,76.0,66.0,12.0,15.0,13.5
Tibetan Mastiff,2,"independent, protective, intelligent, loyal, calm",Tibet,CN,"An ancient and imposing guardian breed with massive size, noble bearing, and dense double coat. Known for its independent nature, impressive presence, and deep, powerful bark.",Working,"Ancient guardian breed developed in the isolated Himalayas, used by Tibetan nomads and monasteries to protect livestock, villages, and property. Considered a progenitor of many modern mastiff breeds.","{'id': 'SkM9sec47', 'url': 'https://cdn2.thedogapi.com/images/SkM9sec47_1280.jpg', 'width': 1600, 'height': 1375}",34.0,73.0,53.5,61.0,74.0,67.5,10.0,12.0,11.0
Tibetan Spaniel,2,"intelligent, alert, independent, playful, confident, affectionate",Tibet,CN,"Small, compact companion breed with a silky double coat and lion-like mane around the face, known as a 'little lion'. Originally bred by Buddhist monks as monastery watchdogs and companions, featuring an alert expression and confident demeanor.",Non-Sporting,"Ancient breed prized in Tibetan monasteries for over 2,000 years, developed by Buddhist monks to serve as companions and watchdogs on monastery walls. Often given as treasured gifts to royalty and dignitaries.","{'id': 'Uz9mTebSzn', 'url': 'https://cdn4.thedogapi.com/optimized/Uz9mTebSzn.jpg', 'width': 1264, 'height': 848}",4.0,7.0,5.5,24.0,28.0,26.0,12.0,15.0,13.5
Tibetan Terrier,2,"affectionate, intelligent, loyal, alert, playful",Tibet,CN,"Medium-sized, squarely built dog with profuse double coat and snowshoe-like feet, known as the 'Holy Dog of Tibet.' Originally bred as companions, watchdogs, and herders in Tibetan monasteries with expressive eyes and protective long coat.",Non-Sporting,"Ancient breed developed over 2,000 years ago by Buddhist monasteries in Tibet as cherished companions, watchdogs, and herders. Known as 'Holy Dogs' and 'luck bringers,' they were never sold but only given as gifts. Introduced to the Western world in the 1920s.","{'id': '8zOFznijs', 'url': 'https://cdn2.thedogapi.com/images/8zOFznijs.jpg', 'width': 1080, 'height': 1350}",8.0,14.0,11.0,36.0,43.0,39.5,12.0,16.0,14.0
Tonya Finosu,2,"alert, intelligent, energetic, loyal, friendly, courageous","Tonya, Trabzon, Turkey",TR,"A small, spitz-type landrace dog from the Black Sea region of Turkey with a dense double coat, pricked ears, and curled tail. Known for alert watchdog capabilities, hardiness, and intelligent, friendly temperament.",Non-Sporting,"Native landrace from the Tonya district in Trabzon province, Turkey. Used for centuries as a multi-purpose farm dog, primarily for watchdog duties and hunting small vermin. Hardy breed adapted to the Black Sea region climate, recognized by regional Turkish organizations but not major international kennel clubs.","{'id': 'v4Wxys7BBw', 'url': 'https://cdn4.thedogapi.com/optimized/v4Wxys7BBw.jpg', 'width': 1024, 'height': 1024}",6.0,11.0,8.5,26.0,32.0,29.0,12.0,15.0,13.5
Tornjak,2,"calm, protective, loyal, intelligent, confident, alert","Bosnia and Herzegovina, Croatia",BA,"Large, powerful, and well-proportioned livestock guardian dog with a profuse, dense double coat and weather-resistant qualities. Known for its calm demeanor, strong protective instincts, and confident, sturdy build suited for mountainous terrain.",Working,Ancient livestock guardian breed descended from dogs of nomadic peoples in the mountainous regions of Bosnia and Herzegovina and Croatia. Traditionally used to protect sheep and cattle from wolves and bears. Nearly extinct by the 1970s when systematic revival program began. Recognized by FCI in 2007.,"{'id': 'XUBm5RA95T', 'url': 'https://cdn4.thedogapi.com/optimized/XUBm5RA95T.jpg', 'width': 1216, 'height': 880}",28.0,50.0,39.0,58.4,71.0,64.7,12.0,14.0,13.0
Tosa,2,"calm, courageous, loyal, protective, confident","Tosa Province, Japan",JP,"Large, powerful mastiff-type breed originally developed for dog fighting, characterized by a calm, dignified demeanor and imposing physical presence. Known for its stately manner, patience, and courage with a naturally quiet temperament.",Working,"Developed in mid-to-late 19th century Japan by crossing native Shikoku dogs with Western breeds including Mastiffs, Bulldogs, Bull Terriers, and Great Danes to create a formidable fighting dog with increased size and power.","{'id': 'HM6Q4EFzx5', 'url': 'https://cdn4.thedogapi.com/optimized/HM6Q4EFzx5.jpg', 'width': 1152, 'height': 928}",36.0,91.0,63.5,55.0,66.0,60.5,10.0,12.0,11.0
Tosa Ken,2,"calm, courageous, loyal, protective, confident","Tosa Province, Shikoku Island, Japan",JP,"Large, powerful Japanese mastiff-type breed developed for dog fighting, known for its imposing presence, calm and dignified temperament, and loyalty to family",Working,"Developed in Japan during the latter half of the 19th century by crossing native Shikoku dogs with Western breeds including Mastiffs, Great Danes, Bulldogs, and German Pointers to create a larger, more powerful fighting dog. Later bred for calmness and self-control.","{'id': '6e6yvJCt1V', 'url': 'https://cdn4.thedogapi.com/optimized/6e6yvJCt1V.jpg', 'width': 1344, 'height': 784}",41.0,91.0,66.0,55.0,69.0,62.0,10.0,12.0,11.0
Toy Fox Terrier,2,"alert, intelligent, energetic, friendly, playful, loyal, outgoing",United States,US,"Small, athletic, elegant terrier with short, fine coat and alert, lively demeanor, combining toy breed size with true terrier temperament and the spirit of a larger dog",Toy,"Developed in the early 20th century in the United States by crossing small Smooth Fox Terriers with toy breeds including Chihuahuas, Manchester Terriers, and Italian Greyhounds to create a smaller, versatile companion and ratter. Recognized by the AKC in 2003.","{'id': 'B17ase9V7', 'url': 'https://cdn2.thedogapi.com/images/B17ase9V7_1280.jpg', 'width': 1200, 'height': 1024}",1.6,3.2,2.4000000000000004,22.0,29.0,25.5,,,
Toy Manchester Terrier,2,"alert, intelligent, spirited, devoted, playful","Manchester, England",GB,"Compact, elegant small terrier with distinctive jet-black coat and rich mahogany tan markings, possessing a spirited and alert terrier nature in a sleek frame",Toy,"Developed in 19th-century Manchester, England by crossing Black and Tan Terrier with Whippet to create expert ratter. The Toy variety was selectively bred down from Standard Manchester Terrier for companionship while retaining ratting ability","{'id': 'jkfzUsDDum', 'url': 'https://cdn4.thedogapi.com/optimized/jkfzUsDDum.jpg', 'width': 1328, 'height': 800}",3.0,5.0,4.0,25.0,30.0,27.5,,,
Transylvanian Hound,2,"courageous, intelligent, loyal, energetic, independent, calm, adaptable","Transylvania, Hungary",HU,"An ancient Hungarian scent hound of medium-to-large size, known for its athletic build, endurance, and distinctive short black-and-tan coat. This courageous and determined hunter was specifically adapted for mountainous terrain and varied landscapes.",Hound,"Ancient Hungarian breed developed in the Carpathian Mountains region of Transylvania for hunting wild boar and other game in mountainous terrain. Prized by nobility for hunting prowess, the breed faced near extinction after World War II but was preserved by dedicated breeders and officially recognized by FCI.","{'id': 'QL0j7eYgTB', 'url': 'https://cdn4.thedogapi.com/optimized/QL0j7eYgTB.jpg', 'width': 1168, 'height': 912}",25.0,35.0,30.0,51.0,66.0,58.5,10.0,14.0,12.0
Treeing Cur,2,"intelligent, energetic, courageous, loyal, protective",Southern United States,US,"Medium-sized, athletic, and versatile hunting dog developed in the rural United States, bred specifically for treeing game and working in rural environments. Known for its intelligence, courage, and strong working ability.",Scenthound,"Developed in the rural Southern United States by pioneers needing an all-purpose dog for hunting, treeing game, and guarding the homestead. Bred from various cur-type and hound crosses, with breeders prioritizing working ability over physical appearance.","{'id': 'O9i7bKubt6', 'url': 'https://cdn4.thedogapi.com/optimized/O9i7bKubt6.jpg', 'width': 1264, 'height': 848}",14.0,27.0,20.5,41.0,61.0,51.0,10.0,16.0,13.0
Treeing Feist,2,"energetic, alert, intelligent, eager to please, work-focused",Southern United States,US,"Small to medium-sized, athletic hunting dog developed in the Southern United States, known for its tenacity in treeing small game like squirrels and raccoons with high energy and strong prey drive",Foundation Stock Service,"Developed in the rural Southern United States by crossing terriers and hounds brought by early settlers, bred to be a low-maintenance versatile hunting dog excelling at tracking and treeing small game","{'id': '5piuRzRMc3', 'url': 'https://cdn4.thedogapi.com/optimized/5piuRzRMc3.jpg', 'width': 1120, 'height': 960}",7.0,14.0,10.5,30.0,46.0,38.0,10.0,18.0,14.0
Treeing Tennessee Brindle,2,"intelligent, alert, courageous, energetic, friendly","United States (Tennessee, Appalachian Mountains)",US,"Medium-sized, athletic scent hound known for its distinctive brindle coat pattern, intelligence, and persistent treeing ability. Fast and agile with a loud, distinctive bark, this breed excels at tracking and treeing small game.",Hound,Developed in the mid-20th century (early 1960s) primarily by Rev. Earl Phillips in the Appalachian and Ozark Mountains from brindle-patterned cur dogs and various hounds to create a pure-breeding scent hound with strong treeing instincts for hunting small game,"{'id': 'lwO7QaCaCU', 'url': 'https://cdn4.thedogapi.com/optimized/lwO7QaCaCU.jpg', 'width': 1200, 'height': 896}",14.0,23.0,18.5,41.0,61.0,51.0,10.0,12.0,11.0
Treeing Walker Coonhound,2,"intelligent, confident, friendly, energetic, courageous, alert",United States,US,"Medium to large athletic scent hound with distinctive tricolor coat, bred for tracking and treeing raccoons and other game in rugged terrain. Known for swift endurance, intelligence, and distinctive baying voice.",Hound,"Developed from English Foxhounds brought to colonial America in 1742, specifically refined by Tennessee breeder Thomas Walker and the Walker family in the 1800s for speed, endurance, and ability to track and tree raccoons in American terrain.","{'id': 'SkRpsgc47', 'url': 'https://cdn2.thedogapi.com/images/SkRpsgc47_1280.jpg', 'width': 1920, 'height': 1080}",23.0,32.0,27.5,51.0,69.0,60.0,12.0,13.0,12.5
Trigg Hound,2,"energetic, independent, alert, intelligent, loyal, work-focused","Kentucky, United States",US,"Athletic, medium-sized American foxhound strain developed for exceptional speed, stamina, and endurance in fox hunting. Known for its lean build, distinctive running style, and loud, carrying voice with keen scenting ability.",Hound,"Developed in the 1860s by Colonel Haiden C. Trigg in Kentucky. Created by crossing English Foxhounds imported from Ireland with established American lines, notably Birdsong and Walker hounds, to produce a faster, more driven foxhound with enhanced speed, endurance, and trailing ability.","{'id': '5734UrsRMD', 'url': 'https://cdn4.thedogapi.com/optimized/5734UrsRMD.jpg', 'width': 1120, 'height': 960}",18.0,34.0,26.0,53.0,64.0,58.5,10.0,13.0,11.5
Tyrolean Hound,2,"intelligent, independent, energetic, alert, work-focused, devoted",Austria (Tyrol region),AT,"Medium-sized, athletic scent hound with a strong, sinewy build and dense double coat, developed for endurance and tracking ability in mountainous terrain",Hound,"Descended from Celtic Hounds, systematically bred in the Tyrol region starting around 1860 for hunting hare, fox, and larger game in mountainous terrain. Emperor Maximilian I used these hounds as early as the 1500s. Officially recognized in 1896 by the FCI","{'id': '0opUUNTxrA', 'url': 'https://cdn4.thedogapi.com/optimized/0opUUNTxrA.jpg', 'width': 1200, 'height': 896}",15.0,22.0,18.5,42.0,50.0,46.0,12.0,14.0,13.0
Valencian Terrier,2,"intelligent, energetic, alert, loyal, affectionate","Valencia, Spain",ES,"A small to medium-sized, agile terrier from the Valencian Community in Spain with a lean, well-proportioned body, smooth coat, and alert, intelligent expression. Known for its history as a proficient hunter of rats and other vermin.",Terrier,"Also known as Gos Rater Valencià or Ratonero Valenciano, developed in the Valencian region of Spain for vermin control on farms and stables. Recognized by Real Sociedad Canina de España and provisionally recognized by FCI in 2022 in Group 3.","{'id': 'rQJos2X8Nb', 'url': 'https://cdn4.thedogapi.com/optimized/rQJos2X8Nb.jpg', 'width': 992, 'height': 1072}",6.0,8.0,7.0,29.0,40.0,34.5,12.0,15.0,13.5
Valley Bulldog,2,"friendly, loyal, playful, courageous, intelligent, affectionate","Annapolis Valley, Nova Scotia",CA,"Medium-sized, muscular crossbreed with a broad head and compact body, combining the stockiness of the English Bulldog with the athleticism of the Boxer. Features a brachycephalic (short-nosed) face and is known for its loyal, courageous temperament.",Mixed,"Developed in the Annapolis Valley of Nova Scotia, Canada, in the mid-20th century by crossing Boxers and English Bulldogs to create a healthier, more athletic companion with the Bulldog's temperament but fewer breathing and health issues","{'id': '9S6pBR0S9b', 'url': 'https://cdn4.thedogapi.com/optimized/9S6pBR0S9b.jpg', 'width': 1408, 'height': 768}",18.0,36.0,27.0,41.0,53.0,47.0,10.0,14.0,12.0
Vikhan,2,"alert, courageous, independent, protective, loyal",Punjab and Chitral regions (Pakistan),PK,"A rare, medium to large landrace dog from Pakistan's mountainous regions, combining sighthound speed with guardian instincts. Athletic build with wiry coat, bred for both hunting and livestock protection. Not recognized by major kennel clubs.",Guardian,"An ancient landrace dog originating from Pakistan's mountainous regions including Punjab and Chitral areas. Developed by local tribes for hunting, livestock protection, and companionship. Valued for speed, resilience in harsh terrain, and ability to guard against predators like wolves and leopards. Not currently recognized by major international kennel clubs and lacks formal breed standards.","{'id': 'JaaVatrXmg', 'url': 'https://cdn4.thedogapi.com/optimized/JaaVatrXmg.jpg', 'width': 1280, 'height': 832}",25.0,35.0,30.0,56.0,69.0,62.5,10.0,12.0,11.0
Villano de Las Encartaciones,2,"loyal, courageous, protective, intelligent, confident, independent","Las Encartaciones, Basque Country, Spain",ES,"Medium-sized, robust Spanish Molossian-type working dog with a short, dense brindle or black coat, traditionally used for cattle herding, property protection, and big game hunting",Working,"Ancient breed from the Las Encartaciones region of Basque Country, descended from old Alano dogs. Traditionally used for centuries for handling semi-wild Monchina cattle, property protection, and big game hunting particularly wild boar. Recognized by Spanish kennel organizations and valued for working ability.","{'id': 'I6jqBHR9fO', 'url': 'https://cdn4.thedogapi.com/optimized/I6jqBHR9fO.jpg', 'width': 1024, 'height': 1024}",28.0,45.0,36.5,58.0,65.0,61.5,10.0,12.0,11.0
Villanuco de Las Encartaciones,2,"intelligent, alert, courageous, energetic, loyal","Las Encartaciones, Basque Country, Spain",ES,"Small, primitive-type Spanish ratter dog from the Basque Country, known for its agile, alert, and rustic nature, traditionally used for vermin control",Primitive,"Traditional primitive breed from the Las Encartaciones region of Biscay province, used on farms as guard dog and adept hunter of rats and vermin. The breed faced near-extinction but has been revived through dedicated conservation efforts. Recognized by regional Spanish breed registries but not by major international kennel clubs","{'id': 'H952AJpC2t', 'url': 'https://cdn4.thedogapi.com/optimized/H952AJpC2t.jpg', 'width': 1088, 'height': 976}",7.0,10.0,8.5,38.0,45.0,41.5,12.0,14.0,13.0
Vizsla,2,"energetic, affectionate, gentle, intelligent, athletic",Hungary,HU,"Medium-sized, energetic and graceful gundog of Hungarian origin with a sleek, golden-rust colored coat and athletic build. Known for their affectionate, gentle nature, they are versatile hunters and eager companions with high energy drive.",Sporting,"Ancient Hungarian sporting breed descended from hunting dogs of the Magyar tribes who settled in Hungary over a thousand years ago. Developed as a versatile pointer-retriever by Hungarian nobility, the breed nearly faced extinction after World War II but was preserved and re-established by dedicated enthusiasts.","{'id': 'r1o0jx9Em', 'url': 'https://cdn2.thedogapi.com/images/r1o0jx9Em_1280.jpg', 'width': 2269, 'height': 1276}",20.0,27.0,23.5,53.0,61.0,57.0,12.0,14.0,13.0
Vizsladoodle,2,"energetic, intelligent, affectionate, athletic, loyal, playful",United States,US,"Medium to large active crossbreed combining the athletic ability and affectionate nature of the Hungarian Vizsla with the intelligence and low-shedding, curly coat of the Standard Poodle",Mixed,"Modern designer crossbreed developed in the United States by crossing the athletic Hungarian Vizsla with the Standard Poodle to create a versatile, friendly companion with the temperament and athleticism of the Vizsla and the low-shedding, hypoallergenic coat qualities of the Poodle. Not recognized by major kennel clubs.","{'id': 'ltr02eMwAo', 'url': 'https://cdn4.thedogapi.com/optimized/ltr02eMwAo.jpg', 'width': 1408, 'height': 768}",18.0,32.0,25.0,53.0,66.0,59.5,10.0,15.0,12.5
Volkosob,2,"intelligent, alert, loyal, protective, work-focused, confident","Perm, Russia",RU,"A large, powerful wolf-dog hybrid developed in Russia for military and border patrol duties, combining the physical attributes and enhanced senses of a wolf with the working ability of a German Shepherd. This experimental crossbreed features a robust build designed for specialized working applications.",Mixed,"Developed in the early 2000s at the Perm Institute of Internal Troops in Russia through experimental crossbreeding program between a female Carpathian grey wolf named Naida and specially selected German Shepherds. Bred for superior sense of smell, stamina, and strength for military and border security roles.","{'id': 'BWAnji9RWI', 'url': 'https://cdn4.thedogapi.com/optimized/BWAnji9RWI.jpg', 'width': 1152, 'height': 912}",32.0,48.0,40.0,61.0,71.0,66.0,10.0,14.0,12.0
Volpino Italiano,2,"alert, playful, loyal, intelligent, confident, energetic",Italy,IT,"Small, compact spitz-type dog with a dense, long white double coat, fox-like expression, and lively, bold temperament. An ancient Italian breed traditionally kept as companion and excellent watchdog.",Non-Sporting,"Ancient Italian spitz-type breed dating back to Roman times, descended from the same stock as German Spitz. Favored by Italian royalty and nobility as palace companions and watchdogs. Faced near extinction before being revived by dedicated enthusiasts in the 1980s.","{'id': 'QcMf5Iv8um', 'url': 'https://cdn4.thedogapi.com/optimized/QcMf5Iv8um.jpg', 'width': 1200, 'height': 896}",4.0,5.5,4.75,24.0,30.0,27.0,,,
Weimaraner,2,"energetic, intelligent, loyal, friendly, alert, courageous, athletic","Weimar, Germany",DE,"Large, sleek, athletic sporting dog with distinctive silver-gray coat and striking amber or blue-gray eyes, known for speed, stamina, and intelligence. Originally bred for hunting large game, earning the nickname 'Gray Ghost' for its coat and stealth.",Sporting,"Developed at the court of Weimar, Germany, in the early 19th century by German nobility who sought to create an all-around hunting dog for large game. The breed's parentage was a closely guarded secret for many years.","{'id': 'SyU12l9V7', 'url': 'https://cdn2.thedogapi.com/images/SyU12l9V7_1280.jpg', 'width': 901, 'height': 954}",25.0,41.0,33.0,58.0,69.0,63.5,10.0,13.0,11.5
Weimardoodle,2,"intelligent, energetic, loyal, athletic, affectionate, protective",United States,US,"Large athletic crossbreed combining the Weimaraner's hunting instincts and noble appearance with the Poodle's intelligence and hypoallergenic coat. Features a wavy or curly coat and energetic, intelligent temperament.",Mixed,"Modern designer crossbreed developed in the late 20th century by combining Weimaraner and Standard Poodle to create an intelligent, athletic companion with reduced shedding coat","{'id': 'gftievfWPw', 'url': 'https://cdn4.thedogapi.com/optimized/gftievfWPw.jpg', 'width': 1408, 'height': 768}",20.0,39.0,29.5,56.0,69.0,62.5,10.0,13.0,11.5
Welsh Hound,2,"energetic, intelligent, independent, alert, loyal, gentle",Wales,GB,"Medium to large-sized, powerful and athletic scent hound with strong pack hunting instincts, built for stamina and endurance over rough Welsh terrain. Known for its distinct, ringing voice and rugged, weatherproof coat.",Hound,"Ancient breed descended from Celtic hounds, developed over centuries in Wales for fox hunting over difficult terrain. A distinct strain of British Foxhound adapted for Welsh conditions, officially recognized by the Kennel Club in 1922.","{'id': 'MR2EnFSP97', 'url': 'https://cdn4.thedogapi.com/optimized/MR2EnFSP97.jpg', 'width': 1360, 'height': 784}",23.0,32.0,27.5,56.0,61.0,58.5,10.0,13.0,11.5
Welsh Sheepdog,2,"intelligent, energetic, loyal, work-focused, independent",Wales,GB,"Medium-sized agile herding dog with weather-resistant double coat, bred as a traditional landrace working dog in Wales. Prized for stamina, intelligence and working ability over standardized appearance, this athletic breed was developed for herding sheep in rugged Welsh terrain.",Herding,"Traditional landrace herding breed developed over centuries by Welsh farmers for herding sheep in mountainous terrain. The Welsh Sheepdog Society was formed in 1997 to preserve this working breed valued for natural ability over appearance, maintained in working registries rather than major kennel clubs.","{'id': 'L3ylGHMSmW', 'url': 'https://cdn4.thedogapi.com/optimized/L3ylGHMSmW.jpg', 'width': 1072, 'height': 992}",14.0,25.0,19.5,41.0,56.0,48.5,12.0,15.0,13.5
Welsh Springer Spaniel,2,"friendly, loyal, energetic, intelligent, affectionate, eager to please",Wales,GB,"Medium-sized, compact gundog with a distinctive red and white coat and straight, silky feathering. Known for its happy disposition, boundless energy, and versatility in the field as a sporting spaniel built for endurance.",Sporting,"Ancient Welsh breed developed as a versatile gundog to flush and retrieve game birds, mentioned in Welsh laws dating to 300 AD. Officially recognized as distinct from other land spaniels by The Kennel Club in 1902 and AKC in 1906.","{'id': 'BJ1gnx5Vm', 'url': 'https://cdn2.thedogapi.com/images/BJ1gnx5Vm_1280.jpg', 'width': 1331, 'height': 944}",16.0,25.0,20.5,43.0,48.0,45.5,12.0,15.0,13.5
Welsh Terrier,2,"friendly, alert, intelligent, spirited, energetic, confident",Wales,GB,"Compact, sturdy medium-sized terrier with distinctive harsh wiry black and tan coat and lively, spirited expression. One of the oldest terrier breeds from Wales, known for its rugged build and friendly disposition.",Terrier,"One of the oldest terrier breeds, originating in Wales where it was developed for hunting fox, badger, otter, and vermin. Originally known as the Old English Terrier or Black-and-Tan Wire Haired Terrier, it was formally recognized by The Kennel Club in 1886 and AKC in 1888.","{'id': 'HJdtpv2T4l', 'url': 'https://cdn4.thedogapi.com/optimized/HJdtpv2T4l.jpg', 'width': 1168, 'height': 912}",9.0,10.0,9.5,38.0,39.0,38.5,12.0,15.0,13.5
West Country Harrier,2,"energetic, friendly, alert, independent, outgoing, work-focused","West Country, England (Devon, Cornwall, Somerset)",GB,"Medium to substantial scent hound with a broad head, dense short weather-resistant coat, and powerful frame developed for pack hunting hare across the varied rough terrain of Southwest England. This rare or extinct regional variant of the Harrier retains stronger Foxhound influence.",Hound,"Traditional regional pack hound developed in Devon, Cornwall and Somerset for hunting hares over rough terrain, combining local harrier bloodlines with stronger Foxhound influence. Now considered extinct by most authorities, having been absorbed into other Harrier and modern English Foxhound lines over the 20th century. No major kennel clubs officially recognize the breed.","{'id': 'BSpGAyxMBd', 'url': 'https://cdn4.thedogapi.com/optimized/BSpGAyxMBd.jpg', 'width': 1216, 'height': 864}",22.0,34.0,28.0,48.0,57.0,52.5,12.0,14.0,13.0
West Highland White Terrier,2,"confident, alert, playful, loyal, independent",Scotland,GB,"Small, sturdy, and confident terrier from Scotland, characterized by its distinctive dense white double coat, bright inquisitive expression, and lively personality",Terrier,"Developed in the Scottish Highlands to hunt fox, badger, and other vermin. Colonel Edward Donald Malcolm of Poltalloch is credited with developing the modern white breed after one of his reddish terriers was mistaken for a fox and shot, leading him to breed only for white dogs to avoid future hunting accidents","{'id': 'Bkdx2g5Em', 'url': 'https://cdn2.thedogapi.com/images/Bkdx2g5Em_1280.jpg', 'width': 1065, 'height': 1032}",6.0,10.0,8.0,23.0,28.0,25.5,,,
Westiepoo,2,"friendly, intelligent, playful, alert, confident",United States,US,"Small crossbreed combining the spirited West Highland White Terrier with the intelligent Miniature Poodle, featuring a curly or wavy low-shedding coat, compact body, and lively temperament",Mixed,"Designer crossbreed that gained popularity in the United States starting in the 1990s, developed by crossing West Highland White Terriers with Miniature Poodles to create a small, intelligent companion with reduced shedding and the sturdy, confident nature of the Westie","{'id': 'Nj0DKFhp8H', 'url': 'https://cdn4.thedogapi.com/optimized/Nj0DKFhp8H.jpg', 'width': 1408, 'height': 768}",6.0,14.0,10.0,25.0,43.0,34.0,12.0,15.0,13.5
Westphalian Dachsbracke,2,"alert, intelligent, friendly, work-focused, loyal","Westphalia, Germany",DE,"Short-legged, sturdy German scent hound with tricolor coat, developed for hunting in dense terrain and tracking wounded game",Hound,Developed in Westphalia region of Germany by crossing Deutsche Bracke with Dachshunds to create a short-legged tracking hound for dense terrain hunting and tracking wounded game,"{'id': 'eozcGYTjca', 'url': 'https://cdn4.thedogapi.com/optimized/eozcGYTjca.jpg', 'width': 1200, 'height': 896}",14.0,18.0,16.0,30.0,38.0,34.0,10.0,15.0,12.5
West Siberian Laika,2,"alert, independent, loyal, energetic, intelligent","West Siberia, Russia",RU,"Medium-sized spitz-type hunting dog with wolf-like features, erect ears, curled tail, and dense double coat. Known for its alertness, versatility, and adaptability, this strong and agile breed was developed for hunting in Siberian forests.",Spitz and Primitive Types,"Ancient spitz breed developed by the Mansi and Khanty indigenous peoples of Russia's Ural Mountains and West Siberia for hunting versatility. First breed standard established in the 1920s, refined and standardized in the Soviet era, and recognized by the FCI.","{'id': '8CGsO8AMgC', 'url': 'https://cdn4.thedogapi.com/optimized/8CGsO8AMgC.jpg', 'width': 1200, 'height': 896}",16.0,25.0,20.5,50.0,62.0,56.0,12.0,15.0,13.5
Wetterhoun,2,"independent, loyal, intelligent, alert, calm, protective","Friesland, Netherlands",NL,"Medium-sized Dutch water dog from Friesland with a distinctive thick, curly, water-resistant coat. Originally bred for hunting otters and waterfowl, this robust breed combines independence with loyalty and serves as both a versatile hunting dog and natural watchdog.",Sporting,"Ancient Dutch breed from the province of Friesland, used for centuries to hunt otters and waterfowl. The name translates to 'water dog.' Nearly extinct after WWII but preserved through dedicated breeding programs and recognized by FCI as a rare national breed.","{'id': 'Vl8GVkt1vG', 'url': 'https://cdn4.thedogapi.com/optimized/Vl8GVkt1vG.jpg', 'width': 1104, 'height': 960}",20.0,35.0,27.5,52.0,64.0,58.0,12.0,14.0,13.0
Whippet,2,"gentle, affectionate, calm, intelligent, playful",England,GB,"Medium-sized, sleek sighthound known for its elegant athletic build with distinctive 'inverted S' shape, explosive bursts of speed, and gentle nature. Originally known as the 'poor man's racehorse'.",Hound,"Developed in Northern England during the 18th-19th centuries by working-class families, crossing small Greyhounds with fast terriers for rabbit coursing and racing. Recognized by AKC and The Kennel Club.","{'id': 'Hyv-ne94m', 'url': 'https://cdn2.thedogapi.com/images/Hyv-ne94m_1280.jpg', 'width': 1600, 'height': 1071}",11.0,18.0,14.5,46.0,56.0,51.0,12.0,15.0,13.5
White Shepherd,2,"intelligent, loyal, alert, confident, courageous, gentle","Germany/Switzerland, developed further in North America",DE,"A direct descendant of the German Shepherd Dog, the White Shepherd is a large, athletic working dog with erect ears, striking white double coat, and confident demeanor. Known for its noble expression and versatile capabilities as an intelligent herding breed.",Herding,"Developed from white-coated German Shepherd Dogs. When white coats were deemed a fault by German breed clubs in the 1930s, fanciers in North America and Europe continued breeding them separately, eventually establishing the White Shepherd as a distinct breed recognized by various registries including UKC and FCI (as Berger Blanc Suisse).","{'id': '68ljzL8GYr', 'url': 'https://cdn4.thedogapi.com/optimized/68ljzL8GYr.jpg', 'width': 1248, 'height': 848}",25.0,40.0,32.5,56.0,66.0,61.0,12.0,14.0,13.0
White Swiss Shepherd Dog,2,"intelligent, loyal, alert, confident, gentle, devoted",Switzerland,CH,"A powerful, well-muscled, medium to large white shepherd with erect ears, elegant lines, straight back, and an attentive, intelligent expression. A direct descendant of the German Shepherd Dog with a striking white double coat.",Herding,"Developed from white-coated German Shepherds that were disqualified in Germany in the 1930s. Enthusiasts in Switzerland and North America preserved the variety, leading to FCI recognition as the Berger Blanc Suisse in 2002.","{'id': 'WTParPlD3L', 'url': 'https://cdn4.thedogapi.com/optimized/WTParPlD3L.jpg', 'width': 1200, 'height': 896}",25.0,40.0,32.5,53.0,66.0,59.5,12.0,14.0,13.0
Wire Fox Terrier,2,"alert, confident, energetic, intelligent, playful",England,GB,"Small, compact terrier with distinctive dense wiry coat, beard, and alert expression. This bold, energetic breed was developed for fox hunting and combines confidence with an independent spirit.",Terrier,"Developed in England in the 18th-19th century for fox hunting, working to bolt foxes above and below ground alongside hounds. One of the oldest terrier breeds recognized by major kennel clubs.","{'id': 'lYxCEtfMI1', 'url': 'https://cdn4.thedogapi.com/optimized/lYxCEtfMI1.jpg', 'width': 1136, 'height': 944}",6.8,8.6,7.699999999999999,36.0,39.0,37.5,12.0,15.0,13.5
Wirehaired Pointing Griffon,2,"friendly, intelligent, eager to please, loyal, energetic",Netherlands/France,FR,"Medium-sized versatile gundog with distinctive harsh, wiry coat and characteristic beard and eyebrows. Known as the 'supreme gundog' with excellent pointing and retrieving abilities and an intelligent, friendly disposition.",Sporting,"Developed in the late 19th century by Dutch breeder Eduard Korthals, who worked in both Germany and France. His goal was to create the ultimate versatile walking-hunter's gun dog by crossing various pointing breeds, spaniels, and retrievers. Often called 'Korthals Griffon' in his honor.","{'id': 'Bkam2l9Vm', 'url': 'https://cdn2.thedogapi.com/images/Bkam2l9Vm_1280.jpg', 'width': 2328, 'height': 1604}",16.0,32.0,24.0,51.0,61.0,56.0,12.0,15.0,13.5
Wirehaired Vizsla,2,"energetic, loyal, intelligent, affectionate, gentle",Hungary,HU,"Medium-sized Hungarian sporting dog with a distinctive dense, wiry coat and golden rust coloring. Features a robust yet lean build and versatile hunting ability, bred for pointing and retrieving in harsh terrain.",Sporting,Developed in Hungary in the 1930s by crossing the smooth-coated Vizsla with German Wirehaired Pointers to create a wire-coated hunting dog with weather-resistant coat suitable for harsh terrain and cold water,"{'id': 'kjHLge9m58', 'url': 'https://cdn4.thedogapi.com/optimized/kjHLge9m58.jpg', 'width': 1200, 'height': 896}",20.0,29.0,24.5,55.0,64.0,59.5,12.0,14.0,13.0
Xiasi Dog,2,"alert, intelligent, loyal, courageous, energetic","Guizhou Province, China",CN,"A lean, muscular, medium-sized hunting dog from the Guizhou province of China, known for its short wiry coat, loyalty, and athletic ability. This agile breed was prized as a versatile hunting and guard dog, believed to bring wealth and good fortune to families.",Hound,"Ancient breed developed for centuries in and around the village of Xiasi in Guizhou province. Prized by the Miao ethnic region as a versatile hunting and guard dog, believed to bring wealth and good fortune to families. Recognized in China and the AKC's Foundation Stock Service.","{'id': 'C7CTVGvtfo', 'url': 'https://cdn4.thedogapi.com/optimized/C7CTVGvtfo.jpg', 'width': 1200, 'height': 896}",15.0,30.0,22.5,41.0,53.0,47.0,12.0,15.0,13.5
Xigou,2,"calm, loyal, intelligent, alert, independent",China,CN,"Ancient Chinese sighthound breed, sometimes called the 'Chinese Greyhound', with a slender build, long legs, and elegant appearance. Known for speed, endurance, and calm demeanor, it comes in both smooth and long-haired varieties with several regional variations.",Sighthound,"An ancient sighthound breed from China, sometimes called the 'Chinese Greyhound', utilized for thousands of years in hunting and coursing wild game including hares. Has several regional varieties and played an important part in Chinese aristocratic and rural life. Its lineage is documented in Chinese art and literature dating back thousands of years and is recognized by the FCI and AKC Foundation Stock Service.","{'id': 'aO3Byww8Uy', 'url': 'https://cdn4.thedogapi.com/optimized/aO3Byww8Uy.jpg', 'width': 1232, 'height': 864}",20.0,30.0,25.0,58.0,75.0,66.5,12.0,15.0,13.5
Xoloitzcuintli,2,"calm, loyal, alert, intelligent, affectionate, protective",Mexico,MX,"Ancient hairless breed from Mexico available in three sizes (toy, miniature, and standard) and two coat varieties (hairless and coated), known for its loyal, calm, and alert temperament",Non-Sporting,"Ancient breed dating back over 3,000 years with archaeological evidence of existence in Mexico. Highly prized by Aztecs, Maya, and other ancient cultures as companions, healers, guards, and ceremonial dogs. According to myth, believed to guide souls to the afterlife. Nearly extinct but revived in 1950s and recognized by AKC in three sizes.","{'id': 'HkNS3gqEm', 'url': 'https://cdn2.thedogapi.com/images/HkNS3gqEm_1280.jpg', 'width': 1500, 'height': 1350}",4.5,25.0,14.75,25.0,60.0,42.5,,,
Yakutian Laika,2,"energetic, intelligent, loyal, alert, friendly, courageous","Yakutia, Siberia, Russia",RU,"Medium-sized, strong and compact Spitz-type sled dog from the Arctic region of Siberia with a thick double coat and expressive eyes, known for versatility, resilience, and endurance in extreme cold climates",Working,"Ancient aboriginal breed developed by indigenous peoples of Yakutia for sled pulling, hunting, herding reindeer, and companionship in extreme Arctic conditions. Recognized by the FCI in 2019.","{'id': 'l8oudHWW74', 'url': 'https://cdn4.thedogapi.com/optimized/l8oudHWW74.jpg', 'width': 848, 'height': 1264}",16.0,25.0,20.5,51.0,60.0,55.5,10.0,12.0,11.0
Yorkipoo,2,"intelligent, affectionate, playful, energetic, confident",United States,US,"Small designer crossbreed between a Yorkshire Terrier and Toy or Miniature Poodle, known for its intelligent, spirited personality and low-shedding, variable coat type that can range from wavy to curly",Mixed,"Modern designer crossbreed developed in the United States by crossing Yorkshire Terriers with Toy or Miniature Poodles. The goal was to create a small companion dog combining the Poodle's intelligence and low-shedding coat with the Yorkshire Terrier's affectionate, compact nature. Not recognized by major kennel clubs","{'id': '6fCJHBAFZ5', 'url': 'https://storage.googleapis.com/dog-api-uploads-prod/originals/f19a2054-bca3-41bb-9ca8-3fdf553747c2.jpeg', 'width': 1408, 'height': 768}",2.0,6.5,4.25,18.0,38.0,28.0,10.0,15.0,12.5
Yorkshire Terrier,2,"confident, courageous, energetic, affectionate, alert, intelligent","Yorkshire, England",GB,"Small toy terrier with long, silky steel blue and golden tan coat and confident, spirited personality. Despite their tiny size, these feisty dogs possess the bold terrier temperament in a compact package.",Toy,"Developed during the Industrial Revolution in Yorkshire and Lancashire by Scottish weavers and mill workers. Bred to catch rats in textile mills and mines, combining various terrier breeds including the now-extinct Paisley and Clydesdale Terriers.","{'id': 'EBxFXxL6xN', 'url': 'https://cdn4.thedogapi.com/optimized/EBxFXxL6xN.jpg', 'width': 928, 'height': 1152}",1.8,3.2,2.5,18.0,20.0,19.0,12.0,16.0,14.0
Yorktese,2,"affectionate, playful, alert, intelligent, gentle, devoted",United States,US,"Small designer crossbreed combining Yorkshire Terrier and Maltese traits, known for its silky, low-shedding coat, spirited personality, and delicate build",Mixed,"The Yorktese, also known as Morkie, is a modern designer crossbreed developed by intentionally crossing Yorkshire Terrier and Maltese to combine the low-shedding, silky coat of both breeds with a friendly and spirited temperament. Not recognized by major kennel clubs","{'id': 'nH2h2phftY', 'url': 'https://cdn4.thedogapi.com/optimized/nH2h2phftY.jpg', 'width': 1408, 'height': 768}",2.0,4.0,3.0,18.0,23.0,20.5,12.0,15.0,13.5
Zerdava,2,"intelligent, courageous, loyal, energetic, alert",Eastern Black Sea region of Turkey,TR,"A medium-sized, spitz-type hunting dog native to the Black Sea region of Turkey with a wedge-shaped head and prick ears, known for its agility, intelligence, and courageous nature in hunting game such as wild boar",Spitz and Primitive Types,"Ancient landrace breed from the eastern Black Sea region of Turkey, primarily the Trabzon and Rize provinces. Developed as a versatile and fearless hunter, traditionally used to track and corner prey like wild boar, bear, and fox. Now being preserved and standardized by the Turkish Kennel Club (KIF).","{'id': '3NWmmy1PSa', 'url': 'https://cdn4.thedogapi.com/optimized/3NWmmy1PSa.jpg', 'width': 1024, 'height': 1024}",8.0,20.0,14.0,41.0,53.0,47.0,12.0,16.0,14.0
