Name,Origin,Type,Unique Feature,Friendly Rating (1-10),Size,Grooming Needs,Exercise Requirements (hrs/day),Good with Children,Intelligence Rating (1-10),Shedding Level,Health Issues Risk,Training Difficulty (1-10),temperament,origin,country_code,description,breed_group,history,image,weight_min_kg,weight_max_kg,weight_avg_kg,height_min_cm,height_max_cm,height_mid_cm,life_span_min_years,life_span_max_years,life_span_mid_years,temperament list,temperament_clean,affection_sociability,energy_activity,trainability,playfulness,protectiveness,independence,calm_stability,confidence_resilience,image_url
Affenpinscher,Germany,Toy,Monkey-like face,7,Small,High,1.5,Yes,8,Moderate,Low,6,"confident, alert, playful, loyal, courageous",Germany,DE,"Small, sturdy toy breed with a distinctive monkey-like expression and shaggy, wiry coat. Known for its confident, terrier-like personality despite its small size.",Toy,"Originating in 17th-century Germany, bred down from larger terriers to be skilled ratters in homes, kitchens and stables. Refined in Munich and Berlin, recognized by AKC in 1936. Name translates to 'monkey-like terrier'.","{'id': '0LJiOVlxp', 'url': 'https://cdn2.thedogapi.com/images/0LJiOVlxp.jpg', 'width': 2048, 'height': 1880}",3.2,4.5,3.85,23.0,29.0,26.0,12.0,15.0,13.5,"['confident', ' alert', ' playful', ' loyal', ' courageous']","confident, alert, playful, loyal, courageous",0,0,0,1,1,0,0,1,https://cdn2.thedogapi.com/images/0LJiOVlxp.jpg
Afghan Hound,Afghanistan,Hound,Long silky coat,5,Large,Very High,2.0,No,4,High,Moderate,8,"independent, dignified, aloof, loyal, confident",Afghanistan,AF,"Ancient, elegant sighthound with dramatic, flowing silky coat and aristocratic bearing, bred for hunting large prey in mountainous terrain",Hound,"Ancient sighthound originating in the mountainous regions of Afghanistan, where they were prized for hunting large prey like gazelles and leopards. Valued for their speed, stamina, and problem-solving intelligence over rugged terrain. Introduced to the Western world by British officers in the early 20th century.","{'id': 'tChrH8dDJ', 'url': 'https://cdn2.thedogapi.com/images/tChrH8dDJ.jpg', 'width': 2400, 'height': 2487}",20.0,30.0,25.0,63.0,74.0,68.5,12.0,15.0,13.5,"['independent', ' dignified', ' aloof', ' loyal', ' confident']","independent, dignified, aloof, loyal, confident",0,0,0,0,0,1,0,1,https://cdn2.thedogapi.com/images/tChrH8dDJ.jpg
Airedale Terrier,England,Terrier,Largest of terriers,8,Medium,High,2.0,Yes,7,Moderate,Low,6,"confident, intelligent, courageous, alert, energetic, outgoing","Yorkshire, England",GB,"The largest of all terrier breeds, the Airedale is a large, athletic dog with a distinctive wiry black and tan coat and confident, alert demeanor. Known as the 'King of Terriers', this highly intelligent and versatile breed combines courage with an outgoing temperament.",Terrier,"Developed in the Aire Valley of Yorkshire, England, by crossing Otterhounds with various terrier breeds. Originally bred by working-class fanciers to hunt otters and rats, their intelligence and courage led to their use as police dogs, war dogs, and all-around companions.","{'id': 'QWRBrrIvB', 'url': 'https://cdn2.thedogapi.com/images/QWRBrrIvB.jpg', 'width': 1600, 'height': 1200}",18.0,32.0,25.0,56.0,61.0,58.5,11.0,14.0,12.5,"['confident', ' intelligent', ' courageous', ' alert', ' energetic', ' outgoing']","confident, intelligent, courageous, alert, energetic, outgoing",1,1,1,0,1,0,0,1,https://cdn2.thedogapi.com/images/QWRBrrIvB.jpg
Akita,Japan,Working,Strong loyalty,6,Large,Moderate,2.0,With Training,7,High,High,9,"courageous, loyal, dignified, independent, protective, alert",Japan,JP,"A large, powerful spitz-type dog of Japanese origin with a bear-like head, dense double coat, and full curled tail. Known for its dignified presence, imposing stature, and courageous, loyal temperament.",Working,"Ancient Japanese breed developed in the mountainous Akita prefecture for hunting large game including wild boar and bear. Revered in Japanese culture as a symbol of health, happiness, and good fortune. The breed was nearly lost after World War II but was preserved by dedicated breeders and designated as a national treasure in Japan.","{'id': 'iNX25KsSX', 'url': 'https://cdn2.thedogapi.com/images/iNX25KsSX.jpg', 'width': 2362, 'height': 2355}",32.0,59.0,45.5,61.0,71.0,66.0,10.0,13.0,11.5,"['courageous', ' loyal', ' dignified', ' independent', ' protective', ' alert']","courageous, loyal, dignified, independent, protective, alert",0,0,0,0,1,1,0,1,https://cdn2.thedogapi.com/images/iNX25KsSX.jpg
Alaskan Malamute,Alaska USA,Working,Strong pulling ability,7,Large,High,3.0,Yes,6,Very High,Moderate,8,"affectionate, friendly, loyal, playful, intelligent, energetic, outgoing","Alaska, United States",US,"An immensely strong, heavy-duty freighting dog of spitz type, the Alaskan Malamute is a large, powerful Arctic sled dog with a thick double coat, deep chest, well-muscled body, wolf-like appearance, and characteristically plumed tail carried over the back",Working,"One of the oldest Arctic sled dogs, developed by the native Mahlemut Inuit tribe of northwestern Alaska. Essential for survival, used for hauling heavy freight across Arctic terrain, hunting large predators like seals and polar bears","{'id': 'GhtSdrW29', 'url': 'https://cdn2.thedogapi.com/images/GhtSdrW29.jpg', 'width': 3888, 'height': 2592}",32.0,41.0,36.5,56.0,66.0,61.0,10.0,14.0,12.0,"['affectionate', ' friendly', ' loyal', ' playful', ' intelligent', ' energetic', ' outgoing']","affectionate, friendly, loyal, playful, intelligent, energetic, outgoing",1,1,1,1,0,0,0,0,https://cdn2.thedogapi.com/images/GhtSdrW29.jpg
American Bulldog,USA,Working,Muscular build,8,Large,Low,2.0,Yes,6,Moderate,Moderate,7,"confident, loyal, protective, energetic, affectionate, courageous",United States,US,"A powerful, athletic, short-coated dog of the molosser type with a broad head and muscular build, known for its confidence, strength, and loyalty as a family companion and guardian. Originally bred for farm work and protection.",Working,"Descended from Old English Bulldogs brought by working-class immigrants to the American South. Developed as versatile all-around farm utility dogs for guarding property, catching livestock, and protection. The breed was preserved from near extinction after WWII by breeders John D. Johnson and Alan Scott.","{'id': 'jDnFo8MXy', 'url': 'https://cdn2.thedogapi.com/images/jDnFo8MXy.jpg', 'width': 2560, 'height': 1920}",27.0,45.0,36.0,51.0,64.0,57.5,10.0,12.0,11.0,"['confident', ' loyal', ' protective', ' energetic', ' affectionate', ' courageous']","confident, loyal, protective, energetic, affectionate, courageous",1,1,0,0,1,0,0,1,https://cdn2.thedogapi.com/images/jDnFo8MXy.jpg
American Eskimo,USA,Non-Sporting,Pure white coat,9,Small-Medium,High,2.0,Yes,9,High,Low,5,"intelligent, alert, friendly, playful, energetic, eager to please",United States,US,"Compact spitz-type companion dog with distinctive dense white double coat, black points on lips, nose, and eye rims, wedge-shaped head, and plumed tail carried over the back. Available in three sizes (toy, miniature, standard) with an alert expression and striking appearance.",Non-Sporting,"Descended from white German Spitz dogs brought to America by German immigrants. Name changed from German Spitz to American Eskimo Dog during World War I due to anti-German sentiment. Became popular circus performers in the 19th and early 20th centuries, recognized by AKC in 1994","{'id': 'EB8A5HQHX', 'url': 'https://cdn2.thedogapi.com/images/EB8A5HQHX.jpg', 'width': 1920, 'height': 1631}",3.0,16.0,9.5,23.0,48.0,35.5,,,,"['intelligent', ' alert', ' friendly', ' playful', ' energetic', ' eager to please']","intelligent, alert, friendly, playful, energetic, eager to please",1,1,1,1,1,0,0,0,https://cdn2.thedogapi.com/images/EB8A5HQHX.jpg
American Foxhound,USA,Hound,Musical voice,8,Medium,Low,2.5,Yes,6,Moderate,Low,6,"independent, friendly, gentle, energetic, intelligent",United States,US,"A sleek, powerful scenthound with a long, fine-boned body and athletic build, known for incredible stamina, speed, and melodious baying voice. One of the oldest American-bred dogs, developed for endurance and pack hunting.",Hound,"Developed from English Foxhounds imported to Colonial America in the 1650s, refined for American terrain and fox hunting. George Washington was a key figure in the breed's development, breeding them to be lighter, taller, and faster for hunting American red fox over varied terrain.","{'id': 'S14n1x9NQ', 'url': 'https://cdn2.thedogapi.com/images/S14n1x9NQ_1280.jpg', 'width': 3000, 'height': 2400}",27.0,32.0,29.5,53.0,64.0,58.5,11.0,13.0,12.0,"['independent', ' friendly', ' gentle', ' energetic', ' intelligent']","independent, friendly, gentle, energetic, intelligent",1,1,1,0,0,1,1,0,https://cdn2.thedogapi.com/images/S14n1x9NQ_1280.jpg
Australian Cattle Dog,Australia,Herding,Unique blue or red coat,7,Medium,Moderate,2.5,Yes,9,Moderate,Low,7,"intelligent, alert, loyal, energetic, courageous",Australia,AU,"Compact, muscular working dog with distinctive coat markings and exceptional endurance for cattle herding; known as the Heeler",Herding,"Developed in 19th century Australia by crossing British herding dogs including blue merle Collies with native Dingo, with later infusions of Dalmatian and Black and Tan Kelpie to create a hardy cattle herding dog for harsh Australian conditions","{'id': 'ZxP-viFTK', 'url': 'https://cdn2.thedogapi.com/images/ZxP-viFTK.jpg', 'width': 1080, 'height': 1350}",16.0,23.0,19.5,43.0,51.0,47.0,12.0,16.0,14.0,"['intelligent', ' alert', ' loyal', ' energetic', ' courageous']","intelligent, alert, loyal, energetic, courageous",0,1,1,0,1,0,0,0,https://cdn2.thedogapi.com/images/ZxP-viFTK.jpg
Australian Shepherd,USA,Herding,Merle coloring,8,Medium,High,2.5,Yes,9,High,Moderate,7,"intelligent, energetic, work-focused, loyal, devoted, athletic",Western United States,US,"Medium-sized, agile herding dog with striking multicolored coat, expressive eyes, and keen herding instincts. Known for their intense work drive and weather-resistant double coat.",Herding,"Despite its name, the Australian Shepherd was developed in the American West in the 19th century from Basque shepherd dogs brought by immigrants from the Pyrenees region. The breed's intelligence and versatility made it popular on the rodeo circuit and for ranching work.","{'id': 'G0k1fak65p', 'url': 'https://storage.googleapis.com/dog-api-uploads-prod/originals/941d27a3-a346-4b56-bfed-a76d4ec745cd.jpeg', 'width': 1264, 'height': 848}",18.0,29.0,23.5,46.0,58.0,52.0,12.0,15.0,13.5,"['intelligent', ' energetic', ' work-focused', ' loyal', ' devoted', ' athletic']","intelligent, energetic, work-focused, loyal, devoted, athletic",1,1,1,0,0,0,0,0,https://storage.googleapis.com/dog-api-uploads-prod/originals/941d27a3-a346-4b56-bfed-a76d4ec745cd.jpeg
Australian Terrier,Australia,Terrier,Small but tough,7,Small,Moderate,1.5,Yes,7,Low,Low,6,"courageous, alert, friendly, loyal, intelligent",Australia,AU,"Small, sturdy terrier with harsh double coat and distinctive topknot, known for its spirited, alert expression and courageous personality",Terrier,"Developed in Australia during the 19th century from British terrier breeds including Cairn, Skye, and Yorkshire Terriers. Bred as all-purpose exterminators of rodents and snakes, as well as loyal watchdogs and companions. Recognized by AKC in 1960.","{'id': 'WjazcxuOMh', 'url': 'https://storage.googleapis.com/dog-api-uploads-prod/originals/f264d025-4b87-4be4-bf4d-8c7fbb327773.jpeg', 'width': 1120, 'height': 944}",7.0,9.0,8.0,25.0,28.0,26.5,11.0,15.0,13.0,"['courageous', ' alert', ' friendly', ' loyal', ' intelligent']","courageous, alert, friendly, loyal, intelligent",1,0,1,0,1,0,0,0,https://storage.googleapis.com/dog-api-uploads-prod/originals/f264d025-4b87-4be4-bf4d-8c7fbb327773.jpeg
Basenji,Central Africa,Hound,Doesn't bark,6,Small-Medium,Low,2.0,No,6,Low,Low,9,"independent, intelligent, alert, energetic, curious, affectionate",Central Africa,CD,"Small, elegant sighthound from Central Africa with a tightly curled tail, wrinkled forehead, and smooth coat. Known as the 'barkless dog' for its unique yodel-like vocalizations instead of traditional barking.",Hound,"Ancient breed originating in Central Africa, depicted in Egyptian and Babylonian art. Prized by Pygmy tribes and Congo region tribes as versatile hunters for their speed and silence. Brought to England in the 1930s and established in the West.","{'id': '1mYNTc1R6H', 'url': 'https://cdn4.thedogapi.com/optimized/1mYNTc1R6H.jpg', 'width': 1072, 'height': 992}",9.0,12.0,10.5,38.0,44.5,41.25,,,,"['independent', ' intelligent', ' alert', ' energetic', ' curious', ' affectionate']","independent, intelligent, alert, energetic, curious, affectionate",1,1,1,1,1,1,0,0,https://cdn4.thedogapi.com/optimized/1mYNTc1R6H.jpg
Basset Hound,France,Hound,Short legs long body,8,Medium,Low,1.0,Yes,5,Moderate,High,7,"friendly, calm, gentle, loyal, independent, devoted",France,FR,"Low-slung, heavy-boned scent hound with distinctive long, velvety ears, mournful expression, and loose skin. Known for powerful tracking ability and calm demeanor.",Hound,"Developed by French aristocrats from hounds bred at the Abbey of St. Hubert for hunting small game in dense cover. Low-slung body perfected for trailing rabbits and hare, later refined in England for pack hunting.","{'id': 's0vseNSFBF', 'url': 'https://storage.googleapis.com/dog-api-uploads-prod/originals/74b9e98d-60c5-484d-ad62-4db57a0bc47e.jpeg', 'width': 1264, 'height': 848}",18.0,30.0,24.0,33.0,38.0,35.5,12.0,13.0,12.5,"['friendly', ' calm', ' gentle', ' loyal', ' independent', ' devoted']","friendly, calm, gentle, loyal, independent, devoted",1,0,0,0,0,1,1,0,https://storage.googleapis.com/dog-api-uploads-prod/originals/74b9e98d-60c5-484d-ad62-4db57a0bc47e.jpeg
Beagle,England,Hound,Excellent sense of smell,9,Small-Medium,Low,2.0,Yes,7,Moderate,Moderate,7,"friendly, gentle, alert, outgoing, curious, energetic",England,GB,"Compact, merry scent hound with sturdy build, distinctive tri-color or bi-color coat pattern, and cheerful disposition. Originally bred for hunting hare in packs with a distinctive baying voice.",Hound,"The modern Beagle was developed in Great Britain around the 1830s from various English hounds. Bred as 'foot hounds' for hare hunting, with hunters following on foot rather than horseback.","{'id': '5HQ3ZEO0IV', 'url': 'https://storage.googleapis.com/dog-api-uploads-prod/originals/076906f8-69d2-41be-957b-9542e1e36bbc.jpeg', 'width': 1152, 'height': 928}",9.0,14.0,11.5,33.0,41.0,37.0,10.0,15.0,12.5,"['friendly', ' gentle', ' alert', ' outgoing', ' curious', ' energetic']","friendly, gentle, alert, outgoing, curious, energetic",1,1,0,1,1,0,1,0,https://storage.googleapis.com/dog-api-uploads-prod/originals/076906f8-69d2-41be-957b-9542e1e36bbc.jpeg
Bearded Collie,Scotland,Herding,Long shaggy coat,8,Medium,Very High,2.0,Yes,8,High,Low,6,"intelligent, energetic, playful, affectionate, alert, confident, outgoing",Scotland,GB,"Medium-sized herding dog with long, shaggy double coat and animated expression, known for its boisterous, charismatic personality and distinctive bouncing gait",Herding,"Ancient Scottish herding breed developed to drive sheep and cattle in harsh Highland conditions, bred for hardiness, intelligence, and ability to work independently. Nearly extinct after World War II but revived through careful breeding programs. Recognized by Kennel Club in 1959 and AKC in 1977.","{'id': 'BjFmVohkU', 'url': 'https://cdn2.thedogapi.com/images/BjFmVohkU.jpg', 'width': 1280, 'height': 1707}",20.0,25.0,22.5,51.0,56.0,53.5,12.0,14.0,13.0,"['intelligent', ' energetic', ' playful', ' affectionate', ' alert', ' confident', ' outgoing']","intelligent, energetic, playful, affectionate, alert, confident, outgoing",1,1,1,1,1,0,0,1,https://cdn2.thedogapi.com/images/BjFmVohkU.jpg
Bernese Mountain Dog,Switzerland,Working,Tri-colored coat,9,Large,High,1.5,Yes,7,High,High,5,"calm, gentle, loyal, intelligent, affectionate, good-natured",Switzerland,CH,"Large, strong, and sturdy working dog with a distinctive long tricolored coat and calm, gentle temperament. One of four types of Swiss Mountain Dogs, known for being good-natured, loyal, and an excellent family companion.",Working,"One of four types of Swiss Mountain Dogs originating in the canton of Bern. Served as all-purpose farm dogs for droving cattle, pulling carts to market, and watchdogs. Nearly extinct by early 1900s but revived through careful breeding programs","{'id': 'givys4YtVB', 'url': 'https://cdn4.thedogapi.com/optimized/givys4YtVB.jpg', 'width': 896, 'height': 1184}",32.0,52.0,42.0,58.0,70.0,64.0,7.0,10.0,8.5,"['calm', ' gentle', ' loyal', ' intelligent', ' affectionate', ' good-natured']","calm, gentle, loyal, intelligent, affectionate, good-natured",1,0,1,0,0,0,1,0,https://cdn4.thedogapi.com/optimized/givys4YtVB.jpg
Bichon Frise,Mediterranean,Non-Sporting,Cotton-like coat,9,Small,Very High,1.0,Yes,8,Low,Low,5,"happy, playful, affectionate, intelligent, gentle, energetic",France / Belgium,FR,"A small, sturdy, and cheerful companion dog with a soft, curly white double coat, black eyes, and a lively, playful disposition",Non-Sporting,"Descended from the Barbet, a Mediterranean water spaniel. The breed was developed in France and became a popular companion dog for European nobility. The modern breed standard was established in France after World War I.","{'id': 'vxwDW0oGgi', 'url': 'https://storage.googleapis.com/dog-api-uploads-prod/originals/35738179-7493-4377-b52e-3b8387e1a532.jpeg', 'width': 1216, 'height': 880}",5.0,8.0,6.5,24.0,29.0,26.5,,,,"['happy', ' playful', ' affectionate', ' intelligent', ' gentle', ' energetic']","happy, playful, affectionate, intelligent, gentle, energetic",1,1,1,1,0,0,1,0,https://storage.googleapis.com/dog-api-uploads-prod/originals/35738179-7493-4377-b52e-3b8387e1a532.jpeg
Black Russian Terrier,Russia,Working,Black protective coat,7,Large,High,2.0,Yes,8,Moderate,Moderate,8,"confident, courageous, intelligent, protective, calm, loyal",Russia,RU,"Large, powerful, and robust working dog with a distinctive dense black double coat and confident demeanor. Bred for military and guard work, this hardy breed combines courage with intelligence.",Working,"Developed in the Soviet Union in the late 1940s by the state-run Red Star Kennel for military use. Created by crossing Giant Schnauzer, Airedale Terrier, Rottweiler, and other breeds to produce a large, trainable, and hardy guard dog.","{'id': 'nYmx0fLmIr', 'url': 'https://cdn4.thedogapi.com/optimized/nYmx0fLmIr.jpg', 'width': 1232, 'height': 864}",36.0,59.0,47.5,66.0,76.0,71.0,10.0,12.0,11.0,"['confident', ' courageous', ' intelligent', ' protective', ' calm', ' loyal']","confident, courageous, intelligent, protective, calm, loyal",0,0,1,0,1,0,1,1,https://cdn4.thedogapi.com/optimized/nYmx0fLmIr.jpg
Bloodhound,Belgium,Hound,Superior tracking ability,7,Large,Moderate,2.0,Yes,6,Moderate,High,8,"gentle, friendly, independent, alert, devoted, affectionate",Belgium,BE,"Large, substantial scent hound with a noble, dignified expression, characterized by exceptional tracking ability, distinctive wrinkled face, long drooping ears, loose skin, and pendulous jowls. Renowned for its extraordinary sense of smell and unparalleled tracking abilities.",Hound,"Ancient breed developed by monks at the Abbey of Saint-Hubert in Belgium and France during medieval times. Later refined in England and valued for centuries for tracking game and people, eventually imported to the US for search and rescue work.","{'id': 'w4pWqWA1v1', 'url': 'https://storage.googleapis.com/dog-api-uploads-prod/originals/2f5d5e94-a9ae-4d58-a781-ed685181997a.jpeg', 'width': 1232, 'height': 864}",36.0,50.0,43.0,58.0,69.0,63.5,10.0,12.0,11.0,"['gentle', ' friendly', ' independent', ' alert', ' devoted', ' affectionate']","gentle, friendly, independent, alert, devoted, affectionate",1,0,0,0,1,1,1,0,https://storage.googleapis.com/dog-api-uploads-prod/originals/2f5d5e94-a9ae-4d58-a781-ed685181997a.jpeg
Border Collie,UK,Herding,Highest intelligence,8,Medium,High,3.0,Yes,10,Moderate,Low,6,"intelligent, energetic, alert, work-focused, loyal, eager to please",Anglo-Scottish border region,GB,"Medium-sized, highly intelligent, and athletic herding dog with keen expression and intense work drive, renowned for its instinctual ability to control livestock with its signature stare",Herding,"Developed by shepherds on the border of England and Scotland for herding sheep in hilly terrain, refined through selective breeding for working ability. The breed's lineage can be traced back to a single dog named Old Hemp, born in 1893.","{'id': '38KoA9gGB', 'url': 'https://cdn2.thedogapi.com/images/38KoA9gGB.jpg', 'width': 1080, 'height': 1350}",14.0,25.0,19.5,46.0,56.0,51.0,12.0,15.0,13.5,"['intelligent', ' energetic', ' alert', ' work-focused', ' loyal', ' eager to please']","intelligent, energetic, alert, work-focused, loyal, eager to please",0,1,1,0,1,0,0,0,https://cdn2.thedogapi.com/images/38KoA9gGB.jpg
Border Terrier,UK,Terrier,Otter-like head,8,Small,Moderate,1.5,Yes,7,Moderate,Low,6,"affectionate, intelligent, alert, energetic, courageous, adaptable",Border regions between England and Scotland,GB,"Small, sturdy working terrier with weather-resistant wiry coat and distinctive otter-like head, bred for fox hunting with a plucky and affectionate nature",Terrier,Developed in the 18th century in the Cheviot Hills along the English-Scottish border by farmers and shepherds to hunt fox alongside foxhounds. Needed to be small enough to follow quarry into dens and burrows but tough enough to keep up with horses and work independently.,"{'id': 'QfZBKCfJ1v', 'url': 'https://storage.googleapis.com/dog-api-uploads-prod/originals/6fcf6ce9-b2df-45c0-b154-1317df7b6c2c.jpeg', 'width': 1152, 'height': 928}",5.0,7.0,6.0,28.0,41.0,34.5,12.0,15.0,13.5,"['affectionate', ' intelligent', ' alert', ' energetic', ' courageous', ' adaptable']","affectionate, intelligent, alert, energetic, courageous, adaptable",1,1,1,0,1,0,1,0,https://storage.googleapis.com/dog-api-uploads-prod/originals/6fcf6ce9-b2df-45c0-b154-1317df7b6c2c.jpeg
Borzoi,Russia,Hound,Graceful build,6,Large,High,2.0,No,6,Moderate,Low,7,"gentle, independent, calm, intelligent, affectionate",Russia,RU,"Large, elegant sighthound with long, silky flowing coat and aristocratic bearing, known for grace, speed, and gentle nature. Originally bred by Russian nobility for coursing wolves and game.",Hound,Developed by Russian aristocracy in the 17th century for coursing wolves and other game. Also known as Russian Wolfhound until 1936. Numbers dwindled after the Russian Revolution but were preserved by fanciers outside Russia.,"{'id': 'DDaDUnRHoR', 'url': 'https://cdn4.thedogapi.com/optimized/DDaDUnRHoR.jpg', 'width': 1104, 'height': 960}",27.0,48.0,37.5,66.0,81.0,73.5,9.0,14.0,11.5,"['gentle', ' independent', ' calm', ' intelligent', ' affectionate']","gentle, independent, calm, intelligent, affectionate",1,0,1,0,0,1,1,0,https://cdn4.thedogapi.com/optimized/DDaDUnRHoR.jpg
Boston Terrier,USA,Non-Sporting,Tuxedo-like markings,9,Small,Low,1.5,Yes,8,Low,Moderate,5,"friendly, intelligent, outgoing, playful","Boston, Massachusetts, United States",US,"Compact, short-tailed dog with distinctive flat face, erect ears, and smooth 'tuxedo' coat markings. Known as 'The American Gentleman' for its friendly and intelligent demeanor.",Non-Sporting,Developed in Boston in the 1870s from crossing English Bulldog with the now-extinct White English Terrier. Refined in the late 19th century and became one of the first American-developed breeds recognized by the AKC.,"{'id': '0JqHiVXBhZ', 'url': 'https://cdn4.thedogapi.com/optimized/0JqHiVXBhZ.jpg', 'width': 1200, 'height': 896}",5.0,11.0,8.0,38.0,43.0,40.5,11.0,13.0,12.0,"['friendly', ' intelligent', ' outgoing', ' playful']","friendly, intelligent, outgoing, playful",1,0,1,1,0,0,0,0,https://cdn4.thedogapi.com/optimized/0JqHiVXBhZ.jpg
Bouvier des Flandres,Belgium,Herding,Beard and mustache,7,Large,Very High,2.0,Yes,8,High,Moderate,7,"loyal, intelligent, protective, courageous, calm, gentle",Belgium (Flanders region),BE,"Large, powerfully built herding dog with a rugged appearance and rough, tousled double coat. This compact breed gives the impression of great strength without heaviness and has a dense weather-resistant coat suited for farm work.",Herding,"Developed by monks in the Flanders region of medieval Europe as cattle herding and all-purpose farm dog. Used to drive cattle, pull carts, and serve as a watchdog. Nearly extinct after World War I but revived by dedicated breeders.","{'id': 'Yd6NY6nY6u', 'url': 'https://cdn4.thedogapi.com/optimized/Yd6NY6nY6u.jpg', 'width': 1408, 'height': 768}",32.0,50.0,41.0,60.0,70.0,65.0,10.0,12.0,11.0,"['loyal', ' intelligent', ' protective', ' courageous', ' calm', ' gentle']","loyal, intelligent, protective, courageous, calm, gentle",0,0,1,0,1,0,1,0,https://cdn4.thedogapi.com/optimized/Yd6NY6nY6u.jpg
Boxer,Germany,Working,Wrinkled forehead,9,Large,Low,2.0,Yes,7,Moderate,Moderate,6,"playful, energetic, loyal, intelligent, friendly, alert",Germany,DE,"Medium to large, powerful and athletic working dog with a distinctive short-muzzled, flat face and short coat. Known for their fun-loving, bright temperament and expressive face, combining energy with loyalty.",Working,"Developed in late 19th century Germany from the now-extinct German Bullenbeisser (used for hunting large game like boar and bear) and English Bulldog, originally for bull-baiting and hunting, later refined for working and companion roles","{'id': 'hTA7aPcu9S', 'url': 'https://storage.googleapis.com/dog-api-uploads-prod/originals/25802549-e31b-457c-89d9-062e6d47469e.jpeg', 'width': 1232, 'height': 864}",23.0,36.0,29.5,55.0,64.0,59.5,10.0,12.0,11.0,"['playful', ' energetic', ' loyal', ' intelligent', ' friendly', ' alert']","playful, energetic, loyal, intelligent, friendly, alert",1,1,1,1,1,0,0,0,https://storage.googleapis.com/dog-api-uploads-prod/originals/25802549-e31b-457c-89d9-062e6d47469e.jpeg
Briard,France,Herding,Long protective coat,7,Large,High,2.0,Yes,8,Moderate,Low,7,"loyal, intelligent, protective, confident, courageous, devoted",France,FR,"Large, powerful French herding dog with a luxurious long wavy double coat, distinctive beard and eyebrows creating a peek-a-boo hairdo, and a loyal, intelligent disposition",Herding,"Ancient French herding breed developed for centuries to herd and guard flocks. Served as sentries, messengers, and pack animals for the French army during World War I. Nearly extinct after World War II but successfully revived. Recognized by the AKC in 1928.","{'id': 'QHeak9hrOm', 'url': 'https://cdn4.thedogapi.com/optimized/QHeak9hrOm.jpg', 'width': 1200, 'height': 896}",23.0,45.0,34.0,56.0,69.0,62.5,10.0,12.0,11.0,"['loyal', ' intelligent', ' protective', ' confident', ' courageous', ' devoted']","loyal, intelligent, protective, confident, courageous, devoted",1,0,1,0,1,0,0,1,https://cdn4.thedogapi.com/optimized/QHeak9hrOm.jpg
Brittany,France,Sporting,Bright orange coloring,8,Medium,Moderate,2.5,Yes,8,Moderate,Low,5,"intelligent, energetic, eager to please, friendly, athletic, happy","Brittany (Bretagne), France",FR,"Medium-sized, compact and leggy sporting dog with an athletic build and distinctive orange and white feathered coat. Known for its versatility in pointing and retrieving, this agile gundog combines high energy for hunting and field work with an intelligent and happy-go-lucky disposition.",Sporting,Developed in the 17th-18th century in the Brittany province of France as a versatile hunting dog capable of pointing and retrieving on various terrain. Refined through crosses with English Setters and recognized by AKC in 1934.,"{'id': 'UXwmDN19MK', 'url': 'https://storage.googleapis.com/dog-api-uploads-prod/originals/7d55f697-6879-4616-af9d-668aa3226289.jpeg', 'width': 1200, 'height': 880}",14.0,18.0,16.0,44.0,52.0,48.0,12.0,15.0,13.5,"['intelligent', ' energetic', ' eager to please', ' friendly', ' athletic', ' happy']","intelligent, energetic, eager to please, friendly, athletic, happy",1,1,1,0,0,0,0,0,https://storage.googleapis.com/dog-api-uploads-prod/originals/7d55f697-6879-4616-af9d-668aa3226289.jpeg
Bull Terrier,England,Terrier,Egg-shaped head,7,Medium,Low,2.0,With Training,7,Low,Moderate,7,"playful, courageous, energetic, loyal, mischievous",England,GB,"A muscular, well-built terrier best known for its distinctive long, egg-shaped head that slopes down to the nose. This confident breed combines a playful, mischievous personality with a courageous temperament.",Terrier,"Developed in 19th-century England by crossing old English Bulldogs with various terriers, originally for bull-baiting and dog fighting. James Hinks is credited with standardizing the breed and creating the distinctive egg-shaped head, earning them the nickname 'The White Cavalier'.","{'id': '6Dj7tp_vB', 'url': 'https://cdn2.thedogapi.com/images/6Dj7tp_vB.jpg', 'width': 1280, 'height': 1162}",23.0,32.0,27.5,53.0,56.0,54.5,12.0,13.0,12.5,"['playful', ' courageous', ' energetic', ' loyal', ' mischievous']","playful, courageous, energetic, loyal, mischievous",0,1,0,1,1,0,0,0,https://cdn2.thedogapi.com/images/6Dj7tp_vB.jpg
Bullmastiff,England,Working,Powerful guardian,6,Large,Low,1.5,With Training,6,Moderate,High,7,"loyal, protective, calm, courageous, affectionate, confident",England,GB,"Large, powerful guardian breed with short coat and calm, confident demeanor, originally bred to guard estates and known as 'The Gamekeeper's Night-Dog'",Working,Developed in mid-19th century England by gamekeepers crossing English Mastiff with Old English Bulldog to create an effective estate guard dog for tracking poachers,"{'id': 'QdwFluBnbf', 'url': 'https://cdn4.thedogapi.com/optimized/QdwFluBnbf.jpg', 'width': 1104, 'height': 960}",45.0,59.0,52.0,61.0,69.0,65.0,7.0,9.0,8.0,"['loyal', ' protective', ' calm', ' courageous', ' affectionate', ' confident']","loyal, protective, calm, courageous, affectionate, confident",1,0,0,0,1,0,1,1,https://cdn4.thedogapi.com/optimized/QdwFluBnbf.jpg
Cairn Terrier,Scotland,Terrier,Weather-resistant coat,8,Small,Moderate,1.5,Yes,7,Moderate,Low,6,"alert, confident, friendly, intelligent, courageous, energetic",Scotland,GB,"A small, sturdy working terrier with weather-resistant shaggy coat and alert expression, originating from the Scottish Highlands and known for its plucky, cheerful nature",Terrier,"Developed on the Isle of Skye in Scotland, one of the oldest terrier breeds. Originally used by farmers in the Scottish Highlands to hunt and flush out foxes and vermin from rock piles (cairns), which gave the breed its name. Recognized by the AKC in 1913.","{'id': 'AEtWWjCcLL', 'url': 'https://cdn4.thedogapi.com/optimized/AEtWWjCcLL.jpg', 'width': 1200, 'height': 896}",6.0,7.5,6.75,24.0,28.0,26.0,,,,"['alert', ' confident', ' friendly', ' intelligent', ' courageous', ' energetic']","alert, confident, friendly, intelligent, courageous, energetic",1,1,1,0,1,0,0,1,https://cdn4.thedogapi.com/optimized/AEtWWjCcLL.jpg
Canaan Dog,Israel,Herding,Desert-adapted,6,Medium,Low,2.0,With Training,8,Moderate,Low,8,"alert, intelligent, loyal, independent, protective, confident",Israel,IL,"Medium-sized primitive spitz-type pariah dog with erect ears, wedge-shaped head, and bushy tail carried curled over the back, known for natural survival instincts and versatility as herder and guardian",Herding,"Ancient pariah dog from the land of Canaan that survived for thousands of years in the wild. In the 1930s, Dr. Rudolphina Menzel began redomesticating them for use as guard and service dogs. Recognized by AKC in 1997 and is the national dog of Israel.","{'id': 'ONmucF2QTk', 'url': 'https://cdn4.thedogapi.com/optimized/ONmucF2QTk.jpg', 'width': 1232, 'height': 864}",16.0,25.0,20.5,48.0,61.0,54.5,12.0,15.0,13.5,"['alert', ' intelligent', ' loyal', ' independent', ' protective', ' confident']","alert, intelligent, loyal, independent, protective, confident",0,0,1,0,1,1,0,1,https://cdn4.thedogapi.com/optimized/ONmucF2QTk.jpg
Cane Corso,Italy,Working,Ancient Roman guardian,6,Large,Low,2.0,With Training,7,Low,Moderate,9,"confident, protective, intelligent, loyal, affectionate",Italy,IT,"Large, powerful Italian mastiff-type dog with muscular, athletic build and confident demeanor. This intelligent and majestic breed was historically used as a guardian and hunter, known for its loyalty to family.",Working,"Ancient Italian breed descended from Roman Molossian war dogs, developed as a versatile farmhand, guardian, and hunter of large game. The breed nearly faced extinction but was revived by enthusiasts in the 1970s.","{'id': 'r15m-lc4m', 'url': 'https://cdn2.thedogapi.com/images/r15m-lc4m_1280.jpg', 'width': 645, 'height': 380}",40.0,50.0,45.0,60.0,70.0,65.0,9.0,12.0,10.5,"['confident', ' protective', ' intelligent', ' loyal', ' affectionate']","confident, protective, intelligent, loyal, affectionate",1,0,1,0,1,0,0,1,https://cdn2.thedogapi.com/images/r15m-lc4m_1280.jpg
Cardigan Welsh Corgi,Wales,Herding,Long tail unlike Pembroke,8,Small,Moderate,2.0,Yes,8,High,Moderate,6,"affectionate, loyal, intelligent, alert, adaptable","Cardiganshire, Wales",GB,"Low-set, sturdily built herding dog with a long body, fox-like brushy tail, and rounded ears, known for intelligence and versatility",Herding,"One of the oldest herding breeds, believed brought to Wales by Celtic tribes around 1200 BC, developed as versatile farm dogs for cattle herding and property guarding","{'id': 'SyXN-e9NX', 'url': 'https://cdn2.thedogapi.com/images/SyXN-e9NX_1280.jpg', 'width': 800, 'height': 600}",11.0,17.0,14.0,27.0,32.0,29.5,12.0,15.0,13.5,"['affectionate', ' loyal', ' intelligent', ' alert', ' adaptable']","affectionate, loyal, intelligent, alert, adaptable",1,0,1,0,1,0,1,0,https://cdn2.thedogapi.com/images/SyXN-e9NX_1280.jpg
Cavalier King Charles Spaniel,UK,Toy,Ruby colored coat,10,Small,Moderate,1.0,Yes,6,Moderate,High,4,"affectionate, gentle, friendly, playful, eager to please, adaptable",United Kingdom,GB,"Small, elegant toy spaniel with silky coat, large expressive eyes, and noble appearance, known for its gentle expression and affectionate temperament, equally at home as a lap dog or active companion",Toy,"Named after King Charles II who favored the breed, descended from toy spaniels depicted in 16th-18th century British court paintings. The modern breed was revived in the 1920s by enthusiasts seeking to restore the longer-nosed type seen in old portraits","{'id': 'fM3yF6cLB1', 'url': 'https://cdn4.thedogapi.com/optimized/fM3yF6cLB1.jpg', 'width': 1216, 'height': 880}",6.0,8.0,7.0,30.0,33.0,31.5,12.0,15.0,13.5,"['affectionate', ' gentle', ' friendly', ' playful', ' eager to please', ' adaptable']","affectionate, gentle, friendly, playful, eager to please, adaptable",1,0,1,1,0,0,1,0,https://cdn4.thedogapi.com/optimized/fM3yF6cLB1.jpg
Chesapeake Bay Retriever,USA,Sporting,Waterproof coat,7,Large,Moderate,2.5,Yes,7,Moderate,Low,7,"intelligent, courageous, loyal, protective, confident","Maryland, United States",US,"A powerful, muscular gundog with distinctive wavy, waterproof double coat and amber eyes, bred for retrieving waterfowl in the harsh conditions of the Chesapeake Bay",Sporting,Developed in the 19th century along the Chesapeake Bay from two shipwrecked Newfoundland-type puppies (Sailor and Canton) bred with local retrievers to create a water gundog capable of withstanding icy conditions and retrieving waterfowl in harsh environments,"{'id': 'JjT27ESYT', 'url': 'https://cdn2.thedogapi.com/images/JjT27ESYT.jpg', 'width': 1280, 'height': 1920}",25.0,36.0,30.5,53.0,66.0,59.5,10.0,13.0,11.5,"['intelligent', ' courageous', ' loyal', ' protective', ' confident']","intelligent, courageous, loyal, protective, confident",0,0,1,0,1,0,0,1,https://cdn2.thedogapi.com/images/JjT27ESYT.jpg
Chihuahua,Mexico,Toy,Smallest dog breed,6,Small,Low,1.0,No,7,Low,Moderate,7,"alert, devoted, intelligent, confident, courageous, lively",Mexico,MX,"World's smallest dog breed with long, flowing coat and bold, confident personality despite tiny size",Toy,"Ancient breed descended from Techichi dogs of the Toltec civilization, refined in Mexican state of Chihuahua and standardized in Mexico and the US. Recognized by AKC since 1904","{'id': 'keGcncOUuU', 'url': 'https://cdn4.thedogapi.com/optimized/keGcncOUuU.jpg', 'width': 1104, 'height': 960}",1.0,3.0,2.0,13.0,20.0,16.5,,,,"['alert', ' devoted', ' intelligent', ' confident', ' courageous', ' lively']","alert, devoted, intelligent, confident, courageous, lively",1,1,1,0,1,0,0,1,https://cdn4.thedogapi.com/optimized/keGcncOUuU.jpg
Chinese Crested,China,Toy,Hairless variety,7,Small,High,1.0,Yes,8,Low,Low,6,"affectionate, alert, playful, lively, intelligent, gentle",China,CN,"Small, elegant toy dog with fine-boned build that comes in two distinctive varieties: the Hairless with soft skin and tufts of hair, and the Powderpuff with a soft, straight double coat",Toy,Ancient breed believed to have descended from African or Mexican hairless dogs and refined in China. Chinese mariners kept them on ships to hunt vermin and traded them among port cities worldwide. Served as companions to Chinese nobility and were believed to possess magical healing powers,"{'id': 'EmZBU7gxxa', 'url': 'https://cdn4.thedogapi.com/optimized/EmZBU7gxxa.jpg', 'width': 1264, 'height': 832}",3.6,5.4,4.5,28.0,33.0,30.5,,,,"['affectionate', ' alert', ' playful', ' lively', ' intelligent', ' gentle']","affectionate, alert, playful, lively, intelligent, gentle",1,1,1,1,1,0,1,0,https://cdn4.thedogapi.com/optimized/EmZBU7gxxa.jpg
Chinese Shar-Pei,China,Non-Sporting,Wrinkled skin,6,Medium,Low,1.5,With Training,6,Moderate,High,8,"loyal, independent, calm, alert, protective, intelligent",China,CN,"An ancient Chinese breed known for its distinctive deep wrinkles, hippopotamus-like muzzle, blue-black tongue, and compact, medium-sized build with a calm, independent temperament",Non-Sporting,"Ancient Chinese breed from southern provinces dating back to the Han Dynasty, originally used as all-purpose farm dog for hunting, herding, guarding, and farm work. Nearly extinct in mid-20th century but revived from very small population by dedicated breeders in 1970s","{'id': 'Rrs2lVEQHq', 'url': 'https://cdn4.thedogapi.com/optimized/Rrs2lVEQHq.jpg', 'width': 1200, 'height': 896}",20.0,27.0,23.5,46.0,51.0,48.5,8.0,12.0,10.0,"['loyal', ' independent', ' calm', ' alert', ' protective', ' intelligent']","loyal, independent, calm, alert, protective, intelligent",0,0,1,0,1,1,1,0,https://cdn4.thedogapi.com/optimized/Rrs2lVEQHq.jpg
Chow Chow,China,Non-Sporting,Blue-black tongue,5,Medium,High,1.5,No,5,High,High,9,"loyal, independent, aloof, alert, calm, protective",China,CN,"An ancient, powerful, and sturdily built dog of Arctic spitz-type, known for its distinctive lion-like mane, unique blue-black tongue, stilted gait, and dense double coat",Non-Sporting,"One of the oldest recognizable breeds with origins dating back over 2,000 years in northern China, where it served as hunting, herding, guarding, and companion dog. Refined during Tang Dynasty and recognized by AKC in 1903.","{'id': 'XSu9Ht84DA', 'url': 'https://cdn4.thedogapi.com/optimized/XSu9Ht84DA.jpg', 'width': 1088, 'height': 976}",20.0,32.0,26.0,43.0,51.0,47.0,8.0,12.0,10.0,"['loyal', ' independent', ' aloof', ' alert', ' calm', ' protective']","loyal, independent, aloof, alert, calm, protective",0,0,0,0,1,1,1,0,https://cdn4.thedogapi.com/optimized/XSu9Ht84DA.jpg
Clumber Spaniel,England,Sporting,Massive head,7,Medium,Moderate,1.5,Yes,6,High,Moderate,6,"gentle, loyal, calm, intelligent, playful",England,GB,"A long, low, and substantial flushing spaniel with a massive head, heavy bone structure, pensive expression, and predominantly white coat with lemon or orange markings",Sporting,"Developed in the 18th century, associated with the French Duc de Noailles and Duke of Newcastle's Clumber Park estate in Nottinghamshire. Likely developed from Alpine Spaniel, Basset Hound crosses. Prized by British royalty and nobility as gentleman's hunting spaniels for game flushing","{'id': 'M5cp3u9VBx', 'url': 'https://cdn4.thedogapi.com/optimized/M5cp3u9VBx.jpg', 'width': 1088, 'height': 976}",25.0,39.0,32.0,43.0,51.0,47.0,10.0,12.0,11.0,"['gentle', ' loyal', ' calm', ' intelligent', ' playful']","gentle, loyal, calm, intelligent, playful",0,0,1,1,0,0,1,0,https://cdn4.thedogapi.com/optimized/M5cp3u9VBx.jpg
Cocker Spaniel,England,Sporting,Long ears,9,Small-Medium,High,1.5,Yes,7,High,Moderate,5,"friendly, affectionate, playful, intelligent, outgoing",United States,US,"Compact sporting breed with silky coat, merry expression, and affectionate nature",Sporting,"Descended from English Cocker Spaniels, developed in the US for smaller size and specialized for woodcock hunting; officially recognized as a distinct breed by the AKC in 1946","{'id': 'R1b5gB11p', 'url': 'https://cdn2.thedogapi.com/images/R1b5gB11p.jpg', 'width': 1080, 'height': 1350}",9.0,14.0,11.5,32.0,39.0,35.5,10.0,14.0,12.0,"['friendly', ' affectionate', ' playful', ' intelligent', ' outgoing']","friendly, affectionate, playful, intelligent, outgoing",1,0,1,1,0,0,0,0,https://cdn2.thedogapi.com/images/R1b5gB11p.jpg
Curly-Coated Retriever,England,Sporting,Curly water-resistant coat,7,Large,Moderate,2.0,Yes,7,Low,Low,6,"confident, intelligent, independent, loyal, energetic",England,GB,"Large, elegant retriever and one of the oldest retriever breeds, distinguished by its distinctive tight, water-resistant curly coat and confident, athletic temperament",Sporting,"One of the oldest retriever breeds, developed in England during the 18th-19th century from English Water Spaniel, St. John's Newfoundland, and Poodle ancestry, prized by gamekeepers for waterfowl hunting versatility","{'id': 'hTIXRvifdU', 'url': 'https://cdn4.thedogapi.com/optimized/hTIXRvifdU.jpg', 'width': 1408, 'height': 768}",27.0,43.0,35.0,58.0,69.0,63.5,10.0,12.0,11.0,"['confident', ' intelligent', ' independent', ' loyal', ' energetic']","confident, intelligent, independent, loyal, energetic",0,1,1,0,0,1,0,1,https://cdn4.thedogapi.com/optimized/hTIXRvifdU.jpg
Dachshund,Germany,Hound,Long body short legs,7,Small,Low,1.5,With Training,7,Moderate,High,7,"courageous, intelligent, independent, alert, playful, devoted",Germany,DE,"Long-bodied, short-legged hound with distinctive elongated build, available in three coat types (smooth, wirehaired, and longhaired). Originally bred for hunting badgers in burrows, this bold and lively scent hound is known for its courageous, intelligent, and playful personality.",Hound,"Developed in Germany over 300 years ago (records date to 15th century) specifically for hunting badgers in their burrows. The name 'Dachshund' translates to 'badger dog' in German. Wirehaired varieties were developed by crossing with terriers for work in thorny terrain, while longhaired varieties were created using spaniels for colder climates.","{'id': 'HhcmXDVqR2', 'url': 'https://cdn4.thedogapi.com/optimized/HhcmXDVqR2.jpg', 'width': 1200, 'height': 880}",7.0,14.5,10.75,20.0,23.0,21.5,12.0,16.0,14.0,"['courageous', ' intelligent', ' independent', ' alert', ' playful', ' devoted']","courageous, intelligent, independent, alert, playful, devoted",1,0,1,1,1,1,0,0,https://cdn4.thedogapi.com/optimized/HhcmXDVqR2.jpg
Dalmatian,Croatia,Non-Sporting,Spotted coat,8,Medium,Low,2.5,Yes,7,Moderate,High,7,"energetic, outgoing, intelligent, alert, athletic","Dalmatia, Croatia",HR,"Medium-sized, athletic dog with distinctive black or liver spotted white coat and elegant build, originally bred as a carriage dog with exceptional endurance",Non-Sporting,"Ancient breed with roots in Dalmatia, Croatia, originally bred as carriage dogs to run for miles alongside horse-drawn coaches, guarding horses and coaches. Also served as circus performers and iconic firehouse mascots, particularly associated with American fire departments. Recognized by AKC in 1888.","{'id': 'ACDtQWVRBr', 'url': 'https://cdn4.thedogapi.com/optimized/ACDtQWVRBr.jpg', 'width': 896, 'height': 1200}",20.0,32.0,26.0,56.0,61.0,58.5,11.0,13.0,12.0,"['energetic', ' outgoing', ' intelligent', ' alert', ' athletic']","energetic, outgoing, intelligent, alert, athletic",1,1,1,0,1,0,0,0,https://cdn4.thedogapi.com/optimized/ACDtQWVRBr.jpg
Dandie Dinmont Terrier,Scotland,Terrier,Distinctive topknot,7,Small,Moderate,1.5,Yes,7,Low,Low,7,"independent, intelligent, loyal, affectionate, confident, gentle",Scottish Borders,GB,"Small, long, low-bodied terrier with distinctive topknot of silky hair, large soulful eyes, and unique pepper or mustard colored crisp double coat. Originally bred for hunting badgers and otters with a gentle expression despite their tenacious nature.",Terrier,Developed in the 18th century in the border region between Scotland and England for hunting badgers and otters. Named after a character in Sir Walter Scott's 1815 novel 'Guy Mannering'. Recognized by The Kennel Club (UK) in 1875 and AKC in 1886.,"{'id': 'wnXnSQ9sTP', 'url': 'https://cdn4.thedogapi.com/optimized/wnXnSQ9sTP.jpg', 'width': 1232, 'height': 864}",8.0,11.0,9.5,20.0,28.0,24.0,12.0,15.0,13.5,"['independent', ' intelligent', ' loyal', ' affectionate', ' confident', ' gentle']","independent, intelligent, loyal, affectionate, confident, gentle",1,0,1,0,0,1,1,1,https://cdn4.thedogapi.com/optimized/wnXnSQ9sTP.jpg
Doberman Pinscher,Germany,Working,Sleek appearance,8,Large,Low,2.5,With Training,9,Low,Moderate,7,"intelligent, alert, loyal, energetic, confident",Germany,DE,"Medium-large, sleek, athletic and powerful dog known for exceptional loyalty and intelligence. This elegant working breed combines strength with agility and has a confident, alert demeanor.",Working,"Created in late 19th century by Karl Friedrich Louis Dobermann using breeds such as the Rottweiler, German Pinscher, and others for protection and companionship","{'id': 'yy1nVxX1TD', 'url': 'https://cdn4.thedogapi.com/optimized/yy1nVxX1TD.jpg', 'width': 1264, 'height': 848}",27.0,45.0,36.0,61.0,71.0,66.0,10.0,12.0,11.0,"['intelligent', ' alert', ' loyal', ' energetic', ' confident']","intelligent, alert, loyal, energetic, confident",0,1,1,0,1,0,0,1,https://cdn4.thedogapi.com/optimized/yy1nVxX1TD.jpg
English Bulldog,England,Non-Sporting,Pushed-in nose,7,Medium,Low,1.0,Yes,6,Moderate,High,7,"friendly, courageous, calm, docile, loyal",England,GB,"Medium-sized muscular dog with loose wrinkled skin, distinctive wrinkled face, and pushed-in nose, known for its gentle but courageous disposition",Non-Sporting,"Originally developed in medieval England for bull-baiting, descended from ancient mastiff-type dogs. After blood sports were outlawed in 1835, refined into the gentle companion breed known today","{'id': 'AE2TgiqscE', 'url': 'https://cdn4.thedogapi.com/optimized/AE2TgiqscE.jpg', 'width': 1296, 'height': 816}",18.0,25.0,21.5,36.0,38.0,37.0,8.0,10.0,9.0,"['friendly', ' courageous', ' calm', ' docile', ' loyal']","friendly, courageous, calm, docile, loyal",1,0,0,0,1,0,1,0,https://cdn4.thedogapi.com/optimized/AE2TgiqscE.jpg
English Cocker Spaniel,England,Sporting,Merry temperament,8,Medium,High,1.5,Yes,7,Moderate,Moderate,5,"merry, affectionate, intelligent, energetic, playful, gentle, eager to please",England,GB,"A medium-sized, merry sporting spaniel known for its silky coat, long lush ears, expressive eyes, and energetic attitude. Compact and athletic, built for endurance and agility in the field with exceptional abilities as both hunting companion and family dog.",Sporting,Developed in England from land spaniels as a specialist flushing spaniel for woodcock and other game birds. Officially separated from American Cocker Spaniel in the 1940s by breed standards.,"{'id': 'UnSc5dMSae', 'url': 'https://cdn4.thedogapi.com/optimized/UnSc5dMSae.jpg', 'width': 1264, 'height': 848}",12.0,15.5,13.75,38.0,43.0,40.5,12.0,14.0,13.0,"['merry', ' affectionate', ' intelligent', ' energetic', ' playful', ' gentle', ' eager to please']","merry, affectionate, intelligent, energetic, playful, gentle, eager to please",1,1,1,1,0,0,1,0,https://cdn4.thedogapi.com/optimized/UnSc5dMSae.jpg
English Foxhound,England,Hound,Pack hunting ability,7,Medium,Low,2.5,Yes,6,Moderate,Low,7,"friendly, energetic, gentle, independent, courageous",England,GB,"Large, athletic scent hound with classic pack-hound build, bred for fox hunting with exceptional endurance and stamina. Features a short, hard, dense coat and powerful, musical voice with distinctive bay.",Hound,"Developed in England since the 16th century specifically for fox hunting, with studbooks maintained by the Masters of Foxhounds Association since the 1700s representing some of the most complete breed records","{'id': 'L6rQ7CyZbD', 'url': 'https://cdn4.thedogapi.com/optimized/L6rQ7CyZbD.jpg', 'width': 1264, 'height': 848}",27.0,34.0,30.5,53.0,64.0,58.5,10.0,13.0,11.5,"['friendly', ' energetic', ' gentle', ' independent', ' courageous']","friendly, energetic, gentle, independent, courageous",1,1,0,0,1,1,1,0,https://cdn4.thedogapi.com/optimized/L6rQ7CyZbD.jpg
English Setter,England,Sporting,Speckled coat,8,Medium,High,2.0,Yes,7,Moderate,Moderate,6,"friendly, gentle, affectionate, intelligent, energetic",England,GB,"Elegant and athletic gundog distinguished by its unique speckled (belton) coat, feathered markings, and graceful movement, known for gentle hunting instincts and friendly disposition",Sporting,"Developed in England over 400 years ago from spaniel stock, refined in the 19th century by Edward Laverack and R. Purcell Llewellin to create a specialized bird dog for locating and setting game birds","{'id': 'DaCvmFBDVI', 'url': 'https://cdn4.thedogapi.com/optimized/DaCvmFBDVI.jpg', 'width': 1200, 'height': 896}",20.0,36.0,28.0,58.0,69.0,63.5,12.0,14.0,13.0,"['friendly', ' gentle', ' affectionate', ' intelligent', ' energetic']","friendly, gentle, affectionate, intelligent, energetic",1,1,1,0,0,0,1,0,https://cdn4.thedogapi.com/optimized/DaCvmFBDVI.jpg
English Springer Spaniel,England,Sporting,Dual-purpose hunter,9,Medium,High,2.0,Yes,7,Moderate,Moderate,6,"friendly, intelligent, energetic, eager to please, playful",England,GB,"Medium-sized athletic sporting dog with long ears, feathered silky coat, and enthusiastic, eager-to-please personality. Known for their compact body, gentle intelligent expression, and versatile gundog abilities.",Sporting,"Developed in 19th century England as a versatile gundog to find and 'spring' game for the net, falcon, or gun. Originally separated from smaller 'cocker' spaniels by size and hunting use. Officially recognized by The Kennel Club in 1902 and AKC in 1910.","{'id': 'Hk0Jfe5VQ', 'url': 'https://cdn2.thedogapi.com/images/Hk0Jfe5VQ_1280.jpg', 'width': 1440, 'height': 1080}",16.0,25.0,20.5,46.0,53.0,49.5,12.0,14.0,13.0,"['friendly', ' intelligent', ' energetic', ' eager to please', ' playful']","friendly, intelligent, energetic, eager to please, playful",1,1,1,1,0,0,0,0,https://cdn2.thedogapi.com/images/Hk0Jfe5VQ_1280.jpg
Entlebucher Mountain Dog,Switzerland,Herding,Tri-colored markings,7,Medium,Low,2.5,Yes,8,Moderate,Low,7,"intelligent, energetic, loyal, alert, confident, devoted","Entlebuch valley, Switzerland",CH,"The smallest of the four Swiss Mountain Dogs, the Entlebucher is a compact, sturdy, and muscular herding dog with a distinctive tricolor coat. Known for its intelligence, loyalty, and agile working ability.",Herding,"The smallest of the four Swiss Sennenhund breeds, developed in the Entlebuch valley region of Switzerland as an all-around farm dog for herding cattle and driving livestock to market. First documented in 1889 and recognized for its working versatility.","{'id': 'KFJFCM2M2M', 'url': 'https://cdn4.thedogapi.com/optimized/KFJFCM2M2M.jpg', 'width': 1104, 'height': 976}",18.0,30.0,24.0,41.0,53.0,47.0,11.0,13.0,12.0,"['intelligent', ' energetic', ' loyal', ' alert', ' confident', ' devoted']","intelligent, energetic, loyal, alert, confident, devoted",1,1,1,0,1,0,0,1,https://cdn4.thedogapi.com/optimized/KFJFCM2M2M.jpg
Field Spaniel,England,Sporting,Noble appearance,7,Medium,High,2.0,Yes,7,Moderate,Low,6,"docile, intelligent, affectionate, gentle, sensitive",England,GB,"Medium-sized sporting dog with silky, glossy coat in black, liver, or roan colors, built for endurance and agility in the field with an adaptable, noble temperament",Sporting,"Developed in England during the late 19th century from Cocker Spaniels and other spaniel varieties, initially for show but later redeveloped for field work. The breed faced near extinction after World War II but was revived by dedicated breeders.","{'id': 'SkJfGecE7', 'url': 'https://cdn2.thedogapi.com/images/SkJfGecE7_1280.jpg', 'width': 1280, 'height': 906}",16.0,23.0,19.5,43.0,46.0,44.5,12.0,13.0,12.5,"['docile', ' intelligent', ' affectionate', ' gentle', ' sensitive']","docile, intelligent, affectionate, gentle, sensitive",1,0,1,0,0,0,1,0,https://cdn2.thedogapi.com/images/SkJfGecE7_1280.jpg
Finnish Lapphund,Finland,Herding,Thick double coat,8,Medium,High,2.0,Yes,7,High,Low,6,"friendly, alert, intelligent, calm, courageous, loyal, adaptable",Lapland (Finland),FI,"Medium-sized, sturdy spitz-type dog with a thick profuse double coat and fox-like features, originally bred for herding reindeer in arctic conditions by the Sami people",Herding,"Ancient spitz breed developed by the indigenous Sami people of Lapland to herd and guard reindeer in Arctic conditions. Nearly extinct after WWII but successfully restored by dedicated Finnish breeders, officially recognized by Finnish Kennel Club in 1945","{'id': 'iYYvYN0MXl', 'url': 'https://cdn4.thedogapi.com/optimized/iYYvYN0MXl.jpg', 'width': 1104, 'height': 976}",15.0,24.0,19.5,41.0,53.0,47.0,12.0,15.0,13.5,"['friendly', ' alert', ' intelligent', ' calm', ' courageous', ' loyal', ' adaptable']","friendly, alert, intelligent, calm, courageous, loyal, adaptable",1,0,1,0,1,0,1,0,https://cdn4.thedogapi.com/optimized/iYYvYN0MXl.jpg
Finnish Spitz,Finland,Non-Sporting,Fox-like appearance,7,Medium,Moderate,2.0,Yes,8,Moderate,Low,7,"friendly, alert, intelligent, independent, playful, courageous",Finland,FI,"Medium-sized fox-like spitz hunting dog with dense golden-red double coat, erect ears, curled plumed tail, and alert expression. Known as Finland's national dog and called the 'barking pointer' for their distinctive hunting style.",Non-Sporting,"Ancient Finnish breed developed through centuries of selective breeding to hunt all types of game from squirrels to bears. Nearly extinct in late 1800s before restoration efforts. Became Finland's national dog in 1979, bred specifically for barking ability and stamina in harsh climates.","{'id': 'gwZ3amqat', 'url': 'https://cdn2.thedogapi.com/images/gwZ3amqat.jpg', 'width': 1280, 'height': 1707}",9.0,15.0,12.0,39.0,51.0,45.0,12.0,15.0,13.5,"['friendly', ' alert', ' intelligent', ' independent', ' playful', ' courageous']","friendly, alert, intelligent, independent, playful, courageous",1,0,1,1,1,1,0,0,https://cdn2.thedogapi.com/images/gwZ3amqat.jpg
Flat-Coated Retriever,England,Sporting,Shiny black coat,9,Large,Moderate,2.5,Yes,8,Moderate,Moderate,5,"friendly, outgoing, optimistic, intelligent, energetic, playful, devoted",England,GB,"Large, elegant sporting dog with a lustrous, sleek flat coat in solid black or liver, known for their cheerful, perpetually youthful 'Peter Pan' personality and optimistic temperament",Sporting,"Developed in mid-19th century England by crossing St. John's Water Dog with various retrievers, setters, spaniels and sheepdogs to create a versatile gundog for work on both land and water","{'id': 'vol1VcS0yZ', 'url': 'https://cdn4.thedogapi.com/optimized/vol1VcS0yZ.jpg', 'width': 1200, 'height': 896}",25.0,32.0,28.5,56.0,62.0,59.0,8.0,10.0,9.0,"['friendly', ' outgoing', ' optimistic', ' intelligent', ' energetic', ' playful', ' devoted']","friendly, outgoing, optimistic, intelligent, energetic, playful, devoted",1,1,1,1,0,0,0,1,https://cdn4.thedogapi.com/optimized/vol1VcS0yZ.jpg
French Bulldog,France,Non-Sporting,Bat ears,8,Small,Low,1.0,Yes,7,Low,High,6,"affectionate, playful, alert, adaptable, smart",France,FR,"Small, compact muscular companion dog known for its distinctive large bat-like ears, flat smooshed face, and short smooth coat. Originally developed as a beloved companion breed with a playful, alert disposition.",Non-Sporting,Developed in 19th century France when English lacemakers brought Toy Bulldogs to France and crossed them with local French ratters becoming highly fashionable in Parisian society,"{'id': 'Rvl1BeqaRB', 'url': 'https://cdn4.thedogapi.com/optimized/Rvl1BeqaRB.jpg', 'width': 1200, 'height': 880}",7.0,13.0,10.0,28.0,33.0,30.5,10.0,12.0,11.0,"['affectionate', ' playful', ' alert', ' adaptable', ' smart']","affectionate, playful, alert, adaptable, smart",1,0,1,1,1,0,1,0,https://cdn4.thedogapi.com/optimized/Rvl1BeqaRB.jpg
German Pinscher,Germany,Working,Elegant appearance,7,Medium,Low,2.0,With Training,8,Moderate,Low,7,"alert, courageous, intelligent, energetic, confident, loyal",Germany,DE,"Medium-sized, well-muscled working dog with elegant, athletic build and smooth coat. Known for its high-spirited, alert, and confident demeanor, this is one of Germany's oldest breeds.",Working,"Ancient German breed developed for vermin control, ratting, and farm work. Ancestor to the Doberman Pinscher and Miniature Pinscher. Nearly faced extinction after World War II but was revived by Werner Jung in West Germany in the late 1950s. Recognized by AKC in 2003.","{'id': 'j1G4ppvAsp', 'url': 'https://cdn4.thedogapi.com/optimized/j1G4ppvAsp.jpg', 'width': 832, 'height': 1264}",11.0,20.0,15.5,43.0,51.0,47.0,12.0,14.0,13.0,"['alert', ' courageous', ' intelligent', ' energetic', ' confident', ' loyal']","alert, courageous, intelligent, energetic, confident, loyal",0,1,1,0,1,0,0,1,https://cdn4.thedogapi.com/optimized/j1G4ppvAsp.jpg
German Shepherd,Germany,Herding,Police dog fame,8,Large,Moderate,2.5,With Training,9,High,Moderate,6,"confident, courageous, intelligent, loyal, protective",Germany,DE,"Large, athletic working dog with erect ears, noble expression, and confident bearing. Known for high intelligence, loyalty, courage, and versatility in herding and working roles.",Herding,"Developed in 1899 by Captain Max von Stephanitz to create the ideal herding dog, standardized from local shepherd dogs. Intelligence and trainability led to worldwide use in police and military roles.","{'id': 'kc6oAx2b3X', 'url': 'https://cdn4.thedogapi.com/optimized/kc6oAx2b3X.jpg', 'width': 1136, 'height': 944}",23.0,41.0,32.0,56.0,66.0,61.0,9.0,13.0,11.0,"['confident', ' courageous', ' intelligent', ' loyal', ' protective']","confident, courageous, intelligent, loyal, protective",0,0,1,0,1,0,0,1,https://cdn4.thedogapi.com/optimized/kc6oAx2b3X.jpg
German Shorthaired Pointer,Germany,Sporting,Versatile hunter,8,Large,Low,2.5,Yes,8,Moderate,Low,6,"friendly, intelligent, energetic, eager to please, athletic",Germany,DE,"A versatile, athletic, and noble all-purpose hunting dog with a distinctive short, dense liver and white coat, known for its intelligence, energy, and friendly disposition",Sporting,"Developed in 19th-century Germany by crossing Spanish Pointers, Bloodhound, and local German hunting dogs to create a versatile pointer-retriever capable of working on land and water. Recognized by AKC in 1930.","{'id': 'SJqBMg5Nm', 'url': 'https://cdn2.thedogapi.com/images/SJqBMg5Nm_1280.jpg', 'width': 1395, 'height': 1230}",20.0,32.0,26.0,53.0,64.0,58.5,10.0,12.0,11.0,"['friendly', ' intelligent', ' energetic', ' eager to please', ' athletic']","friendly, intelligent, energetic, eager to please, athletic",1,1,1,0,0,0,0,0,https://cdn2.thedogapi.com/images/SJqBMg5Nm_1280.jpg
German Wirehaired Pointer,Germany,Sporting,Weather resistant coat,7,Large,Moderate,2.5,Yes,8,Moderate,Low,7,"intelligent, energetic, loyal, affectionate, alert, eager to please",Germany,DE,"Medium to large versatile hunting dog with distinctive dense wiry double coat, bushy beard, and facial furnishings, known for endurance and weather resistance",Sporting,"Developed in late 19th-century Germany by crossing German Shorthaired Pointers, Foxhounds, Pudelpointers, and Wirehaired Pointing Griffons to create versatile, rugged, weather-resistant gundog capable of working on land and water","{'id': 'vkQ7J4dsDD', 'url': 'https://cdn4.thedogapi.com/optimized/vkQ7J4dsDD.jpg', 'width': 1104, 'height': 960}",23.0,32.0,27.5,56.0,66.0,61.0,12.0,16.0,14.0,"['intelligent', ' energetic', ' loyal', ' affectionate', ' alert', ' eager to please']","intelligent, energetic, loyal, affectionate, alert, eager to please",1,1,1,0,1,0,0,0,https://cdn4.thedogapi.com/optimized/vkQ7J4dsDD.jpg
Giant Schnauzer,Germany,Working,Beard and eyebrows,7,Large,High,2.0,With Training,8,Low,Moderate,8,"loyal, intelligent, alert, energetic, courageous, confident",Germany,DE,"Large, powerful, and robust working dog with a dense wiry, weather-resistant coat, distinctive beard and eyebrows, and commanding, imposing presence. Originally bred for driving cattle and guarding in Germany.",Working,"Developed in Bavaria and Württemberg, Germany as a larger version of the Standard Schnauzer by crossing with larger breeds like the Great Dane. Originally used for driving cattle to market, guarding property, breweries and farms, and later as police and military working dogs.","{'id': 'Ygv4UKHpCW', 'url': 'https://cdn4.thedogapi.com/optimized/Ygv4UKHpCW.jpg', 'width': 1136, 'height': 928}",25.0,39.0,32.0,60.0,70.0,65.0,12.0,15.0,13.5,"['loyal', ' intelligent', ' alert', ' energetic', ' courageous', ' confident']","loyal, intelligent, alert, energetic, courageous, confident",0,1,1,0,1,0,0,1,https://cdn4.thedogapi.com/optimized/Ygv4UKHpCW.jpg
Golden Retriever,Scotland,Sporting,Golden coat,10,Large,High,2.0,Yes,8,High,Moderate,4,"friendly, intelligent, devoted, confident, loyal, eager to please",Scotland,GB,"Large, athletic sporting dog with a dense, lustrous, flowing golden coat and friendly disposition, known for their versatility as family companions and working dogs",Sporting,"Developed in the Scottish Highlands during the mid-to-late 19th century by Dudley Marjoribanks (Lord Tweedmouth), who crossed a yellow retriever with the now-extinct Tweed Water Spaniel, with later additions of Irish Setter and Bloodhound for hunting and retrieving in rugged terrain and cold water","{'id': 'X9w40D9ojT', 'url': 'https://cdn4.thedogapi.com/optimized/X9w40D9ojT.jpg', 'width': 1168, 'height': 912}",25.0,34.0,29.5,55.0,61.0,58.0,10.0,12.0,11.0,"['friendly', ' intelligent', ' devoted', ' confident', ' loyal', ' eager to please']","friendly, intelligent, devoted, confident, loyal, eager to please",1,0,1,0,0,0,0,1,https://cdn4.thedogapi.com/optimized/X9w40D9ojT.jpg
Gordon Setter,Scotland,Sporting,Black and tan coat,8,Large,High,2.0,Yes,7,Moderate,Moderate,6,"confident, loyal, affectionate, intelligent, eager to please, alert",Scotland,GB,"Large, athletic bird dog with distinctive glistening black-and-tan coat. Built sturdily for work in rugged terrain, it is the heaviest and most substantial of the setter breeds, known for endurance and loyalty with an alert expression.",Sporting,Developed in Scotland by Alexander the fourth Duke of Gordon in the late 18th and early 19th centuries from black and tan setters. Established as a durable one-man bird dog capable of working long days in rugged Scottish Highland terrain.,"{'id': 'GFuEqzH0Fq', 'url': 'https://cdn4.thedogapi.com/optimized/GFuEqzH0Fq.jpg', 'width': 1152, 'height': 928}",20.0,36.0,28.0,58.0,69.0,63.5,12.0,13.0,12.5,"['confident', ' loyal', ' affectionate', ' intelligent', ' eager to please', ' alert']","confident, loyal, affectionate, intelligent, eager to please, alert",1,0,1,0,1,0,0,1,https://cdn4.thedogapi.com/optimized/GFuEqzH0Fq.jpg
Great Dane,Germany,Working,Giant size,8,Giant,Low,2.0,Yes,6,Moderate,High,6,"friendly, gentle, confident, loyal, affectionate",Germany,DE,"Giant, regal breed known as the 'Apollo of Dogs' with a powerful, well-muscled body, sleek coat, and dignified presence combined with noble bearing despite imposing size",Working,"Originally bred by German nobility from Mastiff-type dogs to hunt wild boar and deer, later refined as estate guardians and companions. Declared national dog of Germany in 1876 and standardized as 'Deutsche Dogge'","{'id': 'MmjpsRG5IG', 'url': 'https://cdn4.thedogapi.com/optimized/MmjpsRG5IG.jpg', 'width': 1040, 'height': 1024}",50.0,79.0,64.5,71.0,81.0,76.0,7.0,10.0,8.5,"['friendly', ' gentle', ' confident', ' loyal', ' affectionate']","friendly, gentle, confident, loyal, affectionate",1,0,0,0,0,0,1,1,https://cdn4.thedogapi.com/optimized/MmjpsRG5IG.jpg
Greater Swiss Mountain Dog,Switzerland,Working,Tri-colored markings,8,Large,Low,2.0,Yes,7,Moderate,Moderate,7,"gentle, loyal, confident, alert, friendly",Switzerland,CH,"Large, powerful, and striking tricolor working dog with distinctive tri-colored coat and gentle, dependable temperament. Known for strength and robust build as a draft dog.",Working,"One of Switzerland's oldest breeds, likely descended from Roman Mastiffs, used as an all-purpose draft, herding, and farm guardian dog in the Swiss Alps. Nearly extinct until rediscovered and revived in early 1900s by Dr. Albert Heim.","{'id': 'DvUSQI2TdY', 'url': 'https://cdn4.thedogapi.com/optimized/DvUSQI2TdY.jpg', 'width': 1216, 'height': 880}",39.0,64.0,51.5,60.0,72.0,66.0,8.0,11.0,9.5,"['gentle', ' loyal', ' confident', ' alert', ' friendly']","gentle, loyal, confident, alert, friendly",1,0,0,0,1,0,1,1,https://cdn4.thedogapi.com/optimized/DvUSQI2TdY.jpg
Greyhound,Egypt,Hound,Fastest dog breed,7,Large,Low,2.0,Yes,7,Low,Low,6,"gentle, calm, intelligent, affectionate, independent",Ancient Egypt/Middle East,GB,"An ancient sighthound with tall, lean, elegant build designed for exceptional speed. Known for their gentle temperament and often described as a '45-mph couch potato', combining incredible athleticism with calm, affectionate nature.",Hound,"Ancient sighthound breed dating back thousands of years, depicted in Egyptian, Greek, and Roman art. The modern Greyhound was standardized in Great Britain for coursing game and later racing. Famed as the fastest dog breed.","{'id': 'fVVxWR2qse', 'url': 'https://cdn4.thedogapi.com/optimized/fVVxWR2qse.jpg', 'width': 1200, 'height': 896}",27.0,32.0,29.5,68.0,76.0,72.0,10.0,13.0,11.5,"['gentle', ' calm', ' intelligent', ' affectionate', ' independent']","gentle, calm, intelligent, affectionate, independent",1,0,1,0,0,1,1,0,https://cdn4.thedogapi.com/optimized/fVVxWR2qse.jpg
Harrier,England,Hound,Pack hunting ability,8,Medium,Low,2.0,Yes,6,Moderate,Low,6,"friendly, outgoing, energetic, intelligent, gentle",England,GB,"Medium-sized athletic scent hound bred for pack hunting hare, resembling a smaller English Foxhound with sturdy build, short dense coat, and excellent stamina",Hound,"Developed in medieval England for hare hunting in packs, documented since at least the 13th century. Likely descended from English Foxhound, Talbot Hounds, and other French hounds","{'id': 'B1IcfgqE7', 'url': 'https://cdn2.thedogapi.com/images/B1IcfgqE7_1280.jpg', 'width': 1920, 'height': 1080}",20.0,27.0,23.5,48.0,53.0,50.5,12.0,15.0,13.5,"['friendly', ' outgoing', ' energetic', ' intelligent', ' gentle']","friendly, outgoing, energetic, intelligent, gentle",1,1,1,0,0,0,1,0,https://cdn2.thedogapi.com/images/B1IcfgqE7_1280.jpg
Havanese,Cuba,Toy,Silky coat,9,Small,High,1.5,Yes,8,Low,Low,5,"outgoing, intelligent, friendly, playful, affectionate, adaptable",Cuba,CU,"Small, sturdy companion dog with long, silky double coat and cheerful temperament. Cuba's national dog, known for its intelligent disposition and making an ideal city companion.",Toy,"Developed from Bichon-type ancestors brought by Spanish settlers, became companions to Cuban aristocracy. Nearly extinct after Cuban Revolution but preserved by Cuban families who fled to the United States.","{'id': '8bzLyVs2dA', 'url': 'https://cdn4.thedogapi.com/optimized/8bzLyVs2dA.jpg', 'width': 1088, 'height': 976}",3.0,6.0,4.5,22.0,29.0,25.5,,,,"['outgoing', ' intelligent', ' friendly', ' playful', ' affectionate', ' adaptable']","outgoing, intelligent, friendly, playful, affectionate, adaptable",1,0,1,1,0,0,1,0,https://cdn4.thedogapi.com/optimized/8bzLyVs2dA.jpg
Ibizan Hound,Spain,Hound,Large ears,7,Medium,Low,2.0,Yes,7,Low,Low,7,"independent, intelligent, athletic, gentle, alert, playful","Balearic Islands, Spain",ES,"Elegant sighthound with distinctive large erect ears, lean athletic build, and deer-like grace. Known for remarkable jumping ability and bred for hunting rabbit by sight, this ancient breed comes in both smooth and wire-coated varieties.",Hound,Ancient breed whose origins trace back to Phoenician traders who brought Egyptian hunting dogs to the Balearic Islands around the 8th century BC. Developed in isolation on Ibiza and neighboring islands for hunting rabbits on rocky terrain.,"{'id': 'ViHkh0d7Ov', 'url': 'https://cdn4.thedogapi.com/optimized/ViHkh0d7Ov.jpg', 'width': 1088, 'height': 976}",20.0,29.0,24.5,57.0,70.0,63.5,11.0,14.0,12.5,"['independent', ' intelligent', ' athletic', ' gentle', ' alert', ' playful']","independent, intelligent, athletic, gentle, alert, playful",0,1,1,1,1,1,1,0,https://cdn4.thedogapi.com/optimized/ViHkh0d7Ov.jpg
Icelandic Sheepdog,Iceland,Herding,Spitz-type tail,8,Medium,Moderate,2.0,Yes,7,Moderate,Low,6,"friendly, alert, energetic, intelligent, playful, confident, hardy",Iceland,IS,"Medium-sized spitz-type herding dog with thick weatherproof double coat, prick ears, and curved bushy tail, known for its cheerful and inquisitive nature",Herding,"Iceland's only native dog breed, brought by Viking settlers around 874-930 AD and bred in isolation for centuries. Essential for herding sheep and livestock in harsh Icelandic conditions","{'id': 'fjKm1CMZDK', 'url': 'https://cdn4.thedogapi.com/optimized/fjKm1CMZDK.jpg', 'width': 1024, 'height': 1024}",11.0,16.0,13.5,42.0,51.0,46.5,12.0,14.0,13.0,"['friendly', ' alert', ' energetic', ' intelligent', ' playful', ' confident', ' hardy']","friendly, alert, energetic, intelligent, playful, confident, hardy",1,1,1,1,1,0,0,1,https://cdn4.thedogapi.com/optimized/fjKm1CMZDK.jpg
Irish Red and White Setter,Ireland,Sporting,Red and white coat,8,Large,High,2.5,Yes,7,Moderate,Moderate,6,"friendly, energetic, intelligent, courageous, devoted, gentle, eager to please",Ireland,IE,"Medium to large athletic gundog with distinctive red and white coat pattern and aristocratic appearance. This versatile sporting breed combines a powerful, athletic build with a kind expression and was bred specifically for pointing and retrieving game birds.",Sporting,"One of Ireland's oldest gundogs with history dating back to the 17th century, predating the Irish Setter. Bred as versatile gundogs for finding and retrieving gamebirds. Nearly extinct by the 1920s but revived through dedicated breeding programs by enthusiasts in the 20th century.","{'id': 'dU7w5jnMC1', 'url': 'https://cdn4.thedogapi.com/optimized/dU7w5jnMC1.jpg', 'width': 1216, 'height': 880}",20.0,32.0,26.0,57.0,66.0,61.5,11.0,15.0,13.0,"['friendly', ' energetic', ' intelligent', ' courageous', ' devoted', ' gentle', ' eager to please']","friendly, energetic, intelligent, courageous, devoted, gentle, eager to please",1,1,1,0,1,0,1,0,https://cdn4.thedogapi.com/optimized/dU7w5jnMC1.jpg
Irish Setter,Ireland,Sporting,Rich red coat,8,Large,High,2.5,Yes,7,High,Moderate,6,"friendly, outgoing, energetic, intelligent, playful, affectionate",Ireland,IE,"Elegant, athletic gundog known for its stunning mahogany or rich chestnut red flowing coat and high-energy, friendly temperament",Sporting,"Developed in 18th-century Ireland as a versatile gundog for setting and retrieving game birds by crossing Irish Water Spaniel, English Setter, and Pointer. The breed's striking mahogany color became a hallmark in the 19th century, distinguishing it from earlier red-and-white setters","{'id': 'wWecmugBdH', 'url': 'https://cdn4.thedogapi.com/optimized/wWecmugBdH.jpg', 'width': 1200, 'height': 896}",24.0,34.0,29.0,61.0,74.0,67.5,12.0,15.0,13.5,"['friendly', ' outgoing', ' energetic', ' intelligent', ' playful', ' affectionate']","friendly, outgoing, energetic, intelligent, playful, affectionate",1,1,1,1,0,0,0,0,https://cdn4.thedogapi.com/optimized/wWecmugBdH.jpg
Irish Terrier,Ireland,Terrier,Fiery red coat,7,Medium,Moderate,1.5,Yes,7,Low,Low,7,"courageous, loyal, intelligent, energetic, spirited",Ireland,IE,"Medium-sized terrier with a distinctive wiry, fiery red coat and bold, spirited temperament. Known for its courage and loyalty, it is one of the oldest terrier breeds.",Terrier,"One of the oldest terrier breeds, developed in County Cork, Ireland as all-purpose farm dogs for hunting vermin and guarding homes. Their courage was proven in World War I where they served as messenger dogs and sentinels.","{'id': 'By-hGecVX', 'url': 'https://cdn2.thedogapi.com/images/By-hGecVX_1280.jpg', 'width': 800, 'height': 626}",11.0,13.0,12.0,43.0,48.0,45.5,,,,"['courageous', ' loyal', ' intelligent', ' energetic', ' spirited']","courageous, loyal, intelligent, energetic, spirited",0,1,1,0,1,0,0,0,https://cdn2.thedogapi.com/images/By-hGecVX_1280.jpg
Irish Water Spaniel,Ireland,Sporting,Curly coat,8,Large,High,2.0,Yes,7,Low,Low,6,"intelligent, playful, alert, courageous, eager to please",Ireland,IE,"The tallest of all spaniels, this large, versatile sporting dog is distinguished by its crisp, curly purplish-brown waterproof coat, distinctive smooth tapered 'rat tail', and characteristic topknot. Bred for retrieving waterfowl from cold Irish waters, combining intelligence with a playful, alert nature.",Sporting,"Ancient Irish breed with modern development in the 1830s primarily by Justin McCarthy. Bred for retrieving waterfowl from cold Irish waters, mentioned in Irish literature as early as 1600s and recognized by AKC in 1884","{'id': 'RzLkPO1XKH', 'url': 'https://cdn4.thedogapi.com/optimized/RzLkPO1XKH.jpg', 'width': 1264, 'height': 848}",20.0,31.0,25.5,53.0,61.0,57.0,12.0,14.0,13.0,"['intelligent', ' playful', ' alert', ' courageous', ' eager to please']","intelligent, playful, alert, courageous, eager to please",0,0,1,1,1,0,0,0,https://cdn4.thedogapi.com/optimized/RzLkPO1XKH.jpg
Irish Wolfhound,Ireland,Hound,Tallest dog breed,7,Giant,Moderate,2.0,Yes,6,Moderate,High,6,"gentle, calm, dignified, courageous, loyal",Ireland,IE,"A giant-sized sighthound of imposing appearance and dignified nature, the Irish Wolfhound is the tallest of all dog breeds. Known for its wiry, rough coat and gentle giant temperament, this ancient breed combines courage with a calm, dignified demeanor.",Hound,Ancient breed from Ireland originally used in war and for hunting wolves and Irish elk. Nearly extinct by the 1860s but revived by Captain George Augustus Graham who standardized the breed.,"{'id': 's2EMPFktdk', 'url': 'https://cdn4.thedogapi.com/optimized/s2EMPFktdk.jpg', 'width': 1152, 'height': 912}",52.0,82.0,67.0,76.0,89.0,82.5,6.0,8.0,7.0,"['gentle', ' calm', ' dignified', ' courageous', ' loyal']","gentle, calm, dignified, courageous, loyal",0,0,0,0,1,0,1,1,https://cdn4.thedogapi.com/optimized/s2EMPFktdk.jpg
Italian Greyhound,Italy,Toy,Miniature sight hound,7,Small,Low,1.5,No,7,Low,Moderate,7,"affectionate, gentle, playful, alert, intelligent",Italy,IT,"Elegant small sighthound with slender, delicate build and graceful movement, combining the look of a large hound with the size of a lap dog and fine, smooth coat",Toy,"Ancient breed with origins tracing back over 2,000 years to the Mediterranean basin, favored by nobility in ancient Greece, Rome, and Italian Renaissance, AKC recognized since 1886","{'id': 'dn8F4NPRdX', 'url': 'https://cdn4.thedogapi.com/optimized/dn8F4NPRdX.jpg', 'width': 896, 'height': 1184}",3.0,6.5,4.75,33.0,38.0,35.5,,,,"['affectionate', ' gentle', ' playful', ' alert', ' intelligent']","affectionate, gentle, playful, alert, intelligent",1,0,1,1,1,0,1,0,https://cdn4.thedogapi.com/optimized/dn8F4NPRdX.jpg
Japanese Chin,Japan,Toy,Eastern expression,7,Small,Moderate,1.0,Yes,7,Moderate,Low,6,"alert, intelligent, affectionate, independent, playful, calm",China/Japan,JP,"Small, elegant toy breed with distinctive flat face, large wide-set eyes, and luxurious silky coat. Known for their aristocratic bearing and unique cat-like demeanor, often cleaning their faces and perching in high places.",Toy,"Ancient breed believed to have originated in the Chinese imperial court, then refined in Japan by nobility as cherished lap dogs and companions. Often given as gifts to diplomats and royalty, including to Commodore Matthew Perry who brought them to the West in 1853.","{'id': '1TlHrdv5SQ', 'url': 'https://cdn4.thedogapi.com/optimized/1TlHrdv5SQ.jpg', 'width': 1024, 'height': 1040}",1.8,5.0,3.4,20.0,28.0,24.0,10.0,12.0,11.0,"['alert', ' intelligent', ' affectionate', ' independent', ' playful', ' calm']","alert, intelligent, affectionate, independent, playful, calm",1,0,1,1,1,1,1,0,https://cdn4.thedogapi.com/optimized/1TlHrdv5SQ.jpg
Japanese Spitz,Japan,Non-Sporting,Snow-white coat,8,Small,High,1.5,Yes,8,High,Low,6,"intelligent, playful, alert, loyal, affectionate, friendly",Japan,JP,"Small to medium-sized spitz-type dog with profuse, pure-white double coat, fox-like face with pointed muzzle, and plumed tail carried over its back. This lively companion dog has an alert, friendly disposition.",Non-Sporting,"Developed in Japan in the 1920s-1930s from various spitz breeds including large white German Spitz dogs brought to Japan around 1920. The breed was developed through selective breeding for friendly temperament and white coat, first exhibited in Tokyo in 1921. After World War II, the breed standard was unified by the Japan Kennel Club.","{'id': 'a9bVhDxsQC', 'url': 'https://cdn4.thedogapi.com/optimized/a9bVhDxsQC.jpg', 'width': 1264, 'height': 848}",4.5,11.0,7.75,30.0,39.0,34.5,12.0,16.0,14.0,"['intelligent', ' playful', ' alert', ' loyal', ' affectionate', ' friendly']","intelligent, playful, alert, loyal, affectionate, friendly",1,0,1,1,1,0,0,0,https://cdn4.thedogapi.com/optimized/a9bVhDxsQC.jpg
Keeshond,Netherlands,Non-Sporting,Spectacles marking,8,Medium,High,1.5,Yes,8,High,Low,6,"friendly, intelligent, outgoing, alert, eager to please",Netherlands,NL,"Medium-sized compact spitz with plush silver-gray double coat, fox-like face, distinctive spectacles markings around the eyes, and plumed tail curled over back",Non-Sporting,"Ancient Dutch breed known as the Dutch Barge Dog, popular companion and watchdog on barges and riverboats along the Rhine River. Became symbol of Dutch Patriots Party in 18th century, nearly extinct after WWII but restored from dogs exported to England and America","{'id': 'ZpfPWRzZjj', 'url': 'https://cdn4.thedogapi.com/optimized/ZpfPWRzZjj.jpg', 'width': 1072, 'height': 992}",16.0,20.0,18.0,41.0,48.0,44.5,12.0,15.0,13.5,"['friendly', ' intelligent', ' outgoing', ' alert', ' eager to please']","friendly, intelligent, outgoing, alert, eager to please",1,0,1,0,1,0,0,0,https://cdn4.thedogapi.com/optimized/ZpfPWRzZjj.jpg
Kerry Blue Terrier,Ireland,Terrier,Blue coat,7,Medium,High,1.5,Yes,7,Low,Low,7,"alert, intelligent, loyal, playful, energetic, courageous",Ireland,IE,"Medium-sized, muscular Irish terrier with distinctive soft, wavy blue-gray coat and bearded face, known for its spirited, intelligent personality",Terrier,"Originating in County Kerry, Ireland, developed as a versatile all-purpose farm dog for herding cattle, hunting vermin and small game, and guarding. Became a symbol of Irish patriotism with breed records dating to the 19th century; recognized by the AKC in 1922.","{'id': 'raFDcesotq', 'url': 'https://cdn4.thedogapi.com/optimized/raFDcesotq.jpg', 'width': 1040, 'height': 1024}",14.0,18.0,16.0,44.0,50.0,47.0,12.0,15.0,13.5,"['alert', ' intelligent', ' loyal', ' playful', ' energetic', ' courageous']","alert, intelligent, loyal, playful, energetic, courageous",0,1,1,1,1,0,0,0,https://cdn4.thedogapi.com/optimized/raFDcesotq.jpg
Komondor,Hungary,Working,Corded coat,6,Large,Very High,2.0,With Training,6,Low,Low,8,"loyal, protective, independent, courageous, calm",Hungary,HU,"Large, muscular Hungarian livestock guardian dog with distinctive heavy coat of white cords resembling a mop. Built for endurance and protection, this imposing breed possesses a dignified, courageous demeanor.",Working,Ancient breed descended from Tibetan dogs brought to Hungary by nomadic Magyar tribes over a thousand years ago around 1000 AD. Developed to be formidable independent livestock guardian protecting sheep and cattle from wolves bears and harsh weather.,"{'id': 'vutXumi0ih', 'url': 'https://cdn4.thedogapi.com/optimized/vutXumi0ih.jpg', 'width': 1008, 'height': 1056}",36.0,59.0,47.5,65.0,80.0,72.5,10.0,12.0,11.0,"['loyal', ' protective', ' independent', ' courageous', ' calm']","loyal, protective, independent, courageous, calm",0,0,0,0,1,1,1,0,https://cdn4.thedogapi.com/optimized/vutXumi0ih.jpg
Kuvasz,Hungary,Working,White guardian,6,Large,Moderate,2.0,With Training,7,Moderate,Moderate,8,"loyal, protective, independent, courageous, intelligent, calm",Hungary,HU,"Large, powerful white Hungarian livestock guardian dog with a dense double coat, noble bearing, and fiercely loyal, protective nature",Working,"Ancient Hungarian breed descended from large molosser-type dogs from Tibet. Historically served as royal guard dogs for Magyar kings and fierce livestock guardians, prized for their loyalty and courage in protecting flocks and estates from predators and thieves","{'id': 'TpZNIKNjnH', 'url': 'https://cdn4.thedogapi.com/optimized/TpZNIKNjnH.jpg', 'width': 1216, 'height': 880}",32.0,52.0,42.0,66.0,76.0,71.0,10.0,12.0,11.0,"['loyal', ' protective', ' independent', ' courageous', ' intelligent', ' calm']","loyal, protective, independent, courageous, intelligent, calm",0,0,1,0,1,1,1,0,https://cdn4.thedogapi.com/optimized/TpZNIKNjnH.jpg
Labrador Retriever,Canada,Sporting,Water-resistant coat,10,Large,Moderate,2.0,Yes,8,High,Moderate,4,"friendly, outgoing, energetic, intelligent, gentle, eager to please","Newfoundland, Canada",CA,"Medium to large, strong athletic retriever with short dense coat and friendly outgoing temperament. Consistently one of the most popular breeds worldwide.",Sporting,Originated from St. John's Water Dogs used by fishermen in Newfoundland for retrieving nets and escaped fish. Further developed and standardized in England during the 1800s by English nobles for waterfowl retrieving,"{'id': 'BE5AcsNMdm', 'url': 'https://cdn4.thedogapi.com/optimized/BE5AcsNMdm.jpg', 'width': 1280, 'height': 832}",25.0,36.0,30.5,55.0,62.0,58.5,10.0,12.0,11.0,"['friendly', ' outgoing', ' energetic', ' intelligent', ' gentle', ' eager to please']","friendly, outgoing, energetic, intelligent, gentle, eager to please",1,1,1,0,0,0,1,0,https://cdn4.thedogapi.com/optimized/BE5AcsNMdm.jpg
Lakeland Terrier,England,Terrier,Square build,7,Small,Moderate,1.5,Yes,7,Low,Low,7,"confident, alert, courageous, intelligent, friendly, energetic","Lake District, England",GB,"A small, sturdy terrier from the Lake District of England with a dense, weather-resistant wiry coat and lively expression. Known for its confident 'big dog' demeanor in a compact body and bold, courageous temperament.",Terrier,Developed in the rugged Lake District by farmers to hunt foxes that preyed on lambs and sheep. Ancestry includes the old English Black and Tan Terrier and Bedlington Terrier. Recognized by The Kennel Club in 1921 and AKC in 1934.,"{'id': 'gZtRaSgnya', 'url': 'https://cdn4.thedogapi.com/optimized/gZtRaSgnya.jpg', 'width': 1120, 'height': 944}",6.0,8.0,7.0,33.0,38.0,35.5,12.0,15.0,13.5,"['confident', ' alert', ' courageous', ' intelligent', ' friendly', ' energetic']","confident, alert, courageous, intelligent, friendly, energetic",1,1,1,0,1,0,0,1,https://cdn4.thedogapi.com/optimized/gZtRaSgnya.jpg
Leonberger,Germany,Working,Lion-like mane,8,Giant,High,2.0,Yes,7,High,High,8,"gentle, calm, loyal, friendly, intelligent, confident","Leonberg, Germany",DE,"Giant, majestic working dog with a lion-like appearance, thick water-resistant double coat, and gentle, balanced temperament. This powerful yet serene breed combines an imposing presence with a calm, patient demeanor.",Working,"Developed in the 1840s by Heinrich Essig in Leonberg, Germany, crossing Newfoundlands, Saint Bernards, and Pyrenean Mountain Dogs to create a 'lion-like' dog resembling the lion on the town crest. Became popular companion for European royalty","{'id': 'EtmEHVP7o1', 'url': 'https://cdn4.thedogapi.com/optimized/EtmEHVP7o1.jpg', 'width': 1200, 'height': 896}",41.0,77.0,59.0,65.0,80.0,72.5,7.0,9.0,8.0,"['gentle', ' calm', ' loyal', ' friendly', ' intelligent', ' confident']","gentle, calm, loyal, friendly, intelligent, confident",1,0,1,0,0,0,1,1,https://cdn4.thedogapi.com/optimized/EtmEHVP7o1.jpg
Lhasa Apso,Tibet,Non-Sporting,Floor-length coat,6,Small,Very High,1.0,No,7,Low,Low,8,"confident, independent, alert, loyal, smart, protective",Tibet,CN,"Small, hardy, and sturdy ancient Tibetan breed known for its floor-length coat of hair that parts down the back and alert, confident expression, originally bred as palace and monastery sentinel",Non-Sporting,"Ancient breed developed in Tibetan monasteries and palaces over a thousand years ago as indoor sentinel dogs, alerting monks to intruders. Highly prized and rarely left the country until brought to England in 1920s","{'id': 'SJp7Qe5EX', 'url': 'https://cdn2.thedogapi.com/images/SJp7Qe5EX_1280.jpg', 'width': 680, 'height': 444}",5.0,8.2,6.6,23.0,28.0,25.5,12.0,15.0,13.5,"['confident', ' independent', ' alert', ' loyal', ' smart', ' protective']","confident, independent, alert, loyal, smart, protective",0,0,1,0,1,1,0,1,https://cdn2.thedogapi.com/images/SJp7Qe5EX_1280.jpg
Lowchen,France,Non-Sporting,Lion cut,8,Small,High,1.5,Yes,8,Low,Low,6,"affectionate, outgoing, playful, intelligent, alert",France/Germany,FR,"Small companion dog known as the 'Little Lion Dog' with a long, flowing coat traditionally clipped into a distinctive lion trim featuring a plumed tail and mane. This bright, lively toy breed combines an affectionate nature with alert intelligence.",Non-Sporting,"Ancient breed with documented history in pre-Renaissance Europe, depicted in historical artworks for centuries and cherished by European nobility. Nearly extinct after WWII but saved through dedicated breeding efforts by Madame Bennert and other breeders. Once known as the rarest dog in the world before numbers recovered.","{'id': 'MRz5HSylED', 'url': 'https://cdn4.thedogapi.com/optimized/MRz5HSylED.jpg', 'width': 1168, 'height': 912}",4.0,8.0,6.0,30.0,36.0,33.0,,,,"['affectionate', ' outgoing', ' playful', ' intelligent', ' alert']","affectionate, outgoing, playful, intelligent, alert",1,0,1,1,1,0,0,0,https://cdn4.thedogapi.com/optimized/MRz5HSylED.jpg
Maltese,Malta,Toy,Pure white coat,8,Small,Very High,1.0,No,7,Low,Low,6,"playful, gentle, affectionate, charming, fearless, alert, adaptable","Malta, Mediterranean Basin",MT,"An ancient toy breed from the Mediterranean with a long, silky white coat and charming, playful personality combined with a fearless nature despite their diminutive size",Toy,"One of the world's oldest known breeds dating back over 2000 years, originating from the island of Malta. Historically known as 'Ye Ancient Dogge of Malta' and prized as companions to royalty and aristocracy throughout Mediterranean civilizations and European nobility","{'id': '6Kzt53hxrg', 'url': 'https://cdn4.thedogapi.com/optimized/6Kzt53hxrg.jpg', 'width': 1024, 'height': 1024}",1.8,3.2,2.5,18.0,23.0,20.5,12.0,15.0,13.5,"['playful', ' gentle', ' affectionate', ' charming', ' fearless', ' alert', ' adaptable']","playful, gentle, affectionate, charming, fearless, alert, adaptable",1,0,0,1,1,0,1,0,https://cdn4.thedogapi.com/optimized/6Kzt53hxrg.jpg
Manchester Terrier,England,Terrier,Sleek and athletic,7,Small-Medium,Low,1.5,With Training,8,Moderate,Low,7,"alert, intelligent, loyal, energetic, spirited, independent","Manchester, England",GB,"Sleek, elegant terrier with distinctive black-and-tan coat and keen, alert expression. Known as the 'Gentleman's Terrier' in Victorian England, this racy, athletic breed exists in both Standard and Toy varieties with a clean-cut, spirited appearance.",Terrier,Developed in 19th-century Manchester by crossing Black and Tan Terriers with Whippets. Created as proficient rat-killer and rabbit-courser for working men of the industrial era. Recognized by AKC since 1886.,"{'id': '61HAAlrXzC', 'url': 'https://cdn4.thedogapi.com/optimized/61HAAlrXzC.jpg', 'width': 1104, 'height': 960}",5.0,10.0,7.5,38.0,41.0,39.5,,,,"['alert', ' intelligent', ' loyal', ' energetic', ' spirited', ' independent']","alert, intelligent, loyal, energetic, spirited, independent",0,1,1,0,1,1,0,0,https://cdn4.thedogapi.com/optimized/61HAAlrXzC.jpg
Miniature Pinscher,Germany,Toy,Fearless nature,6,Small,Low,1.5,No,7,Low,Low,8,"energetic, alert, confident, intelligent, courageous, fearless",Germany,DE,"Small, compact, and elegant toy breed with a distinctive high-stepping 'hackney' gait and spirited personality. Despite resembling a miniature Doberman, this is an older, distinct German breed with a proud carriage and 'big dog' attitude in a small package.",Toy,"An old German breed (Zwergpinscher) developed centuries ago to hunt rats in homes and stables. Not a miniaturized Doberman Pinscher, but a distinct older breed likely descended from German Pinschers with contributions from Italian Greyhounds and Dachshunds.","{'id': 'Hy3H7g94X', 'url': 'https://cdn2.thedogapi.com/images/Hy3H7g94X_1280.jpg', 'width': 1500, 'height': 1125}",3.5,4.5,4.0,25.0,32.0,28.5,12.0,16.0,14.0,"['energetic', ' alert', ' confident', ' intelligent', ' courageous', ' fearless']","energetic, alert, confident, intelligent, courageous, fearless",0,1,1,0,1,0,0,1,https://cdn2.thedogapi.com/images/Hy3H7g94X_1280.jpg
Miniature Schnauzer,Germany,Standard,Small but sturdy,8,Small,High,1.5,Yes,8,Moderate,Low,6,"friendly, intelligent, alert, outgoing, energetic",Germany,DE,"Small, sturdy terrier-type dog with distinctive wiry coat, bushy eyebrows, and characteristic beard, known for its alert, friendly nature and square build",Terrier,Developed in late 19th century Germany by crossing Standard Schnauzers with smaller breeds like Affenpinschers and Poodles to create an all-purpose farm dog and efficient ratter for vermin control and companionship,"{'id': '28pSRwqLJd', 'url': 'https://cdn4.thedogapi.com/optimized/28pSRwqLJd.jpg', 'width': 1200, 'height': 896}",5.0,9.0,7.0,28.0,36.0,32.0,12.0,15.0,13.5,"['friendly', ' intelligent', ' alert', ' outgoing', ' energetic']","friendly, intelligent, alert, outgoing, energetic",1,1,1,0,1,0,0,0,https://cdn4.thedogapi.com/optimized/28pSRwqLJd.jpg
Neapolitan Mastiff,Italy,Working,Wrinkly loose skin,6,Large,Moderate,1.0,Yes,5,Moderate,High,8,"protective, loyal, calm, confident, affectionate",Italy,IT,"Massive and powerful ancient guardian breed with distinctive heavily wrinkled face, loose skin, and imposing presence. Despite its formidable appearance, it is a steady and loyal companion with protective instincts.",Working,"Ancient Italian guardian descended from Roman molossus war dogs. The modern breed was refined in the Naples region where it served as estate and farm guardian, and was revitalized in the mid-20th century as a distinct breed.","{'id': 'RrDwFh7kUI', 'url': 'https://cdn4.thedogapi.com/optimized/RrDwFh7kUI.jpg', 'width': 848, 'height': 1264}",50.0,91.0,70.5,61.0,79.0,70.0,7.0,9.0,8.0,"['protective', ' loyal', ' calm', ' confident', ' affectionate']","protective, loyal, calm, confident, affectionate",1,0,0,0,1,0,1,1,https://cdn4.thedogapi.com/optimized/RrDwFh7kUI.jpg
Newfoundland,Canada,Working,Water rescue ability,9,Giant,High,2.0,Yes,7,Moderate,Moderate,7,"gentle, loyal, devoted, calm, intelligent","Newfoundland, Canada",CA,"Massive, powerful working dog known for exceptional water rescue abilities and gentle temperament. Often called the 'gentle giant,' this breed features a thick, water-resistant double coat, webbed feet, and natural swimming ability.",Working,"Developed by fishermen on the island of Newfoundland for water rescue, hauling nets, and cart pulling. Descended from indigenous water dogs and European breeds brought by fishermen, recognized by major kennel clubs in the 19th century.","{'id': 'Sk4DXl54m', 'url': 'https://cdn2.thedogapi.com/images/Sk4DXl54m_1280.jpg', 'width': 1174, 'height': 986}",45.0,68.0,56.5,66.0,76.0,71.0,9.0,10.0,9.5,"['gentle', ' loyal', ' devoted', ' calm', ' intelligent']","gentle, loyal, devoted, calm, intelligent",1,0,1,0,0,0,1,0,https://cdn2.thedogapi.com/images/Sk4DXl54m_1280.jpg
Norfolk Terrier,England,Terrier,Bat-like ears,8,Small,Low,1.5,Yes,7,Low,Low,6,"alert, courageous, affectionate, energetic, playful","Norfolk, England",GB,"Small, sturdy, and fearless terrier with a wiry, weather-resistant coat and characteristic drop ears. Known for its spirited, affectionate nature and bred for ratting and companionship.",Terrier,"Developed in Norfolk and East Anglia, England in the 1880s-early 20th century as farm dogs to control vermin and hunt foxes. Originally classified as the drop-eared variety of the Norwich Terrier, separated as distinct breed in 1964 by The Kennel Club (UK) and 1979 by the AKC based on ear carriage.","{'id': 'B1ADQg94X', 'url': 'https://cdn2.thedogapi.com/images/B1ADQg94X_1280.jpg', 'width': 1468, 'height': 1092}",5.0,5.5,5.25,23.0,25.0,24.0,12.0,16.0,14.0,"['alert', ' courageous', ' affectionate', ' energetic', ' playful']","alert, courageous, affectionate, energetic, playful",1,1,0,1,1,0,0,0,https://cdn2.thedogapi.com/images/B1ADQg94X_1280.jpg
Norwegian Buhund,Norway,Herding,Spitz-type appearance,8,Medium,Moderate,2.0,Yes,7,Moderate,Low,6,"intelligent, energetic, friendly, confident, alert, loyal, playful",Norway,NO,"An ancient Nordic spitz-type herding dog with a compact, square build, dense double coat, curled tail, and alert expression. Known for their cheerful disposition and intelligence, this energetic breed combines sturdy construction with an agile, confident demeanor.",Herding,"An ancient Nordic spitz-type breed from Norway with roots tracing back to the Viking age, where their skeletons have been found in Viking graves. They served as versatile farm dogs, primarily for herding sheep and cattle, and as loyal watchdogs and companions.","{'id': 'JAsKm2ZSyr', 'url': 'https://cdn4.thedogapi.com/optimized/JAsKm2ZSyr.jpg', 'width': 1024, 'height': 1024}",12.0,18.0,15.0,41.0,47.0,44.0,12.0,15.0,13.5,"['intelligent', ' energetic', ' friendly', ' confident', ' alert', ' loyal', ' playful']","intelligent, energetic, friendly, confident, alert, loyal, playful",1,1,1,1,1,0,0,1,https://cdn4.thedogapi.com/optimized/JAsKm2ZSyr.jpg
Norwegian Elkhound,Norway,Hound,Gray coat,7,Medium,Moderate,2.0,Yes,7,Moderate,Moderate,7,"friendly, confident, energetic, loyal, independent",Norway,NO,"Medium-sized spitz-type hunting dog with thick double coat and curled tail, bred for hunting elk and moose. Bold and energetic, this hardy gray hunting dog is known for its versatility, courage, and stamina in tracking large game.",Hound,"Ancient Nordic spitz-type breed dating back 6000 years, companion of Vikings used for hunting elk bear and moose in Scandinavian forests. Officially recognized by AKC in 1913.","{'id': 'pMv275bBLr', 'url': 'https://storage.googleapis.com/dog-api-uploads-prod/originals/662ee232-8979-4e7d-a459-9b6daac9b9ed.jpeg', 'width': 1408, 'height': 768}",20.0,27.0,23.5,48.0,53.0,50.5,12.0,15.0,13.5,"['friendly', ' confident', ' energetic', ' loyal', ' independent']","friendly, confident, energetic, loyal, independent",1,1,0,0,0,1,0,1,https://storage.googleapis.com/dog-api-uploads-prod/originals/662ee232-8979-4e7d-a459-9b6daac9b9ed.jpeg
Norwegian Lundehund,Norway,Non-Sporting,Unique extra toes,7,Small,High,2.0,Yes,7,Moderate,High,7,"alert, energetic, loyal, intelligent",Norway,NO,"A small, agile spitz-type breed from Norway with unique anatomical features including six functional toes per foot and extraordinary flexibility, specifically adapted for hunting puffins on steep, rocky cliffs",Non-Sporting,"An ancient Norwegian spitz breed from the remote Lofoten Islands, developed specifically for hunting puffins on steep, rocky cliffs. Its unique anatomical traits allowed it to navigate treacherous terrain and access bird nests. Nearly extinct after World War II but saved through dedicated breeding programs and now recognized by the AKC and FCI.","{'id': 'zo1sXtZ06E', 'url': 'https://cdn4.thedogapi.com/optimized/zo1sXtZ06E.jpg', 'width': 1200, 'height': 880}",9.0,14.0,11.5,30.0,38.0,34.0,12.0,15.0,13.5,"['alert', ' energetic', ' loyal', ' intelligent']","alert, energetic, loyal, intelligent",0,1,1,0,1,0,0,0,https://cdn4.thedogapi.com/optimized/zo1sXtZ06E.jpg
Old English Sheepdog,England,Herding,Fluffy appearance,8,Large,Very High,2.0,Yes,6,High,Moderate,6,"intelligent, gentle, playful, adaptable, affectionate",England,GB,"Large, athletic herding dog of great strength with distinctive profuse, shaggy double coat in gray and white, famous for its peek-a-boo hairdo and characteristic bear-like gait",Herding,Developed in western England in the late 18th century likely from breeds like Bearded Collie and Russian Owtchar. Bred as drovers' dogs to drive cattle and sheep to market. Tails were historically docked to identify them as working dogs exempting them from taxes. Recognized by AKC in 1888,"{'id': 'HkZ57lq4m', 'url': 'https://cdn2.thedogapi.com/images/HkZ57lq4m_1280.jpg', 'width': 1334, 'height': 889}",27.0,45.0,36.0,53.0,61.0,57.0,10.0,12.0,11.0,"['intelligent', ' gentle', ' playful', ' adaptable', ' affectionate']","intelligent, gentle, playful, adaptable, affectionate",1,0,1,1,0,0,1,0,https://cdn2.thedogapi.com/images/HkZ57lq4m_1280.jpg
Otterhound,England,Hound,Rough-coated,7,Large,Very High,2.5,Yes,6,High,Moderate,7,"friendly, gentle, independent, energetic, amiable",England,GB,"Large, shaggy-coated scent hound with webbed feet and waterproof double coat, bred for hunting otters in medieval England. Known for its boisterous and amiable temperament, keen nose, and distinctive love of water.",Hound,"Developed in medieval England for otter hunting, perfected for water work with webbed feet, oily double coat, and powerful scenting ability. Nearly extinct when otter hunting was banned in 1978, now among the rarest British breeds.","{'id': 'xngQFS0mai', 'url': 'https://cdn4.thedogapi.com/optimized/xngQFS0mai.jpg', 'width': 1264, 'height': 832}",34.0,54.0,44.0,58.0,74.0,66.0,10.0,13.0,11.5,"['friendly', ' gentle', ' independent', ' energetic', ' amiable']","friendly, gentle, independent, energetic, amiable",1,1,0,0,0,1,1,0,https://cdn4.thedogapi.com/optimized/xngQFS0mai.jpg
Papillon,France,Toy,Butterfly-shaped ears,9,Small,Moderate,1.0,Yes,8,Low,Low,5,"friendly, intelligent, alert, energetic, happy",France and Belgium,FR,"Small, fine-boned, and elegant toy spaniel with distinctive butterfly-like ears (papillon is French for 'butterfly') and silky flowing coat, known for their alert, friendly, and energetic nature",Toy,"Descended from continental toy spaniels that were popular in European courts for centuries, appearing in paintings by masters like Titian, Goya, and Rubens. The breed was refined in France and Belgium, with the original drop-eared variety (Phalène) later joined by the erect-eared 'butterfly' version (Papillon)","{'id': '0qgmSrCbvZ', 'url': 'https://cdn4.thedogapi.com/optimized/0qgmSrCbvZ.jpg', 'width': 896, 'height': 1200}",2.0,4.5,3.25,20.0,28.0,24.0,,,,"['friendly', ' intelligent', ' alert', ' energetic', ' happy']","friendly, intelligent, alert, energetic, happy",1,1,1,0,1,0,0,0,https://cdn4.thedogapi.com/optimized/0qgmSrCbvZ.jpg
Pekingese,China,Toy,Lion-like appearance,6,Small,Very High,1.0,With Training,5,Moderate,High,7,"loyal, independent, confident, courageous, affectionate, alert",China,CN,"Small, compact toy dog of Chinese nobility with a long, profuse double coat, distinctive flat-faced expression, rolling gait, and regal bearing originally bred for Chinese royalty",Toy,Ancient breed developed in Chinese imperial court and held sacred in the Imperial Palace in Peking (now Beijing). Exclusively owned by royalty for over 1000 years until Western dogs were brought to England after British troops entered the Forbidden City in 1860 during the Opium Wars.,"{'id': 'QpW51pxyRk', 'url': 'https://cdn4.thedogapi.com/optimized/QpW51pxyRk.jpg', 'width': 1248, 'height': 848}",3.2,6.4,4.800000000000001,15.0,23.0,19.0,12.0,14.0,13.0,"['loyal', ' independent', ' confident', ' courageous', ' affectionate', ' alert']","loyal, independent, confident, courageous, affectionate, alert",1,0,0,0,1,1,0,1,https://cdn4.thedogapi.com/optimized/QpW51pxyRk.jpg
Pembroke Welsh Corgi,Wales,Herding,Short legs long body,9,Small,Moderate,2.0,Yes,8,Moderate,Moderate,5,"intelligent, affectionate, alert, outgoing, playful","Pembrokeshire, Wales",GB,"A low-set, strong, and sturdily built herding dog with short legs, fox-like face, alert expression, and naturally bobbed tail. Known for their intelligence, sturdy build, and distinctive appearance.",Herding,"Ancient herding breed from Pembrokeshire, Wales, brought by Flemish weavers in 1107. Developed as a cattle herding dog, their low stature allowed them to nip at cattle's heels and avoid being kicked. Closely associated with British royalty.","{'id': 'R33EpeVC4M', 'url': 'https://cdn4.thedogapi.com/optimized/R33EpeVC4M.jpg', 'width': 1200, 'height': 896}",11.0,14.0,12.5,25.0,30.0,27.5,12.0,13.0,12.5,"['intelligent', ' affectionate', ' alert', ' outgoing', ' playful']","intelligent, affectionate, alert, outgoing, playful",1,0,1,1,1,0,0,0,https://cdn4.thedogapi.com/optimized/R33EpeVC4M.jpg
Petit Basset Griffon Vendeen,France,Hound,Low-to-the-ground,7,Small,High,2.0,Yes,6,High,Moderate,7,"happy, outgoing, independent, alert, confident, energetic","Vendée, France",FR,"Small, rough-coated French scent hound with sturdy build, distinctive beard and mustache, built low to the ground for hunting rabbit and hare through dense underbrush. Known for their happy demeanor and lively personality.",Hound,"Developed in the 16th century Vendée region of France from larger Grand Griffon Vendéen hounds, bred specifically for hunting rabbit and hare in dense brush. The name describes the breed: Petit (small), Basset (low to the ground), Griffon (rough-coated), and Vendéen (from Vendée). First officially recognized in late 19th century.","{'id': '8pr48PjzQD', 'url': 'https://cdn4.thedogapi.com/optimized/8pr48PjzQD.jpg', 'width': 1232, 'height': 864}",11.0,18.0,14.5,33.0,38.0,35.5,12.0,16.0,14.0,"['happy', ' outgoing', ' independent', ' alert', ' confident', ' energetic']","happy, outgoing, independent, alert, confident, energetic",1,1,0,0,1,1,0,1,https://cdn4.thedogapi.com/optimized/8pr48PjzQD.jpg
Pharaoh Hound,Malta,Hound,Regal appearance,7,Medium,Moderate,2.0,Yes,8,Moderate,Low,7,"intelligent, friendly, playful, alert, affectionate",Malta,MT,"Medium-sized elegant sighthound with short tan coat, alert expression, and distinctive ability to 'blush' on nose and ears when excited. A graceful, powerful, and swift breed of ancient origins.",Hound,"National dog of Malta and ancient breed believed descended from Egyptian hunting dogs brought by Phoenician traders over 2,000 years ago. Known as 'Kelb tal-Fenek' (rabbit dog) in Malta, used for rabbit hunting. One of oldest domesticated breeds with depictions found in ancient Egyptian tombs. Recognized by AKC in 1983.","{'id': 'Byz6mgqEQ', 'url': 'https://cdn2.thedogapi.com/images/Byz6mgqEQ_1280.jpg', 'width': 3918, 'height': 2938}",20.0,25.0,22.5,53.0,64.0,58.5,12.0,14.0,13.0,"['intelligent', ' friendly', ' playful', ' alert', ' affectionate']","intelligent, friendly, playful, alert, affectionate",1,0,1,1,1,0,0,0,https://cdn2.thedogapi.com/images/Byz6mgqEQ_1280.jpg
Pointer,England,Sporting,Distinctive stance,8,Medium,Moderate,2.5,Yes,7,Moderate,Moderate,6,"intelligent, loyal, energetic, affectionate, even-tempered, adaptable",England,GB,"An athletic and graceful medium-large sporting dog renowned for its speed, stamina, and keen nose. Known for its characteristic pointing stance and aristocratic demeanor, the Pointer is a hard-driving hunting companion with exceptional field abilities.",Sporting,"The Pointer's ancestors are believed to have originated in Spain and were brought to England in the early 1700s. Developed by crossing Spanish Pointers with local scent and setter-type dogs, the breed was refined by British sportsmen into the premier bird-hunting gundog known for its iconic pointing stance.","{'id': 'nkXpNZTOqK', 'url': 'https://cdn4.thedogapi.com/optimized/nkXpNZTOqK.jpg', 'width': 1168, 'height': 912}",20.0,34.0,27.0,58.0,71.0,64.5,12.0,17.0,14.5,"['intelligent', ' loyal', ' energetic', ' affectionate', ' even-tempered', ' adaptable']","intelligent, loyal, energetic, affectionate, even-tempered, adaptable",1,1,1,0,0,0,1,0,https://cdn4.thedogapi.com/optimized/nkXpNZTOqK.jpg
Pomeranian,Germany,Toy,Fluffy double coat,8,Small,High,1.0,Yes,7,High,Moderate,7,"alert, intelligent, playful, confident, outgoing",Pomerania region (now parts of Germany and Poland),DE,"Small, compact, active toy spitz breed with abundant fluffy double coat, fox-like expression, and plumed tail carried over the back",Toy,Descended from larger Arctic spitz-type sled dogs and bred down to current small size in the Pomerania region. Popularity greatly increased by Queen Victoria who became a breeder and established distinct breed standards,"{'id': 'zuTzCtrqg3', 'url': 'https://cdn4.thedogapi.com/optimized/zuTzCtrqg3.jpg', 'width': 1136, 'height': 944}",1.4,3.2,2.3,15.0,18.0,16.5,12.0,16.0,14.0,"['alert', ' intelligent', ' playful', ' confident', ' outgoing']","alert, intelligent, playful, confident, outgoing",1,0,1,1,1,0,0,1,https://cdn4.thedogapi.com/optimized/zuTzCtrqg3.jpg
Poodle (Miniature),France,Non-Sporting,Curly hypoallergenic coat,8,Small,Very High,1.5,Yes,8,Low,Low,6,"intelligent, alert, playful, confident, eager to please",Germany,DE,"Elegant, athletic, and intelligent smaller version of the Standard Poodle with a curly, hypoallergenic coat and proud carriage",Non-Sporting,"Originally developed as water retrievers in Germany, the name 'Poodle' comes from German 'pudel' meaning 'to splash in water'. Miniature variety was bred down from Standard Poodles for companionship, circus performance, and truffle hunting","{'id': 'Hkxk4ecVX', 'url': 'https://cdn2.thedogapi.com/images/Hkxk4ecVX_1280.jpg', 'width': 1280, 'height': 853}",4.5,6.8,5.65,25.0,38.0,31.5,12.0,16.0,14.0,"['intelligent', ' alert', ' playful', ' confident', ' eager to please']","intelligent, alert, playful, confident, eager to please",0,0,1,1,1,0,0,1,https://cdn2.thedogapi.com/images/Hkxk4ecVX_1280.jpg
Poodle (Toy),France,Toy,Compact poodle,9,Toy,Very High,1.0,Yes,8,Low,Low,5,"intelligent, alert, confident, playful, affectionate, loyal, outgoing",Germany,DE,"Smallest Poodle variety with dense curly hypoallergenic coat and alert, intelligent demeanor. An elegant, proud companion dog known for exceptional trainability and performing ability.",Toy,Despite association with France the Poodle originated in Germany as water retrieving dog from German pudel meaning to splash in water. The Toy variety was bred down from Standard and Miniature Poodles for urban companionship and prized by aristocracy for intelligence and performing ability. AKC recognition 1887.,"{'id': 'rJFJVxc4m', 'url': 'https://cdn2.thedogapi.com/images/rJFJVxc4m_1280.jpg', 'width': 620, 'height': 403}",1.8,2.7,2.25,20.0,25.0,22.5,10.0,18.0,14.0,"['intelligent', ' alert', ' confident', ' playful', ' affectionate', ' loyal', ' outgoing']","intelligent, alert, confident, playful, affectionate, loyal, outgoing",1,0,1,1,1,0,0,1,https://cdn2.thedogapi.com/images/rJFJVxc4m_1280.jpg
Portuguese Podengo,Portugal,Hound,Perky ears,7,Medium,Moderate,2.0,Yes,8,Moderate,Low,8,"alert, intelligent, energetic, loyal, independent",Portugal,PT,"Ancient multi-purpose hound from Portugal that comes in three sizes (Pequeno, Medio, Grande) and two coat types (smooth and wire). Medium-sized, agile breed with erect ears, wedge-shaped head, and keen sight and scent abilities developed for hunting rabbits and small game",Hound,"Ancient breed dating back over 2000 years, likely descended from dogs brought by Phoenician and Roman traders. Developed in three distinct sizes to hunt different game across various Portuguese terrains, primarily rabbits and small game","{'id': 'yuhm3p2bXC', 'url': 'https://cdn4.thedogapi.com/optimized/yuhm3p2bXC.jpg', 'width': 1136, 'height': 944}",16.0,20.0,18.0,40.0,55.0,47.5,12.0,15.0,13.5,"['alert', ' intelligent', ' energetic', ' loyal', ' independent']","alert, intelligent, energetic, loyal, independent",0,1,1,0,1,1,0,0,https://cdn4.thedogapi.com/optimized/yuhm3p2bXC.jpg
Portuguese Water Dog,Portugal,Sporting,Curly weatherproof coat,8,Medium,High,2.0,Yes,8,Moderate,Moderate,6,"intelligent, loyal, energetic, athletic, eager to please",Portugal,PT,"Athletic, medium-sized working dog with a robust build and webbed feet, known for its single coat of curly or wavy waterproof hair. Originally bred as an all-around fisherman's helper.",Working,"Ancient breed from Portuguese coast, developed as fisherman's helper for herding fish into nets, retrieving tackle, and carrying messages between ships and shore. Nearly extinct in 20th century but saved through dedicated breeding efforts.","{'id': 'R3s06o7M9f', 'url': 'https://cdn4.thedogapi.com/optimized/R3s06o7M9f.jpg', 'width': 1120, 'height': 960}",16.0,27.0,21.5,43.0,58.0,50.5,11.0,13.0,12.0,"['intelligent', ' loyal', ' energetic', ' athletic', ' eager to please']","intelligent, loyal, energetic, athletic, eager to please",0,1,1,0,0,0,0,0,https://cdn4.thedogapi.com/optimized/R3s06o7M9f.jpg
Pudelpointer,Germany,Sporting,Versatile hunting,7,Medium,Moderate,2.5,Yes,8,Moderate,Low,7,"intelligent, loyal, eager to please, work-focused, energetic, playful",Germany,DE,"Medium to large versatile hunting dog combining Poodle intelligence with Pointer field abilities, featuring a distinctive dense wiry coat and keen, energetic temperament bred for exceptional performance in both field and water",Sporting,"Developed in Germany in the late 19th century by Baron von Zedlitz, who crossed German Poodles (Pudel) with English Pointers to create the ideal versatile gundog for field and water work","{'id': 'k2y6PuHMFy', 'url': 'https://cdn4.thedogapi.com/optimized/k2y6PuHMFy.jpg', 'width': 1232, 'height': 864}",20.0,32.0,26.0,53.0,69.0,61.0,11.0,14.0,12.5,"['intelligent', ' loyal', ' eager to please', ' work-focused', ' energetic', ' playful']","intelligent, loyal, eager to please, work-focused, energetic, playful",0,1,1,1,0,0,0,0,https://cdn4.thedogapi.com/optimized/k2y6PuHMFy.jpg
Pug,China,Toy,Wrinkled face,8,Small,Moderate,1.0,Yes,7,Moderate,High,6,"affectionate, playful, friendly, charming, adaptable",China,CN,"Small, compact, and sturdy toy breed with a distinctive wrinkled, short-muzzled face, curled tail, and charming, mischievous personality",Toy,"Ancient breed originating in China as prized companions for Chinese emperors. Brought to Europe in the 16th century by Dutch traders, became official dog of House of Orange in Holland, gained widespread popularity in Victorian England","{'id': 'sKx0rFHMRN', 'url': 'https://cdn4.thedogapi.com/optimized/sKx0rFHMRN.jpg', 'width': 1264, 'height': 832}",6.0,8.0,7.0,25.0,33.0,29.0,,,,"['affectionate', ' playful', ' friendly', ' charming', ' adaptable']","affectionate, playful, friendly, charming, adaptable",1,0,0,1,0,0,1,0,https://cdn4.thedogapi.com/optimized/sKx0rFHMRN.jpg
Pyrenean Mountain Dog,France,Working,Guard dog,7,Giant,High,2.0,Yes,6,High,High,7,"gentle, confident, protective, independent, calm, loyal","Pyrenees Mountains, France",FR,"Large, majestic, and immensely powerful livestock guardian with thick white double coat and natural guardian instincts developed for mountain work",Working,Ancient breed used for centuries by shepherds in the Pyrenees Mountains of France and Spain to guard flocks against predators like wolves and bears. Known as 'Chien de Montagne des Pyrénées' and standardized by the FCI.,"{'id': 'tmAE5C1taz', 'url': 'https://storage.googleapis.com/dog-api-uploads-prod/originals/1b8f2066-261d-46d4-a358-23f61edc5d1a.png', 'width': 2950, 'height': 2242}",39.0,73.0,56.0,63.0,81.0,72.0,10.0,12.0,11.0,"['gentle', ' confident', ' protective', ' independent', ' calm', ' loyal']","gentle, confident, protective, independent, calm, loyal",0,0,0,0,1,1,1,1,https://storage.googleapis.com/dog-api-uploads-prod/originals/1b8f2066-261d-46d4-a358-23f61edc5d1a.png
Rat Terrier,USA,Terrier,Athletic agile,7,Small-Medium,Low,2.0,Yes,7,Moderate,Moderate,7,"alert, intelligent, energetic, friendly, playful, loyal",United States,US,"Compact, energetic American terrier with smooth coat and athletic build, developed as a versatile all-purpose farm dog and vermin hunter",Terrier,"Developed in early 20th century United States from European terriers brought by British migrants, including Fox Terrier and Manchester Terrier, for farm vermin control and companionship. President Theodore Roosevelt was a notable owner and credited with naming the breed. AKC recognition in 2013.","{'id': 'mR1VeAsbKF', 'url': 'https://cdn4.thedogapi.com/optimized/mR1VeAsbKF.jpg', 'width': 1152, 'height': 928}",4.0,11.0,7.5,25.0,46.0,35.5,12.0,18.0,15.0,"['alert', ' intelligent', ' energetic', ' friendly', ' playful', ' loyal']","alert, intelligent, energetic, friendly, playful, loyal",1,1,1,1,1,0,0,0,https://cdn4.thedogapi.com/optimized/mR1VeAsbKF.jpg
Redbone Coonhound,USA,Hound,Redish coat,8,Medium,Moderate,2.0,Yes,6,Moderate,Low,7,"friendly, loyal, eager to please, energetic, affectionate",United States,US,"Medium to large athletic hound with a striking solid red coat, known for its speed, agility, and powerful scenting ability. Sleek and muscular, this breed was developed specifically for hunting raccoons and other game.",Hound,"Developed in the American South, primarily in Georgia, during the late 18th and early 19th centuries by Scottish immigrants. Created from red-colored Irish Foxhounds and Bloodhounds to produce a fast, hot-nosed hound for trailing and treeing raccoons and larger game. The breed name is attributed to early breeder Peter Redbone. Recognized by the AKC in 2009.","{'id': 'HJMzEl5N7', 'url': 'https://cdn2.thedogapi.com/images/HJMzEl5N7_1280.jpg', 'width': 1537, 'height': 1323}",20.0,32.0,26.0,53.0,69.0,61.0,12.0,15.0,13.5,"['friendly', ' loyal', ' eager to please', ' energetic', ' affectionate']","friendly, loyal, eager to please, energetic, affectionate",1,1,1,0,0,0,0,0,https://cdn2.thedogapi.com/images/HJMzEl5N7_1280.jpg
Rhodesian Ridgeback,Africa,Hound,Ridge of fur on back,6,Large,Moderate,2.5,With Training,8,Moderate,Moderate,7,"loyal, intelligent, confident, independent, affectionate",Southern Africa,ZA,"Large, muscular, and athletic hound with a distinctive ridge of hair running along its back, originally bred to hunt lions in Africa. Known for their dignified, even-tempered nature and loyal disposition.",Hound,"Developed in Southern Africa by crossing native ridged Khoikhoi dogs with European breeds like Mastiffs and Greyhounds. Bred by farmers and hunters for tracking and holding big game, notably lions, at bay. Recognized by South African Kennel Union in the 1920s.","{'id': 'Q3DE5jQ8fR', 'url': 'https://cdn4.thedogapi.com/optimized/Q3DE5jQ8fR.jpg', 'width': 1264, 'height': 832}",29.0,41.0,35.0,61.0,69.0,65.0,10.0,12.0,11.0,"['loyal', ' intelligent', ' confident', ' independent', ' affectionate']","loyal, intelligent, confident, independent, affectionate",1,0,1,0,0,1,0,1,https://cdn4.thedogapi.com/optimized/Q3DE5jQ8fR.jpg
Rottweiler,Germany,Working,Powerful guarding,7,Large,Moderate,2.0,With Training,8,High,High,8,"confident, loyal, courageous, calm, protective, affectionate","Rottweil, Germany",DE,"Large, robust, muscular working dog with black coat and tan markings, known for great strength, protective instincts, and confident temperament. A loyal and loving guardian breed.",Working,"Descended from Roman drover dogs, developed in the German town of Rottweil as cattle herders and guard dogs. Known as the 'Butcher's Dog of Rottweil', they protected butchers' money to and from market. Numbers declined with advent of railroads but was revived in early 20th century. Later used for protection and police work","{'id': 'LxI7Kkc5oH', 'url': 'https://cdn4.thedogapi.com/optimized/LxI7Kkc5oH.jpg', 'width': 1184, 'height': 896}",36.0,61.0,48.5,56.0,69.0,62.5,9.0,10.0,9.5,"['confident', ' loyal', ' courageous', ' calm', ' protective', ' affectionate']","confident, loyal, courageous, calm, protective, affectionate",1,0,0,0,1,0,1,1,https://cdn4.thedogapi.com/optimized/LxI7Kkc5oH.jpg
Saint Bernard,Switzerland,Working,Large size,9,Giant,High,2.0,Yes,6,High,Moderate,7,"gentle, friendly, calm, patient, loyal, protective",Switzerland,CH,"A powerful, giant-sized working breed from the Swiss Alps with distinctive markings and massive head, originally bred for mountain rescue. Known for its gentle, patient nature and calm temperament.",Working,Developed by monks at the Great St. Bernard Hospice on the border of Switzerland and Italy for rescue work in treacherous Alpine conditions. Used to locate and rescue travelers lost in snow and fog of dangerous Alpine passes,"{'id': 'K9nzmg0TL', 'url': 'https://cdn2.thedogapi.com/images/K9nzmg0TL.jpg', 'width': 1080, 'height': 1350}",54.0,82.0,68.0,66.0,76.0,71.0,8.0,10.0,9.0,"['gentle', ' friendly', ' calm', ' patient', ' loyal', ' protective']","gentle, friendly, calm, patient, loyal, protective",1,0,0,0,1,0,1,0,https://cdn2.thedogapi.com/images/K9nzmg0TL.jpg
Saluki,Middle East,Hound,Slender elegant,6,Medium,Moderate,2.5,No,7,Moderate,Moderate,7,"gentle, independent, intelligent, devoted, calm, reserved",Middle East (Fertile Crescent),EG,"Ancient, elegant sighthound of the Middle East with graceful build, feathered ears and tail, known for extraordinary speed, endurance, and dignified nature. Bred for hunting gazelle across desert terrain.",Hound,"One of the most ancient domesticated dog breeds, treasured by royalty and Bedouin tribes for thousands of years. Considered sacred by Muslims and revered throughout the Middle East for hunting gazelle and swift prey across desert terrain.","{'id': 'VdUHW9aaz', 'url': 'https://cdn2.thedogapi.com/images/VdUHW9aaz.jpg', 'width': 1280, 'height': 1920}",16.0,29.0,22.5,58.0,71.0,64.5,10.0,17.0,13.5,"['gentle', ' independent', ' intelligent', ' devoted', ' calm', ' reserved']","gentle, independent, intelligent, devoted, calm, reserved",1,0,1,0,0,1,1,0,https://cdn2.thedogapi.com/images/VdUHW9aaz.jpg
Samoyed,Siberia,Working,Fluffy white coat,9,Medium,High,2.0,Yes,7,High,Moderate,7,"friendly, gentle, adaptable, alert, intelligent, playful",Siberia,RU,"A powerful and graceful medium to large Arctic spitz breed with a thick, all-white double coat and distinctive 'Samoyed smile' created by the upturned corners of the mouth",Working,"Ancient breed developed by the nomadic Samoyede people of Siberia over 3,000 years ago for herding reindeer, pulling sleds, and companionship. Their thick coats protected them from brutal climate, and they often slept with families for warmth. Brought out of Siberia in late 19th and early 20th centuries. Recognized by AKC in 1906.","{'id': 'bLkWhvuqNJ', 'url': 'https://cdn4.thedogapi.com/optimized/bLkWhvuqNJ.jpg', 'width': 1024, 'height': 1040}",16.0,29.0,22.5,48.0,60.0,54.0,12.0,14.0,13.0,"['friendly', ' gentle', ' adaptable', ' alert', ' intelligent', ' playful']","friendly, gentle, adaptable, alert, intelligent, playful",1,0,1,1,1,0,1,0,https://cdn4.thedogapi.com/optimized/bLkWhvuqNJ.jpg
Schipperke,Belgium,Non-Sporting,Tailless appearance,7,Small,Moderate,2.0,No,7,Moderate,Moderate,7,"alert, confident, energetic, intelligent, independent, curious",Belgium,BE,"Small, compact, tailless spitz-type dog with a distinctive fox-like face, thick double coat, and abundant ruff around the neck. Known as the 'little captain', this agile black dog has a confident demeanor and alert expression.",Non-Sporting,Developed in the Flemish regions of Belgium as a canal barge watchdog and ratter. The name means 'little captain' and the breed served as an adept guardian and vermin hunter on Belgian waterways for centuries.,"{'id': 'fWSbovpqXi', 'url': 'https://cdn4.thedogapi.com/optimized/fWSbovpqXi.jpg', 'width': 1200, 'height': 896}",4.5,7.0,5.75,25.0,33.0,29.0,12.0,14.0,13.0,"['alert', ' confident', ' energetic', ' intelligent', ' independent', ' curious']","alert, confident, energetic, intelligent, independent, curious",0,1,1,1,1,1,0,1,https://cdn4.thedogapi.com/optimized/fWSbovpqXi.jpg
Scottish Deerhound,Scotland,Hound,Greyhound-like,6,Large,Moderate,2.0,Yes,6,Moderate,Moderate,7,"gentle, dignified, calm, loyal, friendly",Scotland,GB,"Large, athletic sighthound with rough, wiry coat and dignified bearing, often called the 'Royal Dog of Scotland', bred for coursing giant red deer in the Scottish Highlands",Hound,"Ancient sighthound breed developed in Scottish Highlands to hunt giant wild red deer. Once so prized that ownership was restricted to nobility, nearly went extinct with decline of clan system but was revived in 19th century. Recognized by AKC in 1886.","{'id': 'i9G4f21V3R', 'url': 'https://cdn4.thedogapi.com/optimized/i9G4f21V3R.jpg', 'width': 1264, 'height': 832}",34.0,50.0,42.0,71.0,81.0,76.0,8.0,11.0,9.5,"['gentle', ' dignified', ' calm', ' loyal', ' friendly']","gentle, dignified, calm, loyal, friendly",1,0,0,0,0,0,1,1,https://cdn4.thedogapi.com/optimized/i9G4f21V3R.jpg
Scottish Terrier,Scotland,Terrier,Sturdy low-set,7,Small,Moderate,1.5,Yes,6,Moderate,High,7,"confident, independent, alert, intelligent, loyal",Scotland,GB,"Small, compact, and sturdy terrier with a distinctive wiry coat, erect ears, beard and eyebrows, and dignified, confident presence",Terrier,"One of Scotland's oldest Highland terrier breeds, developed in the Scottish Highlands for hunting vermin in difficult terrain. Recognized by The Kennel Club (UK) in 1883 and the AKC in 1885.","{'id': 'Bklnce5NX', 'url': 'https://cdn2.thedogapi.com/images/Bklnce5NX_1280.jpg', 'width': 1280, 'height': 976}",8.0,10.0,9.0,25.0,28.0,26.5,12.0,15.0,13.5,"['confident', ' independent', ' alert', ' intelligent', ' loyal']","confident, independent, alert, intelligent, loyal",0,0,1,0,1,1,0,1,https://cdn2.thedogapi.com/images/Bklnce5NX_1280.jpg
Shetland Sheepdog,Scotland,Herding,Miniature Collie,9,Medium,High,2.0,Yes,8,High,Moderate,5,"intelligent, loyal, alert, playful, gentle, eager to please","Shetland Islands, Scotland",GB,"Small, agile herding dog from the Shetland Islands, resembling a miniature Rough Collie with a dense double coat, intelligent expression, and alert demeanor. A distinct breed known for its bright, playful nature and collie-like appearance.",Herding,"Developed in the rugged Shetland Islands of Scotland as a small, hardy herding dog for sheep and ponies in harsh conditions. Created by crossing native dogs with Border Collies, Scotch Collies and possibly Spitz breeds. Recognized by AKC in 1911.","{'id': 'sed3BFUfdo', 'url': 'https://cdn4.thedogapi.com/optimized/sed3BFUfdo.jpg', 'width': 1200, 'height': 896}",7.0,11.0,9.0,33.0,41.0,37.0,12.0,14.0,13.0,"['intelligent', ' loyal', ' alert', ' playful', ' gentle', ' eager to please']","intelligent, loyal, alert, playful, gentle, eager to please",0,0,1,1,1,0,1,0,https://cdn4.thedogapi.com/optimized/sed3BFUfdo.jpg
Shiba Inu,Japan,Non-Sporting,Fox-like expression,7,Small,Moderate,2.0,No,7,Moderate,Moderate,7,"alert, confident, intelligent, independent, loyal, courageous",Japan,JP,"An ancient Japanese spitz breed with a small, compact, well-muscled frame and distinctive fox-like appearance. Known for its spirited personality, confident bearing, and agile movement.",Non-Sporting,"One of Japan's six oldest native breeds, originally developed for hunting small game in mountainous terrain. Nearly extinct after WWII but saved through dedicated breeding programs. First brought to the United States in 1954.","{'id': 'YOZ3-uVvB', 'url': 'https://cdn2.thedogapi.com/images/YOZ3-uVvB.jpg', 'width': 1080, 'height': 1350}",7.0,11.0,9.0,34.0,42.0,38.0,,,,"['alert', ' confident', ' intelligent', ' independent', ' loyal', ' courageous']","alert, confident, intelligent, independent, loyal, courageous",0,0,1,0,1,1,0,1,https://cdn2.thedogapi.com/images/YOZ3-uVvB.jpg
Shih Tzu,China,Toy,Long flowing coat,8,Small,Very High,1.0,Yes,6,Moderate,Moderate,7,"affectionate, playful, outgoing, loyal",Tibet/China,CN,"Small, sturdy toy breed with a distinctive short snout, large dark eyes, and luxurious long flowing double coat. Known for their charming, affectionate companion temperament",Toy,"Ancient breed developed in Tibetan monasteries and refined by imperial breeders in Chinese palace courts. Believed to descend from Tibetan breeds, possibly crosses between Lhasa Apso and Pekingese, prized as house pets for centuries","{'id': 'FpTUahuFwc', 'url': 'https://cdn4.thedogapi.com/optimized/FpTUahuFwc.jpg', 'width': 1152, 'height': 928}",4.0,7.0,5.5,23.0,27.0,25.0,10.0,18.0,14.0,"['affectionate', ' playful', ' outgoing', ' loyal']","affectionate, playful, outgoing, loyal",1,0,0,1,0,0,0,0,https://cdn4.thedogapi.com/optimized/FpTUahuFwc.jpg
Siberian Husky,Siberia,Working,Piercing eyes,8,Medium,Moderate,2.5,Yes,7,Moderate,Moderate,7,"friendly, outgoing, intelligent, alert, gentle, independent, energetic","Siberia, Russia",RU,"Medium-sized, athletic working sled dog with thick double coat, striking wolf-like appearance, and erect triangular ears, bred for endurance sledding in harsh arctic conditions",Working,"Developed by the Chukchi people of Siberia as an endurance sled dog for transportation in harsh arctic conditions. Brought to Alaska in 1908 for sled dog racing, gained fame during the 1925 serum run to Nome, and recognized by AKC in 1930.","{'id': 'S17ZilqNm', 'url': 'https://cdn2.thedogapi.com/images/S17ZilqNm_1280.jpg', 'width': 1920, 'height': 1280}",16.0,27.0,21.5,51.0,60.0,55.5,12.0,14.0,13.0,"['friendly', ' outgoing', ' intelligent', ' alert', ' gentle', ' independent', ' energetic']","friendly, outgoing, intelligent, alert, gentle, independent, energetic",1,1,1,0,1,1,1,0,https://cdn2.thedogapi.com/images/S17ZilqNm_1280.jpg
Skye Terrier,Scotland,Terrier,Long low body,7,Small,Moderate,1.5,No,6,Moderate,Moderate,7,"loyal, courageous, intelligent, calm, confident","Isle of Skye, Scotland",GB,"Long, low-built terrier with flowing double coat that parts down the middle and distinctive feathered ears. Despite its elegant, stylish appearance, this is a hardy and courageous working dog with a dignified demeanor, originally bred for hunting vermin on the Isle of Skye.",Terrier,"Developed on the Isle of Skye in Scotland for hunting fox, otter, and vermin in rocky terrain. Gained popularity in the 19th century when Queen Victoria became a fancier. Made famous by Greyfriars Bobby in Edinburgh. Recognized by AKC in 1887.","{'id': 'EAOmB1oGAh', 'url': 'https://cdn4.thedogapi.com/optimized/EAOmB1oGAh.jpg', 'width': 1200, 'height': 880}",11.0,20.0,15.5,23.0,27.0,25.0,12.0,14.0,13.0,"['loyal', ' courageous', ' intelligent', ' calm', ' confident']","loyal, courageous, intelligent, calm, confident",0,0,1,0,1,0,1,1,https://cdn4.thedogapi.com/optimized/EAOmB1oGAh.jpg
Sloughi,North Africa,Hound,Powerful hunter,6,Medium,Low,2.5,With Training,7,Low,Moderate,7,"independent, gentle, loyal, intelligent, reserved",North Africa,MA,"Ancient, elegant North African sighthound with lean athletic build and smooth short coat, bred by Berber and Bedouin tribes for hunting in desert terrain. Known for its noble, graceful appearance and reserved temperament.",Hound,"Ancient sighthound breed developed by Berber and Bedouin tribes in North Africa for hunting desert game such as gazelle, hare, fox, and jackal over vast distances. Highly prized for speed, endurance, and graceful gait in harsh desert conditions. Recognized by FCI and AKC.","{'id': 'Hty4RiVLuY', 'url': 'https://cdn4.thedogapi.com/optimized/Hty4RiVLuY.jpg', 'width': 928, 'height': 1152}",16.0,32.0,24.0,61.0,74.0,67.5,12.0,15.0,13.5,"['independent', ' gentle', ' loyal', ' intelligent', ' reserved']","independent, gentle, loyal, intelligent, reserved",0,0,1,0,0,1,1,0,https://cdn4.thedogapi.com/optimized/Hty4RiVLuY.jpg
Smooth Fox Terrier,England,Terrier,Energetic,7,Small,Low,2.0,Yes,7,Moderate,Moderate,7,"energetic, alert, intelligent, friendly, courageous, playful",England,GB,"Compact, energetic terrier with a predominantly white, short, smooth coat and keen, alert expression. This sturdy, medium-sized breed combines intelligence with the bold, lively spirit characteristic of terriers.",Terrier,"Developed in England in the 18th-19th century for fox hunting, with their primary role being to 'bolt' foxes from dens. Refined from various terrier breeds and hounds, standardized by English foxhunters. Smooth and Wire Fox Terriers were considered one breed until 1985.","{'id': 'Syszjx9Em', 'url': 'https://cdn2.thedogapi.com/images/Syszjx9Em_1280.jpg', 'width': 1600, 'height': 1031}",7.0,8.5,7.75,36.0,39.0,37.5,12.0,15.0,13.5,"['energetic', ' alert', ' intelligent', ' friendly', ' courageous', ' playful']","energetic, alert, intelligent, friendly, courageous, playful",1,1,1,1,1,0,0,0,https://cdn2.thedogapi.com/images/Syszjx9Em_1280.jpg
Soft-Coated Wheaten Terrier,Ireland,Terrier,Soft wavy coat,8,Medium,High,2.0,Yes,7,Moderate,Moderate,6,"friendly, happy, intelligent, devoted, energetic",Ireland,IE,"Medium-sized, hardy and agile terrier distinguished by its soft, silky, gently waving coat of warm wheaten color and lively expression. Known for their joyful, affectionate nature with a steady, confident temperament.",Terrier,"Ancient Irish breed developed over 200 years as versatile farm dog for herding, guarding property, and vermin control. Known as the 'poor man's Wolfhound,' gained official recognition from Irish Kennel Club in 1937 and AKC in 1973.","{'id': 'ikOLxquC5T', 'url': 'https://cdn4.thedogapi.com/optimized/ikOLxquC5T.jpg', 'width': 1136, 'height': 928}",14.0,18.0,16.0,43.0,48.0,45.5,12.0,15.0,13.5,"['friendly', ' happy', ' intelligent', ' devoted', ' energetic']","friendly, happy, intelligent, devoted, energetic",1,1,1,0,0,0,0,0,https://cdn4.thedogapi.com/optimized/ikOLxquC5T.jpg
Spanish Water Dog,Spain,Sporting,Curly waterproof coat,7,Medium,Very High,2.0,Yes,8,Moderate,Moderate,6,"loyal, intelligent, work-focused, athletic, energetic, alert",Spain,ES,"Medium-sized rustic water dog with distinctive curly woolly coat, athletic build, and versatile multi-purpose working ability",Herding,"Ancient all-purpose farm dog from the Iberian Peninsula, used for centuries in Spain for herding livestock, retrieving waterfowl for hunters, and assisting fishermen. Nearly extinct but successfully revived in the 1970s","{'id': 'HJf4jl9VX', 'url': 'https://cdn2.thedogapi.com/images/HJf4jl9VX_1280.jpg', 'width': 1200, 'height': 922}",14.0,22.0,18.0,40.0,50.0,45.0,12.0,14.0,13.0,"['loyal', ' intelligent', ' work-focused', ' athletic', ' energetic', ' alert']","loyal, intelligent, work-focused, athletic, energetic, alert",0,1,1,0,1,0,0,0,https://cdn2.thedogapi.com/images/HJf4jl9VX_1280.jpg
Spinone Italiano,Italy,Sporting,Shaggy coat,7,Large,High,2.0,Yes,7,Moderate,Moderate,7,"gentle, patient, loyal, intelligent, docile, affectionate",Italy,IT,"Large, robust, and muscular hunting dog with a distinctive dense wiry coat, expressive beard and eyebrows, and patient gentle expression. Built for all-terrain hunting with a rugged yet versatile build and methodical hunting style.",Sporting,"Ancient Italian breed from the Piedmont region dating back to 500 BC, developed as a versatile gundog for hunting in dense, thorny terrain. Known since at least the Renaissance and valued for tracking, pointing and retrieving. The breed faced near extinction after World War II but was revived by dedicated enthusiasts.","{'id': 'AO4eNHKHfu', 'url': 'https://cdn4.thedogapi.com/optimized/AO4eNHKHfu.jpg', 'width': 1200, 'height': 896}",28.0,37.0,32.5,56.0,69.0,62.5,10.0,12.0,11.0,"['gentle', ' patient', ' loyal', ' intelligent', ' docile', ' affectionate']","gentle, patient, loyal, intelligent, docile, affectionate",1,0,1,0,0,0,1,0,https://cdn4.thedogapi.com/optimized/AO4eNHKHfu.jpg
Staffordshire Bull Terrier,England,Terrier,Muscular strength,7,Medium,Low,2.0,Yes,7,Moderate,High,7,"courageous, intelligent, affectionate, loyal, confident, energetic","Staffordshire, England",GB,"Compact, muscular, and stocky terrier with broad head and strong build, known for great strength, agility, courage, and affectionate nature with family",Terrier,"Developed in 19th-century Staffordshire, England by crossing bulldogs with local terriers for bull-baiting and dog fighting. After these sports were banned, breeders refined the breed into the affectionate and reliable family companion known today","{'id': 'H1zSie9V7', 'url': 'https://cdn2.thedogapi.com/images/H1zSie9V7_1280.jpg', 'width': 1280, 'height': 852}",11.0,17.0,14.0,36.0,41.0,38.5,12.0,14.0,13.0,"['courageous', ' intelligent', ' affectionate', ' loyal', ' confident', ' energetic']","courageous, intelligent, affectionate, loyal, confident, energetic",1,1,1,0,1,0,0,1,https://cdn2.thedogapi.com/images/H1zSie9V7_1280.jpg
Standard Schnauzer,Germany,Standard,Distinct beard,7,Medium,High,2.0,Yes,7,Moderate,Moderate,6,"intelligent, alert, energetic, loyal, protective, devoted",Germany,DE,"Medium-sized, robust dog with distinctive beard and eyebrows, square build and wiry coat. An intelligent, high-spirited breed that serves as both a versatile working dog and loyal companion.",Working,"The original Schnauzer breed dating back to the Middle Ages in Germany, developed as versatile farm dogs for guarding property, herding livestock, ratting and exterminating vermin. Recognized by AKC since 1904.","{'id': 'dtz9b2Lrz', 'url': 'https://cdn2.thedogapi.com/images/dtz9b2Lrz.jpg', 'width': 1275, 'height': 1920}",14.0,23.0,18.5,44.0,50.0,47.0,,,,"['intelligent', ' alert', ' energetic', ' loyal', ' protective', ' devoted']","intelligent, alert, energetic, loyal, protective, devoted",1,1,1,0,1,0,0,0,https://cdn2.thedogapi.com/images/dtz9b2Lrz.jpg
Sussex Spaniel,England,Sporting,Low-set body,7,Medium,High,1.5,Yes,6,Moderate,Moderate,6,"calm, gentle, friendly, loyal, alert","Sussex, England",GB,"A long, low, and muscular spaniel with a distinctive rich golden liver coat and rolling gait, bred for hunting in dense undergrowth. Known for its calm and affectionate nature, this massive spaniel moves with deliberate purpose and steady temperament.",Sporting,Developed in Sussex County England in the 18th-19th centuries by landowners specifically for hunting in dense forests and undergrowth. Nearly extinct after WWII but saved by dedicated breeders. Recognized by Kennel Club in 1872 and AKC in 1884.,"{'id': 'mGvB4pgQ05', 'url': 'https://cdn4.thedogapi.com/optimized/mGvB4pgQ05.jpg', 'width': 1440, 'height': 736}",16.0,20.0,18.0,33.0,38.0,35.5,12.0,15.0,13.5,"['calm', ' gentle', ' friendly', ' loyal', ' alert']","calm, gentle, friendly, loyal, alert",1,0,0,0,1,0,1,0,https://cdn4.thedogapi.com/optimized/mGvB4pgQ05.jpg
Swedish Vallhund,Sweden,Herding,Corgi-like,8,Medium,Moderate,2.0,Yes,8,Moderate,Low,7,"alert, energetic, friendly, intelligent, courageous, playful, eager to please",Sweden,SE,"Small, powerful spitz-type herding dog with short legs, pointed ears, curled tail, and distinctive wolf-like markings. This ancient and fearless breed is often referred to as 'the Viking dog' and features a weather-resistant double coat.",Herding,"Ancient Swedish breed dating back over 1,000 years to the Viking era, used as an all-purpose farm dog for herding cattle, vermin control, and guarding. Also called Västgötaspets, believed to share ancestry with the Welsh Corgi. Recognized by Swedish Kennel Club in 1943, AKC in 2007.","{'id': 'HJ-Dix94Q', 'url': 'https://cdn2.thedogapi.com/images/HJ-Dix94Q_1280.jpg', 'width': 1280, 'height': 851}",9.0,16.0,12.5,29.0,35.0,32.0,12.0,15.0,13.5,"['alert', ' energetic', ' friendly', ' intelligent', ' courageous', ' playful', ' eager to please']","alert, energetic, friendly, intelligent, courageous, playful, eager to please",1,1,1,1,1,0,0,0,https://cdn2.thedogapi.com/images/HJ-Dix94Q_1280.jpg
Thai Ridgeback,Thailand,Hound,Ridge of fur on back,6,Medium,Moderate,2.0,With Training,7,Moderate,Moderate,7,"intelligent, loyal, independent, protective, athletic, alert",Thailand,TH,"An ancient, medium-sized hound known for the distinctive ridge of hair running along its back, with a muscular, athletic build and an independent, protective nature",Hound,"An ancient, primitive breed native to eastern Thailand, developed for hunting small game, vermin control, and serving as a guard dog. Its isolation in the region preserved its unique characteristics, including the dorsal ridge, for centuries. One of only three breeds with hair ridge.","{'id': '0mUBUQ68p', 'url': 'https://cdn2.thedogapi.com/images/0mUBUQ68p.jpg', 'width': 1080, 'height': 1196}",16.0,34.0,25.0,51.0,61.0,56.0,12.0,13.0,12.5,"['intelligent', ' loyal', ' independent', ' protective', ' athletic', ' alert']","intelligent, loyal, independent, protective, athletic, alert",0,1,1,0,1,1,0,0,https://cdn2.thedogapi.com/images/0mUBUQ68p.jpg
Tibetan Mastiff,Tibet,Working,Imposing appearance,7,Large,High,2.0,With Training,6,Moderate,Moderate,8,"independent, protective, intelligent, loyal, calm",Tibet,CN,"An ancient and imposing guardian breed with massive size, noble bearing, and dense double coat. Known for its independent nature, impressive presence, and deep, powerful bark.",Working,"Ancient guardian breed developed in the isolated Himalayas, used by Tibetan nomads and monasteries to protect livestock, villages, and property. Considered a progenitor of many modern mastiff breeds.","{'id': 'SkM9sec47', 'url': 'https://cdn2.thedogapi.com/images/SkM9sec47_1280.jpg', 'width': 1600, 'height': 1375}",34.0,73.0,53.5,61.0,74.0,67.5,10.0,12.0,11.0,"['independent', ' protective', ' intelligent', ' loyal', ' calm']","independent, protective, intelligent, loyal, calm",0,0,1,0,1,1,1,0,https://cdn2.thedogapi.com/images/SkM9sec47_1280.jpg
Toy Fox Terrier,USA,Toy,Miniature Fox Terrier,8,Toy,Moderate,1.5,Yes,8,Low,Low,7,"alert, intelligent, energetic, friendly, playful, loyal, outgoing",United States,US,"Small, athletic, elegant terrier with short, fine coat and alert, lively demeanor, combining toy breed size with true terrier temperament and the spirit of a larger dog",Toy,"Developed in the early 20th century in the United States by crossing small Smooth Fox Terriers with toy breeds including Chihuahuas, Manchester Terriers, and Italian Greyhounds to create a smaller, versatile companion and ratter. Recognized by the AKC in 2003.","{'id': 'B17ase9V7', 'url': 'https://cdn2.thedogapi.com/images/B17ase9V7_1280.jpg', 'width': 1200, 'height': 1024}",1.6,3.2,2.4000000000000004,22.0,29.0,25.5,,,,"['alert', ' intelligent', ' energetic', ' friendly', ' playful', ' loyal', ' outgoing']","alert, intelligent, energetic, friendly, playful, loyal, outgoing",1,1,1,1,1,0,0,0,https://cdn2.thedogapi.com/images/B17ase9V7_1280.jpg
Treeing Walker Coonhound,USA,Hound,Tracking ability,8,Medium,Moderate,2.0,Yes,7,Moderate,Moderate,7,"intelligent, confident, friendly, energetic, courageous, alert",United States,US,"Medium to large athletic scent hound with distinctive tricolor coat, bred for tracking and treeing raccoons and other game in rugged terrain. Known for swift endurance, intelligence, and distinctive baying voice.",Hound,"Developed from English Foxhounds brought to colonial America in 1742, specifically refined by Tennessee breeder Thomas Walker and the Walker family in the 1800s for speed, endurance, and ability to track and tree raccoons in American terrain.","{'id': 'SkRpsgc47', 'url': 'https://cdn2.thedogapi.com/images/SkRpsgc47_1280.jpg', 'width': 1920, 'height': 1080}",23.0,32.0,27.5,51.0,69.0,60.0,12.0,13.0,12.5,"['intelligent', ' confident', ' friendly', ' energetic', ' courageous', ' alert']","intelligent, confident, friendly, energetic, courageous, alert",1,1,1,0,1,0,0,1,https://cdn2.thedogapi.com/images/SkRpsgc47_1280.jpg
Welsh Springer Spaniel,Wales,Sporting,Compact build,8,Medium,High,2.0,Yes,7,Moderate,Moderate,6,"friendly, loyal, energetic, intelligent, affectionate, eager to please",Wales,GB,"Medium-sized, compact gundog with a distinctive red and white coat and straight, silky feathering. Known for its happy disposition, boundless energy, and versatility in the field as a sporting spaniel built for endurance.",Sporting,"Ancient Welsh breed developed as a versatile gundog to flush and retrieve game birds, mentioned in Welsh laws dating to 300 AD. Officially recognized as distinct from other land spaniels by The Kennel Club in 1902 and AKC in 1906.","{'id': 'BJ1gnx5Vm', 'url': 'https://cdn2.thedogapi.com/images/BJ1gnx5Vm_1280.jpg', 'width': 1331, 'height': 944}",16.0,25.0,20.5,43.0,48.0,45.5,12.0,15.0,13.5,"['friendly', ' loyal', ' energetic', ' intelligent', ' affectionate', ' eager to please']","friendly, loyal, energetic, intelligent, affectionate, eager to please",1,1,1,0,0,0,0,0,https://cdn2.thedogapi.com/images/BJ1gnx5Vm_1280.jpg
Welsh Terrier,Wales,Terrier,Distinctive eyebrows,7,Medium,Moderate,1.5,Yes,7,Moderate,Moderate,7,"friendly, alert, intelligent, spirited, energetic, confident",Wales,GB,"Compact, sturdy medium-sized terrier with distinctive harsh wiry black and tan coat and lively, spirited expression. One of the oldest terrier breeds from Wales, known for its rugged build and friendly disposition.",Terrier,"One of the oldest terrier breeds, originating in Wales where it was developed for hunting fox, badger, otter, and vermin. Originally known as the Old English Terrier or Black-and-Tan Wire Haired Terrier, it was formally recognized by The Kennel Club in 1886 and AKC in 1888.","{'id': 'HJdtpv2T4l', 'url': 'https://cdn4.thedogapi.com/optimized/HJdtpv2T4l.jpg', 'width': 1168, 'height': 912}",9.0,10.0,9.5,38.0,39.0,38.5,12.0,15.0,13.5,"['friendly', ' alert', ' intelligent', ' spirited', ' energetic', ' confident']","friendly, alert, intelligent, spirited, energetic, confident",1,1,1,0,1,0,0,1,https://cdn4.thedogapi.com/optimized/HJdtpv2T4l.jpg
West Highland White Terrier,Scotland,Terrier,White coat,8,Small,Moderate,1.5,Yes,7,Moderate,Moderate,7,"confident, alert, playful, loyal, independent",Scotland,GB,"Small, sturdy, and confident terrier from Scotland, characterized by its distinctive dense white double coat, bright inquisitive expression, and lively personality",Terrier,"Developed in the Scottish Highlands to hunt fox, badger, and other vermin. Colonel Edward Donald Malcolm of Poltalloch is credited with developing the modern white breed after one of his reddish terriers was mistaken for a fox and shot, leading him to breed only for white dogs to avoid future hunting accidents","{'id': 'Bkdx2g5Em', 'url': 'https://cdn2.thedogapi.com/images/Bkdx2g5Em_1280.jpg', 'width': 1065, 'height': 1032}",6.0,10.0,8.0,23.0,28.0,25.5,,,,"['confident', ' alert', ' playful', ' loyal', ' independent']","confident, alert, playful, loyal, independent",0,0,0,1,1,1,0,1,https://cdn2.thedogapi.com/images/Bkdx2g5Em_1280.jpg
Whippet,England,Hound,Miniature Greyhound,7,Medium,Low,2.0,Yes,8,Low,Low,6,"gentle, affectionate, calm, intelligent, playful",England,GB,"Medium-sized, sleek sighthound known for its elegant athletic build with distinctive 'inverted S' shape, explosive bursts of speed, and gentle nature. Originally known as the 'poor man's racehorse'.",Hound,"Developed in Northern England during the 18th-19th centuries by working-class families, crossing small Greyhounds with fast terriers for rabbit coursing and racing. Recognized by AKC and The Kennel Club.","{'id': 'Hyv-ne94m', 'url': 'https://cdn2.thedogapi.com/images/Hyv-ne94m_1280.jpg', 'width': 1600, 'height': 1071}",11.0,18.0,14.5,46.0,56.0,51.0,12.0,15.0,13.5,"['gentle', ' affectionate', ' calm', ' intelligent', ' playful']","gentle, affectionate, calm, intelligent, playful",1,0,1,1,0,0,1,0,https://cdn2.thedogapi.com/images/Hyv-ne94m_1280.jpg
Wire Fox Terrier,England,Terrier,Energetic,7,Small,Moderate,2.0,Yes,7,Moderate,Moderate,7,"alert, confident, energetic, intelligent, playful",England,GB,"Small, compact terrier with distinctive dense wiry coat, beard, and alert expression. This bold, energetic breed was developed for fox hunting and combines confidence with an independent spirit.",Terrier,"Developed in England in the 18th-19th century for fox hunting, working to bolt foxes above and below ground alongside hounds. One of the oldest terrier breeds recognized by major kennel clubs.","{'id': 'lYxCEtfMI1', 'url': 'https://cdn4.thedogapi.com/optimized/lYxCEtfMI1.jpg', 'width': 1136, 'height': 944}",6.8,8.6,7.699999999999999,36.0,39.0,37.5,12.0,15.0,13.5,"['alert', ' confident', ' energetic', ' intelligent', ' playful']","alert, confident, energetic, intelligent, playful",0,1,1,1,1,0,0,1,https://cdn4.thedogapi.com/optimized/lYxCEtfMI1.jpg
Wirehaired Pointing Griffon,Netherlands,Sporting,Shaggy beard,7,Medium,High,2.0,Yes,7,Moderate,Moderate,6,"friendly, intelligent, eager to please, loyal, energetic",Netherlands/France,FR,"Medium-sized versatile gundog with distinctive harsh, wiry coat and characteristic beard and eyebrows. Known as the 'supreme gundog' with excellent pointing and retrieving abilities and an intelligent, friendly disposition.",Sporting,"Developed in the late 19th century by Dutch breeder Eduard Korthals, who worked in both Germany and France. His goal was to create the ultimate versatile walking-hunter's gun dog by crossing various pointing breeds, spaniels, and retrievers. Often called 'Korthals Griffon' in his honor.","{'id': 'Bkam2l9Vm', 'url': 'https://cdn2.thedogapi.com/images/Bkam2l9Vm_1280.jpg', 'width': 2328, 'height': 1604}",16.0,32.0,24.0,51.0,61.0,56.0,12.0,15.0,13.5,"['friendly', ' intelligent', ' eager to please', ' loyal', ' energetic']","friendly, intelligent, eager to please, loyal, energetic",1,1,1,0,0,0,0,0,https://cdn2.thedogapi.com/images/Bkam2l9Vm_1280.jpg
Xoloitzcuintli,Mexico,Non-Sporting,Hairless variety,7,Small-Large,Low,2.0,With Training,8,Low,Moderate,6,"calm, loyal, alert, intelligent, affectionate, protective",Mexico,MX,"Ancient hairless breed from Mexico available in three sizes (toy, miniature, and standard) and two coat varieties (hairless and coated), known for its loyal, calm, and alert temperament",Non-Sporting,"Ancient breed dating back over 3,000 years with archaeological evidence of existence in Mexico. Highly prized by Aztecs, Maya, and other ancient cultures as companions, healers, guards, and ceremonial dogs. According to myth, believed to guide souls to the afterlife. Nearly extinct but revived in 1950s and recognized by AKC in three sizes.","{'id': 'HkNS3gqEm', 'url': 'https://cdn2.thedogapi.com/images/HkNS3gqEm_1280.jpg', 'width': 1500, 'height': 1350}",4.5,25.0,14.75,25.0,60.0,42.5,,,,"['calm', ' loyal', ' alert', ' intelligent', ' affectionate', ' protective']","calm, loyal, alert, intelligent, affectionate, protective",1,0,1,0,1,0,1,0,https://cdn2.thedogapi.com/images/HkNS3gqEm_1280.jpg
Yorkshire Terrier,England,Toy,Long silky coat,8,Toy,High,1.0,Yes,7,Moderate,Moderate,6,"confident, courageous, energetic, affectionate, alert, intelligent","Yorkshire, England",GB,"Small toy terrier with long, silky steel blue and golden tan coat and confident, spirited personality. Despite their tiny size, these feisty dogs possess the bold terrier temperament in a compact package.",Toy,"Developed during the Industrial Revolution in Yorkshire and Lancashire by Scottish weavers and mill workers. Bred to catch rats in textile mills and mines, combining various terrier breeds including the now-extinct Paisley and Clydesdale Terriers.","{'id': 'EBxFXxL6xN', 'url': 'https://cdn4.thedogapi.com/optimized/EBxFXxL6xN.jpg', 'width': 928, 'height': 1152}",1.8,3.2,2.5,18.0,20.0,19.0,12.0,16.0,14.0,"['confident', ' courageous', ' energetic', ' affectionate', ' alert', ' intelligent']","confident, courageous, energetic, affectionate, alert, intelligent",1,1,1,0,1,0,0,1,https://cdn4.thedogapi.com/optimized/EBxFXxL6xN.jpg
